ts,cell,n_python,total_rss_gb,max_proc_rss_gb,sys_used_gb
2026-09-09 00:45:41,cislunar__raw__search-off,7,0.622,0.389,28.711
2026-09-09 00:46:03,cislunar__raw__search-off,11,2.216,1.043,30.341
2026-09-09 00:46:24,cislunar__raw__search-off,21,3.634,1.762,31.402
2026-09-09 00:46:47,cislunar__raw__search-off,22,3.839,1.829,31.565
2026-09-09 00:47:10,cislunar__raw__search-off,22,4.13,2.117,31.895
2026-09-09 00:47:33,cislunar__raw__search-off,22,4.254,2.242,32.014
2026-09-09 00:47:56,cislunar__raw__search-off,22,4.392,2.379,32.135
2026-09-09 00:48:19,cislunar__raw__search-off,22,4.527,2.512,32.198
2026-09-09 00:48:42,cislunar__raw__search-off,22,4.664,2.647,32.344
2026-09-09 00:49:06,,22,4.799,2.785,32.262
2026-09-09 00:49:29,,22,4.935,2.919,32.389
2026-09-09 00:49:53,,22,5.063,3.048,32.509
2026-09-09 00:50:16,,22,5.196,3.18,32.695
2026-09-09 00:50:39,,22,5.338,3.317,32.846
2026-09-09 00:51:02,,22,5.479,3.461,32.992
2026-09-09 00:51:25,,22,5.621,3.598,33.129
2026-09-09 00:51:48,,22,5.766,3.745,33.229
2026-09-09 00:52:11,,22,5.923,3.9,33.382
2026-09-09 00:52:35,,22,6.087,4.063,33.551
2026-09-09 00:52:57,,22,6.258,4.232,33.735
2026-09-09 00:53:20,,22,6.436,4.412,33.933
2026-09-09 00:53:43,,22,6.642,4.616,34.157
2026-09-09 00:54:06,,22,6.891,4.865,34.39
2026-09-09 00:54:29,,22,7.195,5.172,34.703
2026-09-09 00:54:52,,22,7.518,5.494,35.015
2026-09-09 00:55:15,,22,7.821,5.797,35.327
2026-09-09 00:55:37,,22,8.095,6.071,35.604
2026-09-09 00:56:00,,22,8.285,6.261,35.83
2026-09-09 00:56:23,,22,8.39,6.367,35.922
2026-09-09 00:56:46,,22,8.434,6.41,35.962
2026-09-09 00:57:10,,22,8.476,6.452,35.995
2026-09-09 00:57:34,,22,8.487,6.466,36.023
2026-09-09 00:57:57,,22,8.495,6.474,35.996
2026-09-09 00:58:19,,10,8.002,7.347,35.866
2026-09-09 00:58:41,,10,7.83,7.174,36.286
2026-09-09 00:59:04,,21,13.589,7.174,40.11
2026-09-09 00:59:27,,21,13.604,7.176,40.129
2026-09-09 00:59:51,,21,13.601,7.174,40.108
2026-09-09 01:00:14,,21,13.601,7.174,40.096
2026-09-09 01:00:37,,21,13.602,7.174,40.078
2026-09-09 01:00:59,,21,13.602,7.174,40.076
2026-09-09 01:01:23,,21,13.61,7.181,40.085
2026-09-09 01:01:45,cislunar__raw__search-off,20,6.452,0.552,32.923
2026-09-09 01:02:09,cislunar__raw__search-off,20,6.451,0.552,32.97
2026-09-09 01:02:32,cislunar__raw__search-off,20,6.451,0.552,32.981
2026-09-09 01:02:55,cislunar__raw__search-off,20,8.12,1.706,34.77
2026-09-09 01:03:17,cislunar__raw__search-off,20,9.585,3.17,36.077
2026-09-09 01:03:41,cislunar__raw__search-on,21,7.254,0.822,33.865
2026-09-09 01:04:04,cislunar__raw__search-on,21,9.166,2.734,35.722
2026-09-09 01:04:27,cislunar__raw__search-on,22,8.303,1.762,34.839
2026-09-09 01:04:49,cislunar__raw__search-on,28,8.949,1.762,35.235
2026-09-09 01:05:16,cislunar__raw__search-on,33,9.535,1.762,35.61
2026-09-09 01:05:45,cislunar__raw__search-on,33,9.569,1.781,35.661
2026-09-09 01:06:11,cislunar__raw__search-on,33,9.587,1.796,35.675
2026-09-09 01:06:40,,33,9.601,1.809,35.688
2026-09-09 01:07:08,,33,9.613,1.821,35.73
2026-09-09 01:07:35,,33,9.63,1.837,35.763
2026-09-09 01:08:03,,33,9.664,1.869,35.79
2026-09-09 01:08:33,,33,9.74,1.945,35.868
2026-09-09 01:09:02,,33,9.843,2.043,35.97
2026-09-09 01:09:29,,33,9.907,2.109,36.026
2026-09-09 01:09:58,,33,9.936,2.137,36.075
2026-09-09 01:10:27,,33,9.963,2.161,36.07
2026-09-09 01:10:58,,33,9.989,2.191,36.357
2026-09-09 01:11:27,,33,10.014,2.213,36.066
2026-09-09 01:11:54,,33,10.042,2.239,36.066
2026-09-09 01:12:20,,33,10.076,2.273,36.06
2026-09-09 01:12:48,,33,10.098,2.297,36.095
2026-09-09 01:13:14,,33,10.127,2.323,36.133
2026-09-09 01:13:42,,33,10.156,2.355,36.132
2026-09-09 01:14:09,,33,10.186,2.381,36.095
2026-09-09 01:14:37,,33,10.211,2.408,36.155
2026-09-09 01:15:06,,33,10.241,2.438,36.183
2026-09-09 01:15:34,,33,10.271,2.466,36.275
2026-09-09 01:16:01,,33,10.298,2.494,36.189
2026-09-09 01:16:30,,33,10.321,2.518,36.157
2026-09-09 01:16:57,,33,10.349,2.545,36.215
2026-09-09 01:17:25,,33,10.379,2.576,36.279
2026-09-09 01:17:53,,33,10.404,2.599,36.295
2026-09-09 01:18:20,,33,10.434,2.629,36.271
2026-09-09 01:18:48,,33,10.462,2.657,36.255
2026-09-09 01:19:15,,33,10.487,2.683,36.233
2026-09-09 01:19:43,,33,10.512,2.711,36.258
2026-09-09 01:20:10,,33,10.538,2.735,36.307
2026-09-09 01:20:39,,33,10.564,2.763,36.252
2026-09-09 01:21:05,,33,10.592,2.787,36.338
2026-09-09 01:21:32,,33,10.617,2.81,36.362
2026-09-09 01:22:00,,33,10.639,2.834,36.428
2026-09-09 01:22:27,,33,10.663,2.857,36.437
2026-09-09 01:22:53,,33,10.685,2.88,36.376
2026-09-09 01:23:17,,33,10.712,2.909,36.433
2026-09-09 01:23:42,,33,10.742,2.937,36.369
2026-09-09 01:24:09,,33,10.771,2.965,36.372
2026-09-09 01:24:34,,33,10.791,2.991,36.326
2026-09-09 01:25:00,,33,10.821,3.018,36.238
2026-09-09 01:25:26,,33,10.849,3.045,36.197
2026-09-09 01:25:52,,33,10.879,3.073,36.173
2026-09-09 01:26:18,,33,10.906,3.1,36.238
2026-09-09 01:26:46,,33,10.93,3.126,36.311
2026-09-09 01:27:12,,33,10.958,3.151,36.342
2026-09-09 01:27:39,,33,10.981,3.178,36.275
2026-09-09 01:28:06,,33,11.011,3.203,36.275
2026-09-09 01:28:33,,33,11.032,3.227,36.298
2026-09-09 01:29:02,,33,11.062,3.254,36.383
2026-09-09 01:29:30,,33,11.082,3.277,36.445
2026-09-09 01:30:00,,33,11.108,3.302,36.457
2026-09-09 01:30:28,,33,11.131,3.323,36.503
2026-09-09 01:30:55,,33,11.15,3.346,36.324
2026-09-09 01:31:23,,33,11.177,3.373,36.28
2026-09-09 01:31:52,,33,11.206,3.398,36.314
2026-09-09 01:32:20,,33,11.229,3.421,36.17
2026-09-09 01:32:48,,33,11.253,3.447,36.02
2026-09-09 01:33:17,,33,11.28,3.472,36.051
2026-09-09 01:33:46,,33,11.305,3.501,36.0
2026-09-09 01:34:14,,33,11.331,3.524,35.865
2026-09-09 01:34:45,,33,11.355,3.551,35.785
2026-09-09 01:35:10,,33,11.381,3.574,35.919
2026-09-09 01:35:38,,33,11.413,3.607,36.001
2026-09-09 01:36:07,,33,11.44,3.634,35.921
2026-09-09 01:36:35,,33,11.462,3.655,35.852
2026-09-09 01:37:02,,22,5.727,3.695,31.596
2026-09-09 01:37:27,,22,5.771,3.738,31.546
2026-09-09 01:37:51,,22,5.816,3.782,31.644
2026-09-09 01:38:15,,22,5.866,3.832,31.589
2026-09-09 01:38:38,,22,5.913,3.88,31.667
2026-09-09 01:39:02,,22,5.956,3.925,31.678
2026-09-09 01:39:25,,22,6.0,3.971,31.759
2026-09-09 01:39:49,,22,6.052,4.02,31.76
2026-09-09 01:40:13,,22,6.103,4.073,31.86
2026-09-09 01:40:37,,22,6.164,4.131,31.922
2026-09-09 01:41:01,,22,6.22,4.186,32.02
2026-09-09 01:41:26,,22,6.284,4.251,32.05
2026-09-09 01:41:50,,22,6.343,4.311,32.102
2026-09-09 01:42:15,,22,6.412,4.378,32.499
2026-09-09 01:42:38,,22,5.765,3.863,31.857
2026-09-09 01:43:02,,22,5.27,3.368,32.021
2026-09-09 01:43:26,,22,5.328,3.424,31.89
2026-09-09 01:43:50,,22,5.176,3.271,31.934
2026-09-09 01:44:14,,22,4.954,3.243,32.043
2026-09-09 01:44:36,,22,4.948,3.379,32.171
2026-09-09 01:44:59,,22,5.1,3.532,32.225
2026-09-09 01:45:22,,22,5.307,3.739,32.388
2026-09-09 01:45:45,,22,5.516,3.947,32.461
2026-09-09 01:46:07,,22,5.747,4.177,32.69
2026-09-09 01:46:30,,22,5.978,4.408,32.904
2026-09-09 01:46:55,,23,6.748,4.643,34.448
2026-09-09 01:47:18,,22,6.395,4.824,33.309
2026-09-09 01:47:41,,22,6.562,4.994,33.403
2026-09-09 01:48:05,,23,7.229,5.125,34.661
2026-09-09 01:48:29,,25,8.367,5.223,34.724
2026-09-09 01:48:51,,22,6.901,5.332,33.423
2026-09-09 01:49:15,,22,6.994,5.424,33.399
2026-09-09 01:49:37,,22,7.08,5.509,33.459
2026-09-09 01:49:59,,10,7.43,6.892,29.79
2026-09-09 01:50:20,,10,7.136,6.597,29.571
2026-09-09 01:50:42,,10,7.137,6.597,29.93
2026-09-09 01:51:03,,10,7.147,6.607,29.977
2026-09-09 01:51:25,,10,7.137,6.598,30.055
2026-09-09 01:51:46,cislunar__raw__search-on,9,0.563,0.319,22.662
2026-09-09 01:52:08,cislunar__raw__search-on,9,0.564,0.319,22.72
2026-09-09 01:52:29,cislunar__raw__search-on,9,3.251,2.719,25.331
2026-09-09 01:52:51,cislunar__benef__search-off,10,1.586,1.034,23.628
2026-09-09 01:53:12,cislunar__benef__search-off,12,2.537,1.763,24.844
2026-09-09 01:53:36,cislunar__benef__search-off,27,6.279,1.764,27.765
2026-09-09 01:54:00,cislunar__benef__search-off,27,6.299,1.767,27.823
2026-09-09 01:54:23,cislunar__benef__search-off,29,7.354,1.775,27.928
2026-09-09 01:54:47,cislunar__benef__search-off,29,7.36,1.784,28.091
2026-09-09 01:55:12,cislunar__benef__search-off,29,7.365,1.787,28.109
2026-09-09 01:55:35,cislunar__benef__search-off,29,7.316,1.796,28.087
2026-09-09 01:56:00,,27,6.338,1.803,28.065
2026-09-09 01:56:24,,31,8.379,1.809,28.894
2026-09-09 01:56:49,,32,8.933,1.816,29.275
2026-09-09 01:57:13,,31,8.447,1.823,28.953
2026-09-09 01:57:38,,25,5.32,1.831,26.736
2026-09-09 01:58:11,,23,4.299,1.842,26.93
2026-09-09 01:58:35,,23,4.314,1.854,26.192
2026-09-09 01:59:00,,25,5.261,1.886,26.905
2026-09-09 01:59:24,,25,4.818,1.933,26.892
2026-09-09 01:59:49,,25,4.485,1.981,26.323
2026-09-09 02:00:15,,25,5.511,2.044,27.216
2026-09-09 02:00:38,,25,4.625,2.1,26.539
2026-09-09 02:01:04,,25,4.738,2.16,26.721
2026-09-09 02:01:30,,25,5.748,2.194,27.318
2026-09-09 02:01:56,,23,4.738,2.21,26.729
2026-09-09 02:02:19,,25,5.676,2.221,27.317
2026-09-09 02:02:44,,24,5.298,2.225,27.118
2026-09-09 02:03:08,,22,4.169,2.244,26.193
2026-09-09 02:03:31,,22,4.167,2.245,26.052
2026-09-09 02:03:55,,22,4.188,2.266,26.031
2026-09-09 02:04:18,,22,4.192,2.268,26.104
2026-09-09 02:04:42,,22,4.209,2.284,26.218
2026-09-09 02:05:07,,22,4.219,2.291,26.242
2026-09-09 02:05:32,,22,4.236,2.307,26.264
2026-09-09 02:05:55,,22,4.412,2.316,26.889
2026-09-09 02:06:18,,22,4.427,2.329,26.822
2026-09-09 02:06:41,,22,4.436,2.339,26.747
2026-09-09 02:07:05,,22,4.454,2.356,26.741
2026-09-09 02:07:27,,22,4.466,2.368,26.753
2026-09-09 02:07:51,,22,4.481,2.381,26.903
2026-09-09 02:08:14,,22,4.492,2.395,26.71
2026-09-09 02:08:37,,22,4.505,2.406,26.691
2026-09-09 02:09:00,,22,4.522,2.423,26.68
2026-09-09 02:09:22,,22,4.534,2.435,26.597
2026-09-09 02:09:45,,22,4.547,2.448,26.654
2026-09-09 02:10:08,,22,4.565,2.467,26.662
2026-09-09 02:10:33,,22,4.574,2.473,26.781
2026-09-09 02:10:57,,22,4.593,2.492,26.801
2026-09-09 02:11:21,,22,4.607,2.504,26.684
2026-09-09 02:11:46,,22,4.618,2.515,26.74
2026-09-09 02:12:09,,22,4.635,2.531,26.734
2026-09-09 02:12:33,,22,4.647,2.542,26.715
2026-09-09 02:12:57,,22,4.667,2.561,26.754
2026-09-09 02:13:22,,22,4.68,2.573,26.792
2026-09-09 02:13:45,,22,4.691,2.584,27.115
2026-09-09 02:14:09,,22,4.704,2.599,27.058
2026-09-09 02:14:31,,22,4.72,2.613,27.158
2026-09-09 02:14:54,,22,4.734,2.626,27.094
2026-09-09 02:15:18,,22,4.747,2.639,27.103
2026-09-09 02:15:41,,22,4.761,2.652,27.372
2026-09-09 02:16:04,,22,4.776,2.668,27.131
2026-09-09 02:16:27,,22,4.791,2.681,27.192
2026-09-09 02:16:50,,20,4.792,2.697,27.218
2026-09-09 02:17:14,,22,4.831,2.712,27.317
2026-09-09 02:17:37,,22,4.843,2.723,27.261
2026-09-09 02:18:00,,23,5.366,2.742,27.855
2026-09-09 02:18:24,,24,5.913,2.755,27.752
2026-09-09 02:18:47,,22,4.892,2.771,27.258
2026-09-09 02:19:11,,22,4.902,2.784,27.289
2026-09-09 02:19:35,,23,5.458,2.799,27.868
2026-09-09 02:19:59,,23,5.602,2.81,27.939
2026-09-09 02:20:24,,23,5.609,2.818,27.984
2026-09-09 02:20:49,,23,5.629,2.837,28.003
2026-09-09 02:21:15,,23,5.634,2.841,28.024
2026-09-09 02:21:42,,23,5.653,2.86,28.025
2026-09-09 02:22:07,,23,5.666,2.873,28.084
2026-09-09 02:22:33,,23,5.679,2.884,28.101
2026-09-09 02:22:59,,23,5.693,2.899,28.016
2026-09-09 02:23:24,,23,5.702,2.908,28.039
2026-09-09 02:23:50,,23,5.716,2.924,28.026
2026-09-09 02:24:15,,23,5.731,2.941,28.077
2026-09-09 02:24:40,,23,5.744,2.954,28.094
2026-09-09 02:25:05,,23,5.76,2.966,28.118
2026-09-09 02:25:31,,23,5.78,2.983,28.06
2026-09-09 02:25:57,,23,5.789,2.992,28.107
2026-09-09 02:26:22,,23,5.8,3.005,28.124
2026-09-09 02:26:47,,23,5.812,3.018,28.154
2026-09-09 02:27:13,,24,6.308,3.032,28.59
2026-09-09 02:27:38,,23,5.964,3.046,28.27
2026-09-09 02:28:03,,23,5.985,3.064,28.24
2026-09-09 02:28:27,,23,6.001,3.081,28.261
2026-09-09 02:28:52,,25,7.061,3.093,29.059
2026-09-09 02:29:17,,25,7.069,3.109,29.113
2026-09-09 02:29:44,,24,6.435,3.124,28.85
2026-09-09 02:30:08,,23,6.079,3.138,28.32
2026-09-09 02:30:33,,25,7.136,3.153,29.097
2026-09-09 02:30:57,,25,7.088,3.171,29.057
2026-09-09 02:31:23,,25,7.059,3.186,29.066
2026-09-09 02:31:47,,23,6.137,3.2,28.476
2026-09-09 02:32:11,,25,7.112,3.216,29.18
2026-09-09 02:32:35,,25,7.148,3.234,29.177
2026-09-09 02:32:59,,25,7.155,3.251,29.239
2026-09-09 02:33:23,,25,7.188,3.271,29.26
2026-09-09 02:33:47,,25,7.179,3.286,29.38
2026-09-09 02:34:12,,23,6.238,3.3,29.281
2026-09-09 02:34:37,,23,6.268,3.319,29.345
2026-09-09 02:35:01,,25,7.255,3.335,29.335
2026-09-09 02:35:26,,25,7.268,3.352,29.789
2026-09-09 02:35:51,,23,6.311,3.368,29.937
2026-09-09 02:36:15,,27,8.417,3.386,30.573
2026-09-09 02:36:39,,27,8.435,3.402,30.342
2026-09-09 02:37:03,,29,9.496,3.421,31.102
2026-09-09 02:37:26,,29,9.51,3.435,30.972
2026-09-09 02:37:49,,29,9.53,3.455,31.024
2026-09-09 02:38:12,,29,9.547,3.47,31.009
2026-09-09 02:38:36,,29,9.508,3.49,30.936
2026-09-09 02:38:59,,27,8.54,3.508,30.358
2026-09-09 02:39:23,,27,8.561,3.528,30.328
2026-09-09 02:39:46,,31,10.662,3.542,31.888
2026-09-09 02:40:11,,31,10.68,3.559,31.881
2026-09-09 02:40:34,,27,8.617,3.579,30.435
2026-09-09 02:40:57,,23,6.536,3.599,29.144
2026-09-09 02:41:20,,23,6.562,3.621,28.93
2026-09-09 02:41:43,,23,6.588,3.643,28.981
2026-09-09 02:42:06,,23,6.608,3.663,29.055
2026-09-09 02:42:30,,23,6.629,3.685,29.007
2026-09-09 02:42:53,,23,6.648,3.703,28.951
2026-09-09 02:43:16,,23,6.668,3.725,28.981
2026-09-09 02:43:39,,23,6.691,3.749,29.031
2026-09-09 02:44:04,,23,6.711,3.767,29.048
2026-09-09 02:44:28,,25,6.799,3.789,29.109
2026-09-09 02:44:52,,25,6.825,3.811,29.273
2026-09-09 02:45:17,,25,7.761,3.833,29.899
2026-09-09 02:45:41,,25,7.796,3.855,29.828
2026-09-09 02:46:05,,25,7.844,3.875,29.901
2026-09-09 02:46:30,,23,6.866,3.895,29.229
2026-09-09 02:46:55,,22,6.037,3.912,28.443
2026-09-09 02:47:19,,22,6.06,3.936,28.435
2026-09-09 02:47:42,,22,6.082,3.956,28.471
2026-09-09 02:48:07,,22,6.105,3.978,28.561
2026-09-09 02:48:31,,22,6.127,4.002,28.554
2026-09-09 02:48:55,,22,6.153,4.027,28.579
2026-09-09 02:49:19,,22,6.174,4.049,28.619
2026-09-09 02:49:43,,22,6.2,4.073,28.663
2026-09-09 02:50:08,,22,6.223,4.097,28.684
2026-09-09 02:50:32,,22,6.247,4.119,28.563
2026-09-09 02:50:54,,22,6.271,4.145,28.633
2026-09-09 02:51:19,,22,6.294,4.169,28.727
2026-09-09 02:51:43,,22,6.322,4.194,28.717
2026-09-09 02:52:07,,22,6.343,4.218,28.753
2026-09-09 02:52:31,,22,6.373,4.246,28.758
2026-09-09 02:52:55,,22,6.397,4.27,28.816
2026-09-09 02:53:19,,22,6.423,4.298,28.818
2026-09-09 02:53:43,,22,6.45,4.324,28.875
2026-09-09 02:54:06,,22,6.472,4.347,28.942
2026-09-09 02:54:30,,22,6.504,4.379,28.939
2026-09-09 02:54:54,,24,6.561,4.403,29.014
2026-09-09 02:55:17,,23,6.569,4.429,28.992
2026-09-09 02:55:41,,24,6.616,4.458,29.072
2026-09-09 02:56:05,,22,6.612,4.487,29.0
2026-09-09 02:56:30,,22,6.64,4.513,29.114
2026-09-09 02:56:55,,22,6.665,4.539,29.108
2026-09-09 02:57:18,,22,6.696,4.569,29.225
2026-09-09 02:57:43,,22,6.724,4.597,29.204
2026-09-09 02:58:07,,22,6.754,4.628,29.237
2026-09-09 02:58:31,,22,6.782,4.655,29.307
2026-09-09 02:58:56,,22,6.811,4.684,29.394
2026-09-09 02:59:22,,22,6.837,4.711,29.429
2026-09-09 02:59:47,,22,6.868,4.74,29.526
2026-09-09 03:00:10,,22,6.899,4.771,29.508
2026-09-09 03:00:35,,22,6.928,4.801,29.548
2026-09-09 03:00:58,,22,6.96,4.832,29.505
2026-09-09 03:01:22,,22,6.995,4.864,29.611
2026-09-09 03:01:46,,22,7.031,4.9,29.688
2026-09-09 03:02:10,,22,7.059,4.929,29.659
2026-09-09 03:02:34,,22,7.094,4.964,29.678
2026-09-09 03:02:58,,22,7.128,4.998,29.686
2026-09-09 03:03:22,,22,7.166,5.035,29.695
2026-09-09 03:03:46,,22,7.205,5.074,29.705
2026-09-09 03:04:10,,22,7.242,5.111,29.704
2026-09-09 03:04:33,,22,7.297,5.166,29.789
2026-09-09 03:04:58,,22,7.378,5.248,29.866
2026-09-09 03:05:22,,22,7.454,5.323,29.949
2026-09-09 03:05:45,,22,7.533,5.403,30.068
2026-09-09 03:06:09,,22,7.619,5.488,30.105
2026-09-09 03:06:33,,22,7.705,5.575,30.265
2026-09-09 03:06:56,,22,7.788,5.658,30.289
2026-09-09 03:07:20,,22,7.877,5.747,30.418
2026-09-09 03:07:43,,22,7.967,5.838,30.59
2026-09-09 03:08:07,,22,8.065,5.935,30.66
2026-09-09 03:08:31,,22,8.166,6.036,30.762
2026-09-09 03:08:55,,22,8.268,6.139,30.869
2026-09-09 03:09:19,,22,8.367,6.237,30.972
2026-09-09 03:09:42,,22,8.453,6.323,30.942
2026-09-09 03:10:06,,22,8.526,6.397,31.029
2026-09-09 03:10:30,,22,8.588,6.459,31.124
2026-09-09 03:10:53,,22,8.631,6.502,31.156
2026-09-09 03:11:17,,22,8.66,6.531,31.196
2026-09-09 03:11:42,,22,8.693,6.564,31.18
2026-09-09 03:12:05,,22,8.721,6.592,31.179
2026-09-09 03:12:30,,22,8.735,6.606,31.305
2026-09-09 03:12:54,,22,8.742,6.613,31.322
2026-09-09 03:13:18,,22,8.75,6.622,31.268
2026-09-09 03:13:39,,10,8.121,7.357,31.007
2026-09-09 03:14:01,,10,8.097,7.333,30.949
2026-09-09 03:14:23,,10,8.092,7.327,31.105
2026-09-09 03:14:45,,10,8.093,7.329,30.919
2026-09-09 03:15:07,,10,8.094,7.329,31.048
2026-09-09 03:15:29,,10,8.1,7.334,31.14
2026-09-09 03:15:50,cislunar__benef__search-off,9,0.787,0.525,23.761
2026-09-09 03:16:12,cislunar__benef__search-off,9,0.786,0.525,23.659
2026-09-09 03:16:33,cislunar__benef__search-off,9,3.764,3.015,26.529
2026-09-09 03:16:55,cislunar__benef__search-on,10,2.538,1.773,25.334
2026-09-09 03:17:17,cislunar__benef__search-on,12,2.749,1.764,25.458
2026-09-09 03:17:40,cislunar__benef__search-on,22,3.864,1.764,26.174
2026-09-09 03:18:05,cislunar__benef__search-on,22,3.87,1.764,26.314
2026-09-09 03:18:30,cislunar__benef__search-on,22,3.874,1.764,26.24
2026-09-09 03:18:56,cislunar__benef__search-on,22,3.883,1.768,26.214
2026-09-09 03:19:21,cislunar__benef__search-on,22,3.889,1.771,26.367
2026-09-09 03:19:46,cislunar__benef__search-on,22,3.893,1.776,26.366
2026-09-09 03:20:11,,23,4.249,1.78,26.667
2026-09-09 03:20:36,,22,3.902,1.783,26.398
2026-09-09 03:21:01,,22,3.905,1.786,26.334
2026-09-09 03:21:25,,22,3.91,1.787,26.304
2026-09-09 03:21:50,,22,3.913,1.79,26.317
2026-09-09 03:22:14,,22,3.915,1.793,26.297
2026-09-09 03:22:37,,22,3.924,1.796,26.301
2026-09-09 03:23:01,,22,3.928,1.799,26.313
2026-09-09 03:23:25,,22,3.929,1.8,26.313
2026-09-09 03:23:49,,22,3.934,1.804,26.324
2026-09-09 03:24:13,,22,3.936,1.807,26.334
2026-09-09 03:24:36,,22,3.939,1.809,26.352
2026-09-09 03:24:59,,22,3.939,1.811,26.368
2026-09-09 03:25:23,,22,3.943,1.813,26.317
2026-09-09 03:25:46,,22,3.946,1.816,26.261
2026-09-09 03:26:10,,22,3.95,1.821,26.339
2026-09-09 03:26:34,,22,3.952,1.822,26.405
2026-09-09 03:26:58,,22,3.953,1.824,26.423
2026-09-09 03:27:21,,22,3.953,1.827,26.427
2026-09-09 03:27:45,,22,3.958,1.83,26.434
2026-09-09 03:28:09,,22,3.961,1.832,26.462
2026-09-09 03:28:33,,22,3.964,1.835,26.462
2026-09-09 03:28:57,,22,3.966,1.835,26.452
2026-09-09 03:29:21,,22,3.97,1.84,26.478
2026-09-09 03:29:45,,22,3.975,1.845,26.564
2026-09-09 03:30:10,,22,3.979,1.851,26.593
2026-09-09 03:30:34,,22,3.987,1.859,26.587
2026-09-09 03:30:57,,22,4.001,1.87,26.543
2026-09-09 03:31:21,,22,4.009,1.878,26.56
2026-09-09 03:31:45,,22,4.025,1.897,26.578
2026-09-09 03:32:10,,22,4.044,1.916,26.52
2026-09-09 03:32:34,,22,4.07,1.939,26.598
2026-09-09 03:32:58,,22,4.092,1.96,26.695
2026-09-09 03:33:22,,22,4.117,1.983,26.687
2026-09-09 03:33:46,,22,4.147,2.012,26.73
2026-09-09 03:34:10,,22,4.178,2.045,26.704
2026-09-09 03:34:34,,22,4.202,2.068,26.67
2026-09-09 03:34:58,,22,4.23,2.101,26.664
2026-09-09 03:35:21,,22,4.256,2.125,26.624
2026-09-09 03:35:45,,22,4.28,2.148,26.707
2026-09-09 03:36:10,,22,4.304,2.174,26.733
2026-09-09 03:36:34,,22,4.325,2.191,26.758
2026-09-09 03:36:57,,22,4.334,2.198,26.82
2026-09-09 03:37:21,,22,4.34,2.204,26.796
2026-09-09 03:37:45,,22,4.346,2.211,26.915
2026-09-09 03:38:09,,22,4.35,2.218,26.854
2026-09-09 03:38:33,,22,4.354,2.222,26.879
2026-09-09 03:38:56,,22,4.355,2.222,26.922
2026-09-09 03:39:20,,22,4.356,2.223,26.883
2026-09-09 03:39:44,,22,4.361,2.227,26.788
2026-09-09 03:40:07,,22,4.367,2.235,26.812
2026-09-09 03:40:31,,22,4.377,2.242,26.822
2026-09-09 03:40:55,,22,4.376,2.244,26.881
2026-09-09 03:41:19,,22,4.379,2.246,26.96
2026-09-09 03:41:43,,22,4.385,2.252,26.97
2026-09-09 03:42:07,,23,4.404,2.257,26.913
2026-09-09 03:42:32,,22,4.397,2.265,26.974
2026-09-09 03:42:56,,22,4.4,2.267,26.975
2026-09-09 03:43:19,,22,4.402,2.271,26.941
2026-09-09 03:43:44,,23,4.421,2.273,26.911
2026-09-09 03:44:09,,22,4.414,2.28,26.941
2026-09-09 03:44:33,,22,4.423,2.288,26.965
2026-09-09 03:44:56,,22,4.424,2.29,26.993
2026-09-09 03:45:20,,22,4.43,2.294,27.058
2026-09-09 03:45:43,,22,4.433,2.297,27.037
2026-09-09 03:46:07,,22,4.441,2.307,27.049
2026-09-09 03:46:31,,22,4.449,2.313,27.078
2026-09-09 03:46:55,,22,4.451,2.315,27.071
2026-09-09 03:47:18,,22,4.454,2.318,27.075
2026-09-09 03:47:42,,22,4.46,2.324,27.058
2026-09-09 03:48:05,,22,4.467,2.332,26.978
2026-09-09 03:48:28,,22,4.471,2.336,27.019
2026-09-09 03:48:52,,22,4.475,2.339,27.04
2026-09-09 03:49:16,,22,4.479,2.343,27.143
2026-09-09 03:49:39,,22,4.486,2.351,27.148
2026-09-09 03:50:03,,22,4.494,2.36,27.162
2026-09-09 03:50:27,,22,4.494,2.36,27.111
2026-09-09 03:50:51,,22,4.497,2.362,27.067
2026-09-09 03:51:14,,22,4.506,2.37,27.094
2026-09-09 03:51:38,,22,4.516,2.378,27.117
2026-09-09 03:52:01,,22,4.522,2.383,27.136
2026-09-09 03:52:24,,22,4.524,2.385,27.115
2026-09-09 03:52:48,,22,4.528,2.389,27.15
2026-09-09 03:53:12,,22,4.536,2.4,27.217
2026-09-09 03:53:36,,22,4.542,2.406,27.195
2026-09-09 03:54:00,,22,4.544,2.408,27.145
2026-09-09 03:54:24,,22,4.544,2.41,27.169
2026-09-09 03:54:48,,22,4.555,2.419,27.139
2026-09-09 03:55:11,,22,4.562,2.427,27.163
2026-09-09 03:55:35,,22,4.564,2.431,27.182
2026-09-09 03:55:59,,22,4.567,2.433,27.193
2026-09-09 03:56:23,,22,4.572,2.437,27.211
2026-09-09 03:56:46,,22,4.583,2.448,27.249
2026-09-09 03:57:10,,22,4.589,2.452,27.282
2026-09-09 03:57:34,,22,4.59,2.454,27.356
2026-09-09 03:57:58,,22,4.595,2.459,27.393
2026-09-09 03:58:22,,22,4.602,2.466,27.318
2026-09-09 03:58:46,,22,4.612,2.475,27.316
2026-09-09 03:59:10,,22,4.615,2.477,27.281
2026-09-09 03:59:34,,22,4.616,2.479,27.284
2026-09-09 03:59:58,,22,4.62,2.485,27.289
2026-09-09 04:00:22,,22,4.629,2.494,27.266
2026-09-09 04:00:46,,22,4.635,2.5,27.321
2026-09-09 04:01:10,,22,4.635,2.5,27.33
2026-09-09 04:01:34,,22,4.643,2.506,27.345
2026-09-09 04:01:58,,22,4.655,2.517,27.408
2026-09-09 04:02:22,,22,4.658,2.521,27.26
2026-09-09 04:02:45,,22,4.66,2.523,27.355
2026-09-09 04:03:08,,22,4.666,2.528,27.363
2026-09-09 04:03:31,,22,4.674,2.536,27.322
2026-09-09 04:03:54,,22,4.678,2.54,27.336
2026-09-09 04:04:18,,22,4.685,2.546,27.29
2026-09-09 04:04:41,,22,4.689,2.55,27.318
2026-09-09 04:05:05,,22,4.7,2.561,27.412
2026-09-09 04:05:29,,22,4.702,2.563,27.448
2026-09-09 04:05:52,,22,4.707,2.569,27.435
2026-09-09 04:06:15,,22,4.709,2.57,27.357
2026-09-09 04:06:38,,22,4.72,2.584,27.372
2026-09-09 04:07:02,,22,4.721,2.584,27.529
2026-09-09 04:07:25,,22,4.728,2.591,27.527
2026-09-09 04:07:49,,22,4.731,2.594,27.471
2026-09-09 04:08:12,,22,4.744,2.605,27.575
2026-09-09 04:08:35,,22,4.748,2.608,27.582
2026-09-09 04:09:00,,23,4.769,2.614,27.561
2026-09-09 04:09:23,,22,4.756,2.616,27.516
2026-09-09 04:09:47,,22,4.764,2.626,27.531
2026-09-09 04:10:11,,22,4.769,2.631,27.53
2026-09-09 04:10:34,,22,4.771,2.633,27.534
2026-09-09 04:10:57,,22,4.776,2.637,27.455
2026-09-09 04:11:20,,22,4.786,2.65,27.465
2026-09-09 04:11:43,,22,4.791,2.654,27.476
2026-09-09 04:12:07,,22,4.794,2.656,27.411
2026-09-09 04:12:30,,22,4.8,2.662,27.375
2026-09-09 04:12:52,,22,4.813,2.673,27.421
2026-09-09 04:13:15,,22,4.818,2.679,27.39
2026-09-09 04:13:38,,22,4.822,2.683,27.404
2026-09-09 04:14:01,,22,4.827,2.686,27.343
2026-09-09 04:14:23,,22,4.838,2.696,27.348
2026-09-09 04:14:46,,22,4.843,2.702,27.373
2026-09-09 04:15:09,,22,4.848,2.708,27.457
2026-09-09 04:15:31,,22,4.849,2.711,27.46
2026-09-09 04:15:54,,22,4.86,2.723,27.447
2026-09-09 04:16:17,,22,4.863,2.725,27.446
2026-09-09 04:16:40,,22,4.871,2.732,27.465
2026-09-09 04:17:03,,22,4.877,2.738,27.443
2026-09-09 04:17:26,,22,4.888,2.748,27.53
2026-09-09 04:17:49,,22,4.891,2.75,27.526
2026-09-09 04:18:11,,22,4.895,2.755,27.533
2026-09-09 04:18:34,,22,4.905,2.765,27.509
2026-09-09 04:18:57,,22,4.91,2.77,27.477
2026-09-09 04:19:20,,22,4.913,2.774,27.458
2026-09-09 04:19:43,,22,4.921,2.782,27.393
2026-09-09 04:20:05,,22,4.931,2.791,27.42
2026-09-09 04:20:28,,22,4.933,2.793,27.439
2026-09-09 04:20:50,,22,4.94,2.801,27.44
2026-09-09 04:21:13,,22,4.951,2.81,27.459
2026-09-09 04:21:36,,22,4.958,2.816,27.47
2026-09-09 04:21:58,,22,4.964,2.82,27.481
2026-09-09 04:22:21,,22,4.969,2.827,27.463
2026-09-09 04:22:44,,22,4.978,2.839,27.468
2026-09-09 04:23:06,,22,4.98,2.841,27.479
2026-09-09 04:23:29,,22,4.987,2.848,27.479
2026-09-09 04:23:52,,22,4.991,2.854,27.511
2026-09-09 04:24:15,,22,5.002,2.863,27.493
2026-09-09 04:24:38,,22,5.007,2.867,27.495
2026-09-09 04:25:00,,22,5.018,2.877,27.511
2026-09-09 04:25:23,,22,5.025,2.884,27.511
2026-09-09 04:25:46,,22,5.027,2.886,27.522
2026-09-09 04:26:09,,22,5.036,2.897,27.544
2026-09-09 04:26:31,,22,5.044,2.904,27.548
2026-09-09 04:26:54,,22,5.047,2.908,27.548
2026-09-09 04:27:17,,22,5.058,2.917,27.557
2026-09-09 04:27:40,,22,5.067,2.926,27.526
2026-09-09 04:28:03,,22,5.071,2.929,27.559
2026-09-09 04:28:26,,22,5.077,2.935,27.564
2026-09-09 04:28:48,,22,5.088,2.946,27.576
2026-09-09 04:29:12,,22,5.093,2.951,27.624
2026-09-09 04:29:35,,22,5.098,2.957,27.582
2026-09-09 04:29:58,,22,5.105,2.966,27.566
2026-09-09 04:30:20,,22,5.112,2.973,27.609
2026-09-09 04:30:43,,22,5.115,2.977,27.602
2026-09-09 04:31:07,,22,5.128,2.988,27.62
2026-09-09 04:31:30,,22,5.136,2.995,27.575
2026-09-09 04:31:53,,22,5.143,3.002,27.58
2026-09-09 04:32:16,,22,5.151,3.009,27.601
2026-09-09 04:32:39,,22,5.158,3.017,27.598
2026-09-09 04:33:02,,22,5.163,3.022,27.607
2026-09-09 04:33:24,,22,5.169,3.029,27.614
2026-09-09 04:33:47,,22,5.177,3.038,27.63
2026-09-09 04:34:10,,22,5.181,3.042,27.65
2026-09-09 04:34:33,,22,5.192,3.053,27.618
2026-09-09 04:34:56,,22,5.199,3.06,27.654
2026-09-09 04:35:18,,22,5.206,3.067,27.631
2026-09-09 04:35:40,,22,5.216,3.075,27.646
2026-09-09 04:36:03,,22,5.226,3.084,27.659
2026-09-09 04:36:26,,22,5.233,3.091,27.666
2026-09-09 04:36:48,,22,5.242,3.1,27.663
2026-09-09 04:37:11,,22,5.248,3.105,27.674
2026-09-09 04:37:34,,22,5.258,3.114,27.686
2026-09-09 04:37:57,,22,5.269,3.125,27.704
2026-09-09 04:38:20,,22,5.27,3.127,27.72
2026-09-09 04:38:43,,22,5.279,3.136,27.738
2026-09-09 04:39:06,,22,5.289,3.147,27.793
2026-09-09 04:39:29,,22,5.292,3.149,27.798
2026-09-09 04:39:51,,22,5.305,3.162,27.815
2026-09-09 04:40:14,,22,5.313,3.169,27.83
2026-09-09 04:40:37,,22,5.316,3.172,27.839
2026-09-09 04:41:00,,22,5.331,3.187,27.771
2026-09-09 04:41:22,,22,5.338,3.193,27.759
2026-09-09 04:41:45,,22,5.344,3.2,27.771
2026-09-09 04:42:07,,22,5.355,3.211,27.786
2026-09-09 04:42:30,,22,5.359,3.214,27.802
2026-09-09 04:42:53,,22,5.37,3.225,27.815
2026-09-09 04:43:16,,22,5.378,3.234,27.83
2026-09-09 04:43:38,,22,5.382,3.238,27.837
2026-09-09 04:44:01,,22,5.398,3.253,27.888
2026-09-09 04:44:24,,22,5.404,3.258,27.882
2026-09-09 04:44:47,,22,5.41,3.265,27.88
2026-09-09 04:45:09,,22,5.423,3.278,27.87
2026-09-09 04:45:32,,22,5.426,3.282,27.867
2026-09-09 04:45:55,,22,5.436,3.293,27.872
2026-09-09 04:46:18,,22,5.442,3.3,27.884
2026-09-09 04:46:40,,22,5.454,3.309,27.919
2026-09-09 04:47:03,,22,5.463,3.32,27.934
2026-09-09 04:47:25,,22,5.469,3.325,28.002
2026-09-09 04:47:48,,22,5.48,3.336,28.016
2026-09-09 04:48:11,,22,5.489,3.344,28.037
2026-09-09 04:48:34,,22,5.498,3.353,27.944
2026-09-09 04:48:57,,22,5.509,3.366,27.942
2026-09-09 04:49:19,,22,5.513,3.369,27.958
2026-09-09 04:49:42,,22,5.526,3.382,27.962
2026-09-09 04:50:04,,22,5.531,3.388,27.974
2026-09-09 04:50:28,,22,5.541,3.399,28.028
2026-09-09 04:50:51,,22,5.554,3.409,27.999
2026-09-09 04:51:14,,22,5.563,3.419,28.015
2026-09-09 04:51:36,,22,5.569,3.428,28.036
2026-09-09 04:51:59,,22,5.578,3.435,28.049
2026-09-09 04:52:22,,22,5.589,3.446,28.052
2026-09-09 04:52:45,,22,5.6,3.455,28.077
2026-09-09 04:53:08,,22,5.611,3.466,28.043
2026-09-09 04:53:30,,22,5.621,3.475,28.046
2026-09-09 04:53:53,,22,5.631,3.486,28.053
2026-09-09 04:54:16,,22,5.637,3.492,28.067
2026-09-09 04:54:38,,22,5.645,3.499,28.09
2026-09-09 04:55:01,,22,5.656,3.512,28.106
2026-09-09 04:55:24,,22,5.664,3.519,28.108
2026-09-09 04:55:47,,22,5.676,3.532,28.118
2026-09-09 04:56:10,,22,5.685,3.541,28.132
2026-09-09 04:56:32,,22,5.694,3.55,28.157
2026-09-09 04:56:55,,22,5.704,3.561,28.152
2026-09-09 04:57:18,,22,5.715,3.572,28.247
2026-09-09 04:57:41,,22,5.722,3.58,28.211
2026-09-09 04:58:04,,22,5.728,3.589,28.217
2026-09-09 04:58:26,,22,5.74,3.6,28.185
2026-09-09 04:58:49,,22,5.748,3.608,28.204
2026-09-09 04:59:13,,22,5.763,3.62,28.217
2026-09-09 04:59:36,,22,5.773,3.63,28.228
2026-09-09 04:59:58,,22,5.783,3.64,28.236
2026-09-09 05:00:21,,22,5.792,3.65,28.246
2026-09-09 05:00:44,,22,5.803,3.659,28.337
2026-09-09 05:01:07,,22,5.814,3.672,28.321
2026-09-09 05:01:30,,22,5.825,3.681,28.339
2026-09-09 05:01:53,,22,5.836,3.692,28.355
2026-09-09 05:02:15,,22,5.846,3.701,28.35
2026-09-09 05:02:38,,22,5.857,3.714,28.363
2026-09-09 05:03:01,,22,5.865,3.723,28.384
2026-09-09 05:03:24,,22,5.88,3.736,28.398
2026-09-09 05:03:46,,22,5.889,3.745,28.419
2026-09-09 05:04:09,,22,5.902,3.758,28.435
2026-09-09 05:04:32,,22,5.911,3.767,28.428
2026-09-09 05:04:55,,22,5.923,3.78,28.419
2026-09-09 05:05:18,,22,5.933,3.789,28.43
2026-09-09 05:05:40,,22,5.948,3.804,28.451
2026-09-09 05:06:03,,22,5.955,3.811,28.459
2026-09-09 05:06:26,,22,5.971,3.826,28.49
2026-09-09 05:06:49,,22,5.981,3.837,28.5
2026-09-09 05:07:12,,22,5.992,3.848,28.512
2026-09-09 05:07:34,,22,6.005,3.861,28.494
2026-09-09 05:07:57,,22,6.015,3.87,28.504
2026-09-09 05:08:20,,22,6.029,3.885,28.512
2026-09-09 05:08:42,,22,6.038,3.892,28.489
2026-09-09 05:09:05,,22,6.051,3.907,28.518
2026-09-09 05:09:28,,22,6.06,3.916,28.541
2026-09-09 05:09:51,,22,6.072,3.929,28.568
2026-09-09 05:10:13,,22,6.084,3.94,28.585
2026-09-09 05:10:36,,22,6.098,3.954,28.556
2026-09-09 05:10:59,,22,6.108,3.965,28.579
2026-09-09 05:11:22,,22,6.121,3.978,28.6
2026-09-09 05:11:44,,22,6.13,3.987,28.607
2026-09-09 05:12:08,,22,6.144,4.002,28.629
2026-09-09 05:12:30,,22,6.153,4.011,28.642
2026-09-09 05:12:53,,22,6.172,4.028,28.66
2026-09-09 05:13:16,,22,6.185,4.041,28.69
2026-09-09 05:13:38,,22,6.195,4.052,28.7
2026-09-09 05:14:01,,22,6.205,4.063,28.713
2026-09-09 05:14:24,,22,6.217,4.075,28.681
2026-09-09 05:14:47,,22,6.228,4.086,28.703
2026-09-09 05:15:10,,22,6.239,4.097,28.733
2026-09-09 05:15:34,,22,6.255,4.112,28.936
2026-09-09 05:15:57,,22,6.268,4.125,28.888
2026-09-09 05:16:20,,22,6.286,4.141,28.867
2026-09-09 05:16:42,,22,6.295,4.151,28.893
2026-09-09 05:17:05,,22,6.307,4.164,28.914
2026-09-09 05:17:28,,22,6.321,4.177,28.932
2026-09-09 05:17:51,,22,6.337,4.193,28.876
2026-09-09 05:18:13,,22,6.353,4.208,28.898
2026-09-09 05:18:36,,22,6.364,4.219,28.959
2026-09-09 05:18:58,,22,6.376,4.234,28.972
2026-09-09 05:19:21,,22,6.389,4.247,29.014
2026-09-09 05:19:43,,22,6.406,4.264,29.053
2026-09-09 05:20:06,,22,6.421,4.277,29.022
2026-09-09 05:20:29,,22,6.435,4.291,28.982
2026-09-09 05:20:52,,22,6.451,4.308,28.989
2026-09-09 05:21:14,,22,6.466,4.321,29.029
2026-09-09 05:21:37,,22,6.479,4.336,29.025
2026-09-09 05:21:59,,22,6.493,4.349,29.072
2026-09-09 05:22:22,,22,6.509,4.364,29.116
2026-09-09 05:22:44,,22,6.522,4.377,29.153
2026-09-09 05:23:08,,22,6.537,4.393,29.21
2026-09-09 05:23:30,,22,6.551,4.406,29.167
2026-09-09 05:23:53,,22,6.564,4.421,29.163
2026-09-09 05:24:15,,22,6.58,4.436,29.137
2026-09-09 05:24:38,,22,6.593,4.449,29.13
2026-09-09 05:25:00,,22,6.612,4.467,29.18
2026-09-09 05:25:23,,22,6.624,4.48,29.167
2026-09-09 05:25:45,,22,6.64,4.495,29.222
2026-09-09 05:26:08,,22,6.656,4.511,29.208
2026-09-09 05:26:31,,22,6.667,4.524,29.242
2026-09-09 05:26:53,,22,6.684,4.539,29.238
2026-09-09 05:27:16,,22,6.701,4.555,29.252
2026-09-09 05:27:38,,22,6.714,4.57,29.292
2026-09-09 05:28:01,,22,6.728,4.583,29.37
2026-09-09 05:28:24,,22,6.743,4.599,29.338
2026-09-09 05:28:47,,22,6.76,4.615,29.393
2026-09-09 05:29:09,,22,6.771,4.626,29.351
2026-09-09 05:29:32,,22,6.787,4.643,29.446
2026-09-09 05:29:55,,22,6.799,4.655,29.524
2026-09-11 00:55:34,cislunar__benef__search-on,8,0.633,0.39,20.449
2026-09-11 00:55:55,cislunar__benef__search-on,10,0.758,0.39,20.486
2026-09-11 01:01:07,cislunar__benef__search-on,8,0.634,0.39,20.498
2026-09-11 01:01:28,cislunar__benef__search-on,10,3.497,2.846,23.185
2026-09-11 01:01:49,cislunar__benef__search-on,22,3.626,1.762,23.005
2026-09-11 01:02:25,cislunar__benef__search-on,23,3.753,1.763,23.107
2026-09-11 01:02:48,cislunar__benef__search-on,24,3.776,1.764,23.051
2026-09-11 01:03:18,cislunar__benef__search-on,24,3.782,1.768,23.075
2026-09-11 01:03:47,cislunar__benef__search-on,24,3.793,1.776,23.086
2026-09-11 01:04:16,,24,3.798,1.778,23.05
2026-09-11 01:04:44,,24,3.79,1.784,23.059
2026-09-11 01:05:15,,23,3.787,1.787,23.09
2026-09-11 01:05:41,,23,3.793,1.79,23.084
2026-09-11 01:06:05,,23,3.796,1.796,23.095
2026-09-11 01:06:34,,23,3.794,1.794,23.096
2026-09-11 01:07:05,,23,3.79,1.788,23.1
2026-09-11 01:07:29,,23,3.643,1.686,23.087
2026-09-11 01:07:53,,23,3.444,1.569,23.089
2026-09-11 01:08:17,,23,3.3,1.502,23.083
2026-09-11 01:08:43,,23,3.144,1.425,23.091
2026-09-11 01:09:09,,23,2.983,1.34,23.098
2026-09-11 01:09:37,,23,2.813,1.24,23.161
2026-09-11 01:10:00,,23,2.676,1.162,23.163
2026-09-11 01:10:28,,23,2.525,1.075,22.647
2026-09-11 01:10:55,,23,2.413,1.0,22.611
2026-09-11 01:11:20,,23,2.302,0.936,22.63
2026-09-11 01:11:44,,23,2.184,0.875,22.606
2026-09-11 01:12:07,,23,2.086,0.82,22.613
2026-09-11 01:12:34,,23,1.987,0.768,22.693
2026-09-11 01:13:00,,23,1.896,0.716,22.3
2026-09-11 01:13:24,,23,1.828,0.672,22.294
2026-09-11 01:13:46,,23,1.766,0.641,22.297
2026-09-11 01:14:08,,23,1.71,0.604,22.302
2026-09-11 01:14:29,,23,1.67,0.586,22.292
2026-09-11 01:14:51,,23,1.62,0.561,22.305
2026-09-11 01:15:13,,23,1.578,0.542,22.342
2026-09-11 01:15:35,,23,1.54,0.531,22.339
2026-09-11 01:15:57,,23,1.516,0.525,22.37
2026-09-11 01:16:18,,23,1.486,0.518,22.395
2026-09-11 01:16:40,,23,1.463,0.515,22.412
2026-09-11 01:17:03,,23,1.447,0.515,22.435
2026-09-11 01:17:25,,23,1.431,0.518,22.444
2026-09-11 01:17:47,,23,1.409,0.512,22.497
2026-09-11 01:18:08,,23,1.392,0.509,22.519
2026-09-11 01:18:31,,23,1.367,0.502,22.56
2026-09-11 01:18:52,,23,1.358,0.513,22.561
2026-09-11 01:19:14,,23,1.348,0.515,22.145
2026-09-11 01:19:36,,23,1.332,0.509,22.151
2026-09-11 01:19:58,,23,1.311,0.497,22.165
2026-09-11 01:20:20,,23,1.289,0.481,22.17
2026-09-11 01:20:42,,23,1.297,0.489,22.185
2026-09-11 01:21:03,,23,1.302,0.495,22.198
2026-09-11 01:21:25,,23,1.303,0.495,22.185
2026-09-11 01:21:47,,23,1.309,0.497,22.187
2026-09-11 01:22:08,,23,1.312,0.499,22.204
2026-09-11 01:22:30,,23,1.258,0.444,22.222
2026-09-11 01:22:52,,23,1.184,0.394,22.235
2026-09-11 01:23:14,,23,1.118,0.394,22.229
2026-09-11 01:23:36,,23,1.058,0.394,21.561
2026-09-11 01:23:58,,23,1.013,0.395,21.574
2026-09-11 01:24:20,,23,0.976,0.395,21.577
2026-09-11 01:24:42,,23,0.942,0.385,21.59
2026-09-11 01:25:04,,23,0.923,0.388,21.588
2026-09-11 01:25:26,,23,0.902,0.389,21.566
2026-09-11 01:25:48,,23,0.886,0.389,21.561
2026-09-11 01:26:10,,23,0.892,0.391,21.654
2026-09-11 01:26:32,,23,0.901,0.391,21.639
2026-09-11 01:26:54,,23,0.904,0.392,21.638
2026-09-11 01:27:16,,23,0.894,0.392,21.646
2026-09-11 01:27:38,,23,0.885,0.392,21.637
2026-09-11 01:28:00,,23,0.879,0.392,21.647
2026-09-11 01:28:22,,23,0.883,0.392,21.652
2026-09-11 01:28:44,,23,0.883,0.392,21.664
2026-09-11 01:29:06,,23,0.884,0.393,21.662
2026-09-11 01:29:28,,23,0.884,0.393,21.697
2026-09-11 01:29:50,,23,0.876,0.384,21.668
2026-09-11 01:30:11,,23,0.882,0.386,20.962
2026-09-11 01:30:34,,23,0.877,0.388,20.885
2026-09-11 01:30:56,,23,0.879,0.388,20.784
2026-09-11 01:31:18,,23,0.886,0.39,20.681
2026-09-11 01:31:40,,23,0.889,0.39,20.545
2026-09-11 01:32:02,,23,0.901,0.391,20.537
2026-09-11 01:32:24,,23,0.884,0.391,20.537
2026-09-11 01:32:46,,23,0.885,0.391,20.552
2026-09-11 01:33:08,,23,0.888,0.391,20.545
2026-09-11 01:33:29,,23,0.889,0.391,20.55
2026-09-11 01:33:51,,23,0.894,0.391,20.6
2026-09-11 01:34:13,,23,0.89,0.392,20.596
2026-09-11 01:34:35,,23,0.891,0.392,20.621
2026-09-11 01:34:57,,23,0.893,0.392,20.617
2026-09-11 01:35:19,,23,0.905,0.393,20.61
2026-09-11 01:35:41,,23,0.91,0.393,20.629
2026-09-11 01:36:03,,23,0.904,0.388,20.628
2026-09-11 01:36:25,,23,0.902,0.388,20.627
2026-09-11 01:36:47,,23,0.89,0.389,20.637
2026-09-11 01:37:09,,23,0.886,0.389,20.64
2026-09-11 01:37:31,,23,0.883,0.39,20.654
2026-09-11 01:37:53,,23,0.886,0.392,20.672
2026-09-11 01:38:15,,23,0.888,0.392,20.663
2026-09-11 01:38:37,,23,0.889,0.393,20.636
2026-09-11 01:38:59,,23,0.899,0.395,20.665
2026-09-11 01:39:20,,23,0.895,0.395,20.668
2026-09-11 01:39:42,,23,0.895,0.395,20.664
2026-09-11 01:40:04,,23,0.896,0.395,20.678
2026-09-11 01:40:26,,23,0.908,0.395,20.672
2026-09-11 01:40:48,,23,0.913,0.395,20.687
2026-09-11 01:41:10,,23,0.912,0.396,20.762
2026-09-11 01:41:32,,23,0.909,0.396,20.752
2026-09-11 01:41:54,,23,0.896,0.396,20.748
2026-09-11 01:42:16,,23,0.898,0.396,20.749
2026-09-11 01:42:38,,23,0.883,0.386,20.753
2026-09-11 01:43:00,,23,0.884,0.388,20.755
2026-09-11 01:43:22,,23,0.885,0.389,20.75
2026-09-11 01:43:44,,23,0.897,0.39,20.774
2026-09-11 01:44:06,,23,0.891,0.39,20.784
2026-09-11 01:44:28,,23,0.891,0.39,20.775
2026-09-11 01:44:50,,23,0.894,0.391,20.782
2026-09-11 01:45:11,,23,0.895,0.391,20.776
2026-09-11 01:45:33,,23,0.907,0.391,20.789
2026-09-11 01:45:55,,23,0.908,0.391,20.794
2026-09-11 01:46:17,,23,0.905,0.391,20.784
2026-09-11 01:46:39,,23,0.89,0.392,20.797
2026-09-11 01:47:01,,23,0.895,0.392,20.828
2026-09-11 01:47:22,,23,0.89,0.392,20.822
2026-09-11 01:47:44,,23,0.889,0.392,20.784
2026-09-11 01:48:06,,23,0.89,0.392,20.772
2026-09-11 01:48:28,,23,0.894,0.392,20.832
2026-09-11 01:48:50,,23,0.897,0.392,20.86
2026-09-11 01:49:11,,23,0.893,0.392,20.841
2026-09-11 01:49:33,,23,0.895,0.392,20.836
2026-09-11 01:49:55,,23,0.899,0.392,20.843
2026-09-11 01:50:17,,23,0.91,0.392,20.886
2026-09-11 01:50:39,,23,0.913,0.392,20.89
2026-09-11 01:51:01,,23,0.909,0.392,20.883
2026-09-11 01:51:23,,23,0.899,0.392,20.892
2026-09-11 01:51:45,,23,0.904,0.392,20.907
2026-09-11 01:52:06,,23,0.91,0.392,20.911
2026-09-11 01:52:28,,23,0.913,0.398,20.917
2026-09-11 01:52:50,,23,0.907,0.398,20.927
2026-09-11 01:53:12,,23,0.908,0.398,20.925
2026-09-11 01:53:34,,23,0.917,0.398,20.933
2026-09-11 01:53:56,,23,0.911,0.398,20.946
2026-09-11 01:54:17,,23,0.91,0.398,20.955
2026-09-11 01:54:39,,23,0.912,0.398,20.966
2026-09-11 01:55:01,,23,0.918,0.398,21.043
2026-09-11 01:55:23,,23,0.926,0.398,20.985
2026-09-11 01:55:44,,23,0.928,0.398,20.984
2026-09-11 01:56:06,,23,0.935,0.398,20.975
2026-09-11 01:56:27,,23,0.95,0.398,20.968
2026-09-11 01:56:49,,23,0.952,0.398,20.977
2026-09-11 01:57:11,,23,0.955,0.399,20.984
2026-09-11 01:57:33,,23,0.963,0.4,20.997
2026-09-11 01:57:54,,23,0.974,0.4,21.0
2026-09-11 01:58:15,,23,0.974,0.4,20.991
2026-09-11 01:58:37,,23,0.978,0.4,20.998
2026-09-11 01:58:58,,23,0.983,0.399,21.002
2026-09-11 01:59:20,,23,0.989,0.399,21.051
2026-09-11 01:59:42,,23,0.992,0.399,21.056
2026-09-11 02:00:04,,23,0.994,0.399,21.053
2026-09-11 02:00:25,,23,1.006,0.399,21.041
2026-09-11 02:00:47,,23,1.016,0.399,21.058
2026-09-11 02:01:09,,23,1.016,0.399,21.053
2026-09-11 02:01:31,,23,1.006,0.399,21.062
2026-09-11 02:01:52,,23,0.979,0.4,20.596
2026-09-11 02:02:14,,23,0.954,0.4,20.61
2026-09-11 02:02:35,,23,0.926,0.4,20.606
2026-09-11 02:02:57,,23,0.914,0.4,20.61
2026-09-11 02:03:18,,23,0.916,0.4,20.632
2026-09-11 02:03:40,,23,0.909,0.4,20.631
2026-09-11 02:04:02,,23,0.912,0.401,20.638
2026-09-11 02:04:23,,23,0.919,0.401,20.637
2026-09-11 02:04:45,,23,0.926,0.401,20.64
2026-09-11 02:05:07,,23,0.917,0.399,20.668
2026-09-11 02:05:29,,23,0.907,0.4,20.743
2026-09-11 02:05:51,,23,0.906,0.4,20.71
2026-09-11 02:06:12,,23,0.903,0.4,20.641
2026-09-11 02:06:34,,23,0.893,0.4,20.621
2026-09-11 02:06:56,,23,0.892,0.4,20.63
2026-09-11 02:07:17,,23,0.899,0.4,20.654
2026-09-11 02:07:39,,23,0.905,0.4,20.651
2026-09-11 02:08:01,,23,0.908,0.4,20.674
2026-09-11 02:08:23,,23,0.911,0.4,20.7
2026-09-11 02:08:44,,23,0.914,0.4,20.691
2026-09-11 02:09:06,,23,0.903,0.4,20.83
2026-09-11 02:09:28,,23,0.893,0.4,20.916
2026-09-11 02:09:50,,23,0.893,0.4,21.03
2026-09-11 02:10:12,,23,0.892,0.4,21.058
2026-09-11 02:10:34,,23,0.891,0.4,21.05
2026-09-11 02:10:55,,23,0.891,0.401,21.062
2026-09-11 02:11:17,,23,0.9,0.4,21.073
2026-09-11 02:11:39,,23,0.907,0.401,21.017
2026-09-11 02:12:01,,23,0.902,0.4,21.014
2026-09-11 02:12:23,,23,0.907,0.4,21.036
2026-09-11 02:12:45,,23,0.917,0.4,21.064
2026-09-11 02:13:07,,23,0.919,0.4,21.077
2026-09-11 02:13:29,,23,0.917,0.4,21.093
2026-09-11 02:13:51,,23,0.924,0.4,21.107
2026-09-11 02:14:13,,23,0.939,0.4,21.113
2026-09-11 02:14:35,,23,0.943,0.4,21.128
2026-09-11 02:14:57,,23,0.942,0.4,21.141
2026-09-11 02:15:19,,23,0.948,0.4,21.174
2026-09-11 02:15:41,,23,0.961,0.4,21.167
2026-09-11 02:16:03,,23,0.964,0.4,21.185
2026-09-11 02:16:25,,23,0.961,0.4,21.183
2026-09-11 02:16:47,,23,0.947,0.4,21.177
2026-09-11 02:17:09,,23,0.931,0.4,21.17
2026-09-11 02:17:31,,23,0.909,0.402,21.175
2026-09-11 02:17:52,,23,0.894,0.402,21.175
2026-09-11 02:18:15,,23,0.885,0.403,21.214
2026-09-11 02:18:36,,23,0.89,0.402,21.238
2026-09-11 02:18:58,,23,0.886,0.403,21.27
2026-09-11 02:19:20,,23,0.89,0.403,21.208
2026-09-11 02:19:42,,23,0.901,0.402,21.242
2026-09-11 02:20:04,,23,0.897,0.403,21.269
2026-09-11 02:20:26,,23,0.881,0.403,21.277
2026-09-11 02:20:48,,23,0.878,0.401,21.281
2026-09-11 02:21:10,,23,0.883,0.401,21.324
2026-09-11 02:21:32,,23,0.876,0.401,21.317
2026-09-11 02:21:54,,23,0.888,0.401,21.302
2026-09-11 02:22:16,,23,0.9,0.401,21.306
2026-09-11 02:22:38,,23,0.909,0.401,21.221
2026-09-11 02:23:00,,23,0.91,0.401,21.249
2026-09-11 02:23:22,,23,0.913,0.401,21.254
2026-09-11 02:23:44,,23,0.923,0.401,21.275
2026-09-11 02:24:06,,23,0.905,0.401,21.269
2026-09-11 02:24:28,,23,0.892,0.401,20.781
2026-09-11 02:24:50,,23,0.899,0.401,20.815
2026-09-11 02:25:12,,23,0.89,0.401,20.819
2026-09-11 02:25:34,,23,0.89,0.401,20.796
2026-09-11 02:25:56,,23,0.891,0.401,20.824
2026-09-11 02:26:18,,23,0.911,0.401,20.908
2026-09-11 02:26:40,,23,0.914,0.401,20.868
2026-09-11 02:27:02,,23,0.917,0.401,20.856
2026-09-11 02:27:24,,23,0.927,0.401,20.877
2026-09-11 02:27:46,,23,0.912,0.401,20.909
2026-09-11 02:28:07,,23,0.896,0.401,20.79
2026-09-11 02:28:29,,23,0.9,0.401,20.805
2026-09-11 02:28:50,,23,0.891,0.401,20.816
2026-09-11 02:29:12,,23,0.892,0.401,20.82
2026-09-11 02:29:34,,23,0.908,0.401,20.819
2026-09-11 02:29:55,,23,0.913,0.401,20.835
2026-09-11 02:30:17,,23,0.919,0.401,20.841
2026-09-11 02:30:39,,23,0.937,0.401,20.855
2026-09-11 02:31:00,,23,0.935,0.401,20.87
2026-09-11 02:31:22,,23,0.931,0.401,20.874
2026-09-11 02:31:44,,23,0.931,0.401,20.925
2026-09-11 02:32:07,,23,0.928,0.401,20.927
2026-09-11 02:32:29,,23,0.938,0.401,20.938
2026-09-11 02:32:50,,23,0.935,0.401,20.902
2026-09-11 02:33:12,,23,0.934,0.401,20.898
2026-09-11 02:33:34,,23,0.941,0.401,20.909
2026-09-11 02:33:55,,23,0.935,0.401,20.915
2026-09-11 02:34:17,,23,0.942,0.402,20.937
2026-09-11 02:34:38,,23,0.947,0.402,20.946
2026-09-11 02:35:00,,23,0.951,0.402,20.944
2026-09-11 02:35:22,,23,0.965,0.402,20.91
2026-09-11 02:35:44,,23,0.969,0.402,20.922
2026-09-11 02:36:05,,23,0.978,0.402,20.928
2026-09-11 02:36:27,,23,0.989,0.402,20.943
2026-09-11 02:36:49,,23,0.998,0.402,20.942
2026-09-11 02:37:10,,23,1.016,0.402,20.961
2026-09-11 02:37:32,,23,1.01,0.403,20.994
2026-09-11 02:37:54,,23,0.985,0.403,21.02
2026-09-11 02:38:15,,23,0.966,0.403,21.005
2026-09-11 02:38:37,,23,0.941,0.403,21.007
2026-09-11 02:38:59,,23,0.93,0.403,21.026
2026-09-11 02:39:20,,23,0.915,0.403,21.03
2026-09-11 02:39:42,,23,0.911,0.403,21.039
2026-09-11 02:40:03,,23,0.927,0.403,21.06
2026-09-11 02:40:25,,23,0.928,0.403,21.056
2026-09-11 02:40:46,,23,0.946,0.403,21.075
2026-09-11 02:41:08,,23,0.945,0.403,21.139
2026-09-11 02:41:30,,23,0.942,0.403,21.14
2026-09-11 02:41:51,,23,0.926,0.402,21.134
2026-09-11 02:42:13,,23,0.909,0.402,21.137
2026-09-11 02:42:35,,23,0.908,0.402,21.151
2026-09-11 02:42:56,,23,0.897,0.402,21.158
2026-09-11 02:43:18,,23,0.914,0.402,21.187
2026-09-11 02:43:40,,23,0.923,0.402,21.212
2026-09-11 02:44:01,,23,0.935,0.402,21.176
2026-09-11 02:44:23,,23,0.946,0.402,21.195
2026-09-11 02:44:45,,23,0.938,0.402,21.186
2026-09-11 02:45:06,,23,0.929,0.402,21.206
2026-09-11 02:45:28,,23,0.911,0.402,21.204
2026-09-11 02:45:50,,23,0.912,0.402,21.221
2026-09-11 02:46:11,,23,0.909,0.402,20.653
2026-09-11 02:46:33,,23,0.92,0.402,20.668
2026-09-11 02:46:54,,23,0.93,0.402,20.713
2026-09-11 02:47:16,,23,0.938,0.402,20.709
2026-09-11 02:47:37,,23,0.951,0.402,20.729
2026-09-11 02:47:59,,23,0.937,0.402,20.723
2026-09-11 02:48:21,,23,0.934,0.402,20.763
2026-09-11 02:48:42,,23,0.913,0.402,20.769
2026-09-11 02:49:04,,23,0.921,0.402,20.789
2026-09-11 02:49:26,,23,0.914,0.402,20.799
2026-09-11 02:49:47,,23,0.93,0.402,20.818
2026-09-11 02:50:09,,23,0.938,0.402,20.827
2026-09-11 02:50:30,,23,0.955,0.402,20.845
2026-09-11 02:50:52,,23,0.955,0.403,20.857
2026-09-11 02:51:14,,23,0.942,0.403,20.849
2026-09-11 02:51:35,,23,0.927,0.403,20.85
2026-09-11 02:51:58,,23,0.922,0.403,21.088
2026-09-11 02:52:21,,23,0.917,0.403,21.202
2026-09-11 02:52:43,,23,0.91,0.403,21.239
2026-09-11 02:53:05,,23,0.928,0.404,21.04
2026-09-11 02:53:27,,23,0.933,0.404,21.051
2026-09-11 02:53:49,,23,0.943,0.404,21.08
2026-09-11 02:54:10,,23,0.947,0.404,21.098
2026-09-11 02:54:32,,23,0.931,0.403,21.11
2026-09-11 02:54:54,,23,0.925,0.403,21.107
2026-09-11 02:55:16,,23,0.91,0.403,21.13
2026-09-11 02:55:38,,23,0.907,0.404,21.153
2026-09-11 02:56:00,,23,0.915,0.404,21.211
2026-09-11 02:56:22,,23,0.924,0.404,21.261
2026-09-11 02:56:44,,23,0.944,0.404,21.267
2026-09-11 02:57:06,,23,0.949,0.404,21.246
2026-09-11 02:57:28,,23,0.958,0.404,21.265
2026-09-11 02:57:50,,23,0.965,0.404,21.266
2026-09-11 02:58:12,,23,0.979,0.404,21.249
2026-09-11 02:58:35,,23,0.989,0.404,21.641
2026-09-11 02:58:57,,23,0.996,0.404,21.754
2026-09-11 02:59:20,,23,1.002,0.404,22.008
2026-09-11 02:59:42,,23,1.005,0.404,22.001
2026-09-11 03:00:04,,23,1.015,0.404,22.411
2026-09-11 03:00:26,,23,1.028,0.404,21.274
2026-09-11 03:00:47,,23,1.04,0.404,21.272
2026-09-11 03:01:09,,23,1.053,0.404,21.305
2026-09-11 03:01:31,,23,1.056,0.404,21.285
2026-09-11 03:01:52,,23,1.035,0.404,21.293
2026-09-11 03:02:14,,23,1.012,0.404,21.331
2026-09-11 03:02:36,,23,0.981,0.404,21.319
2026-09-11 03:02:58,,23,0.959,0.404,21.328
2026-09-11 03:03:20,,23,0.944,0.404,21.378
2026-09-11 03:03:41,,23,0.96,0.404,21.411
2026-09-11 03:04:03,,23,0.974,0.404,21.388
2026-09-11 03:04:25,,23,0.983,0.404,21.393
2026-09-11 03:04:46,,23,0.978,0.404,21.429
2026-09-11 03:05:08,,23,0.957,0.404,20.821
2026-09-11 03:05:30,,23,0.941,0.404,20.944
2026-09-11 03:05:52,,23,0.935,0.404,20.918
2026-09-11 03:06:14,,23,0.935,0.404,20.928
2026-09-11 03:06:36,,23,0.94,0.404,20.944
2026-09-11 03:06:58,,23,0.951,0.404,20.953
2026-09-11 03:07:19,,23,0.962,0.404,20.912
2026-09-11 03:07:41,,23,0.971,0.404,20.933
2026-09-11 03:08:03,,23,0.973,0.404,20.94
2026-09-11 03:08:25,,23,0.949,0.404,20.977
2026-09-11 03:08:47,,23,0.939,0.405,20.993
2026-09-11 03:09:08,,23,0.922,0.405,20.998
2026-09-11 03:09:30,,23,0.916,0.405,21.016
2026-09-11 03:09:52,,23,0.925,0.405,21.017
2026-09-11 03:10:13,,23,0.938,0.405,21.067
2026-09-11 03:10:35,,23,0.954,0.405,21.059
2026-09-11 03:10:57,,23,0.965,0.405,21.081
2026-09-11 03:11:18,,23,0.976,0.405,21.088
2026-09-11 03:11:40,,23,0.953,0.403,21.119
2026-09-11 03:12:02,,23,0.937,0.404,21.101
2026-09-11 03:12:23,,23,0.92,0.404,21.099
2026-09-11 03:12:45,,23,0.914,0.404,21.112
2026-09-11 03:13:07,,23,0.922,0.404,21.139
2026-09-11 03:13:28,,23,0.936,0.404,21.142
2026-09-11 03:13:50,,23,0.954,0.404,21.171
2026-09-11 03:14:12,,23,0.963,0.404,21.189
2026-09-11 03:14:33,,23,0.967,0.405,21.227
2026-09-11 03:14:55,,23,0.967,0.405,21.218
2026-09-11 03:15:17,,23,0.969,0.405,21.229
2026-09-11 03:15:39,,23,0.961,0.405,21.227
2026-09-11 03:16:01,,23,0.966,0.405,21.258
2026-09-11 03:16:23,,23,0.983,0.405,21.276
2026-09-11 03:16:45,,23,0.995,0.405,21.285
2026-09-11 03:17:06,,23,0.99,0.405,21.305
2026-09-11 03:17:28,,23,0.975,0.405,21.31
2026-09-11 03:17:50,,23,0.95,0.405,21.346
2026-09-11 03:18:12,,23,0.934,0.405,21.349
2026-09-11 03:18:33,,23,0.921,0.405,21.361
2026-09-11 03:18:55,,23,0.93,0.405,21.358
2026-09-11 03:19:17,,23,0.949,0.406,21.436
2026-09-11 03:19:38,,23,0.959,0.406,21.411
2026-09-11 03:20:00,,23,0.977,0.406,21.45
2026-09-11 03:20:22,,23,0.982,0.407,21.445
2026-09-11 03:20:43,,23,0.965,0.403,21.468
2026-09-11 03:21:05,,23,0.946,0.403,21.462
2026-09-11 03:21:27,,23,0.94,0.403,21.51
2026-09-11 03:21:48,,23,0.94,0.403,21.485
2026-09-11 03:22:10,,23,0.943,0.403,20.924
2026-09-11 03:22:32,,23,0.962,0.403,20.908
2026-09-11 03:22:53,,23,0.973,0.404,20.955
2026-09-11 03:23:15,,23,0.979,0.404,20.946
2026-09-11 03:23:37,,23,0.98,0.404,21.07
2026-09-11 03:23:59,,23,0.954,0.404,21.018
2026-09-11 03:24:21,,23,0.941,0.404,21.021
2026-09-11 03:24:42,,23,0.928,0.404,21.017
2026-09-11 03:25:04,,23,0.933,0.405,21.063
2026-09-11 03:25:26,,23,0.948,0.405,21.07
2026-09-11 03:25:47,,23,0.962,0.405,21.046
2026-09-11 03:26:09,,23,0.978,0.405,21.066
2026-09-11 03:26:30,,23,0.988,0.405,21.108
2026-09-11 03:26:52,,23,0.991,0.405,21.112
2026-09-11 03:27:13,,23,0.974,0.405,21.109
2026-09-11 03:27:35,,23,0.965,0.407,21.123
2026-09-11 03:27:56,,23,0.963,0.407,21.191
2026-09-11 03:28:18,,23,0.972,0.408,21.211
2026-09-11 03:28:40,,23,0.985,0.408,21.141
2026-09-11 03:29:01,,23,1.006,0.408,21.166
2026-09-11 03:29:23,,23,1.011,0.404,21.193
2026-09-11 03:29:45,,23,1.01,0.404,21.173
2026-09-11 03:30:06,,23,1.015,0.404,21.186
2026-09-11 03:30:28,,23,1.01,0.404,21.204
2026-09-11 03:30:50,,23,0.999,0.404,21.201
2026-09-11 03:31:11,,23,1.017,0.404,21.227
2026-09-11 03:31:33,,23,1.046,0.404,21.251
2026-09-11 03:31:55,,23,1.081,0.404,21.303
2026-09-11 03:32:16,,23,1.093,0.404,21.342
2026-09-11 03:32:39,,23,1.084,0.404,21.381
2026-09-11 03:33:01,,23,1.07,0.405,21.417
2026-09-11 03:33:23,,23,1.064,0.405,21.492
2026-09-11 03:33:44,,23,1.108,0.405,21.522
2026-09-11 03:34:06,,23,1.16,0.405,21.572
2026-09-11 03:34:27,,23,1.214,0.405,21.633
2026-09-11 03:34:49,,23,1.273,0.456,21.675
2026-09-11 03:35:11,,23,1.33,0.514,21.746
2026-09-11 03:35:32,,23,1.361,0.545,21.828
2026-09-11 03:35:54,,23,1.304,0.489,21.878
2026-09-11 03:36:16,,23,1.27,0.454,21.928
2026-09-11 03:36:37,,23,1.238,0.422,22.005
2026-09-11 03:36:59,,23,1.231,0.414,22.09
2026-09-11 03:37:21,,23,1.3,0.483,21.457
2026-09-11 03:37:43,,23,1.367,0.549,21.382
2026-09-11 03:38:05,,23,1.445,0.627,21.464
2026-09-11 03:38:27,,23,1.495,0.677,21.55
2026-09-11 03:38:49,,23,1.536,0.718,21.618
2026-09-11 03:39:11,,23,1.617,0.799,21.708
2026-09-11 03:39:32,,23,1.551,0.732,21.797
2026-09-11 03:39:54,,23,1.483,0.664,21.885
2026-09-11 03:40:15,,23,1.44,0.621,21.948
2026-09-11 03:40:37,,23,1.461,0.642,22.029
2026-09-11 03:40:59,,23,1.498,0.679,22.181
2026-09-11 03:41:21,,23,1.451,0.632,22.261
2026-09-11 03:41:42,,23,1.452,0.632,22.309
2026-09-11 03:42:04,,23,1.528,0.708,22.382
2026-09-11 03:42:26,,23,1.615,0.795,22.497
2026-09-11 03:42:48,,23,1.649,0.828,22.593
2026-09-11 03:43:10,,23,1.679,0.855,22.693
2026-09-11 03:43:31,,23,1.649,0.825,22.794
2026-09-11 03:43:52,,23,1.521,0.696,22.279
2026-09-11 03:44:13,,11,6.956,6.315,27.037
2026-09-11 03:44:34,,11,6.589,5.952,26.772
2026-09-11 03:44:55,,11,6.479,5.843,26.894
2026-09-11 03:45:16,,11,6.308,5.673,26.836
2026-09-11 03:45:37,,11,6.309,5.672,26.846
2026-09-11 03:45:57,cislunar__benef__search-on,10,0.657,0.403,20.284
2026-09-11 03:46:18,cislunar__benef__search-on,10,0.66,0.403,20.288
2026-09-11 03:46:39,cislunar__benef__search-on,10,1.142,0.507,20.781
2026-09-11 03:47:00,cislunar__benef__search-on,10,4.194,3.559,23.827
2026-09-11 03:47:21,lunar_surface__raw__search-off,11,3.59,2.936,23.238
2026-09-11 03:47:51,lunar_surface__raw__search-off,23,3.788,1.796,23.083
2026-09-11 03:48:16,lunar_surface__raw__search-off,23,4.039,2.042,23.323
2026-09-11 03:48:39,lunar_surface__raw__search-off,23,4.183,2.189,23.46
2026-09-11 03:49:07,lunar_surface__raw__search-off,23,4.351,2.351,23.625
2026-09-11 03:49:31,lunar_surface__raw__search-off,23,4.452,2.503,23.782
2026-09-11 03:49:56,lunar_surface__raw__search-off,23,4.117,2.398,23.948
2026-09-11 03:50:25,,23,3.502,2.016,24.127
2026-09-11 03:50:48,,23,3.275,1.799,23.9
2026-09-11 03:51:12,,23,3.152,1.676,24.14
2026-09-11 03:51:37,,23,3.143,1.667,23.979
2026-09-11 03:52:01,,23,3.35,1.874,24.304
2026-09-11 03:52:25,,23,3.529,2.052,24.588
2026-09-11 03:52:51,,23,3.841,2.363,24.973
2026-09-11 03:53:14,,23,4.2,2.721,25.357
2026-09-11 03:53:37,,23,4.608,3.129,25.782
2026-09-11 03:54:00,,23,5.005,3.526,26.175
2026-09-11 03:54:23,,23,5.267,3.79,26.422
2026-09-11 03:54:47,,23,5.42,3.943,26.073
2026-09-11 03:55:11,,23,5.557,4.084,26.189
2026-09-11 03:55:39,,23,5.709,4.234,26.296
2026-09-11 03:56:06,,23,5.547,4.072,26.394
2026-09-11 03:56:27,,11,6.744,6.088,27.053
2026-09-11 03:56:48,,11,6.156,5.5,26.679
2026-09-11 03:57:09,,11,6.138,5.481,26.78
2026-09-11 03:57:30,,11,6.139,5.482,26.829
2026-09-11 03:57:51,lunar_surface__raw__search-off,10,0.676,0.405,20.332
2026-09-11 03:58:12,lunar_surface__raw__search-off,10,0.673,0.405,20.317
2026-09-11 03:58:32,lunar_surface__raw__search-off,10,3.383,2.742,23.022
2026-09-11 03:58:53,lunar_surface__raw__search-on,11,3.24,2.583,22.939
2026-09-11 03:59:14,lunar_surface__raw__search-on,22,3.621,1.762,23.016
2026-09-11 03:59:42,lunar_surface__raw__search-on,23,3.799,1.8,23.156
2026-09-11 04:00:10,lunar_surface__raw__search-on,23,3.835,1.839,23.207
2026-09-11 04:00:33,lunar_surface__raw__search-on,23,3.98,1.982,23.332
2026-09-11 04:00:57,lunar_surface__raw__search-on,23,3.981,1.997,23.399
2026-09-11 04:01:24,lunar_surface__raw__search-on,23,3.563,1.851,23.444
2026-09-11 04:01:51,,23,2.954,1.471,23.5
2026-09-11 04:02:20,,23,2.615,1.144,23.048
2026-09-11 04:02:49,,23,2.398,0.93,23.109
2026-09-11 04:03:14,,23,2.245,0.772,23.126
2026-09-11 04:03:37,,23,2.129,0.658,23.202
2026-09-11 04:04:06,,23,2.024,0.551,22.782
2026-09-11 04:04:29,,23,1.953,0.477,22.82
2026-09-11 04:04:56,,23,1.98,0.503,22.884
2026-09-11 04:05:25,,23,2.047,0.572,22.939
2026-09-11 04:05:54,,23,2.111,0.635,22.985
2026-09-11 04:06:20,,23,2.161,0.686,22.51
2026-09-11 04:06:43,,23,2.137,0.663,22.542
2026-09-11 04:07:12,,23,2.039,0.565,22.627
2026-09-11 04:07:42,,23,1.972,0.499,22.709
2026-09-11 04:08:09,,23,1.936,0.461,22.285
2026-09-11 04:08:35,,23,1.94,0.467,22.406
2026-09-11 04:09:05,,23,2.089,0.614,22.549
2026-09-11 04:09:30,,23,2.225,0.75,22.689
2026-09-11 04:09:54,,23,2.371,0.897,22.847
2026-09-11 04:10:23,,23,2.554,1.078,23.034
2026-09-11 04:10:48,,23,2.72,1.246,23.186
2026-09-11 04:11:13,,23,2.701,1.226,23.355
2026-09-11 04:11:37,,23,2.614,1.139,23.017
2026-09-11 04:12:01,,23,2.542,1.065,23.219
2026-09-11 04:12:29,,23,2.48,1.003,22.887
2026-09-11 04:12:54,,23,2.488,1.011,23.127
2026-09-11 04:13:17,,23,2.737,1.26,23.359
2026-09-11 04:13:41,,23,3.097,1.62,23.731
2026-09-11 04:14:05,,23,3.47,1.994,24.047
2026-09-11 04:14:28,,23,3.773,2.297,24.358
2026-09-11 04:14:52,,23,3.986,2.51,24.565
2026-09-11 04:15:15,,23,4.146,2.67,24.717
2026-09-11 04:15:39,,23,4.262,2.785,24.859
2026-09-11 04:16:08,,23,4.229,2.754,24.997
2026-09-11 04:16:29,,23,3.788,2.313,24.592
2026-09-11 04:16:50,,11,6.938,6.28,26.761
2026-09-11 04:17:11,,11,6.325,5.667,26.354
2026-09-11 04:17:32,,11,6.179,5.521,26.444
2026-09-11 04:17:53,,11,5.953,5.296,26.505
2026-09-11 04:18:13,lunar_surface__raw__search-on,10,0.677,0.407,20.37
2026-09-11 04:18:34,lunar_surface__raw__search-on,10,0.675,0.407,20.354
2026-09-11 04:18:55,lunar_surface__raw__search-on,10,3.11,2.468,22.761
2026-09-11 04:19:16,lunar_surface__benef__search-off,11,2.251,1.593,21.928
2026-09-11 04:19:37,lunar_surface__benef__search-off,16,2.966,1.761,22.515
2026-09-11 04:20:05,lunar_surface__benef__search-off,23,3.752,1.763,23.049
2026-09-11 04:20:34,lunar_surface__benef__search-off,23,3.768,1.774,23.061
2026-09-11 04:20:57,lunar_surface__benef__search-off,23,3.775,1.783,23.063
2026-09-11 04:21:25,lunar_surface__benef__search-off,23,3.637,1.675,23.066
2026-09-11 04:21:54,lunar_surface__benef__search-off,23,2.97,1.293,23.079
2026-09-11 04:22:18,,23,2.514,1.029,23.059
2026-09-11 04:22:47,,23,2.252,0.779,22.653
2026-09-11 04:23:16,,23,2.098,0.62,22.727
2026-09-11 04:23:43,,23,2.022,0.547,22.807
2026-09-11 04:24:08,,23,1.991,0.517,22.887
2026-09-11 04:24:33,,23,2.013,0.538,22.987
2026-09-11 04:24:57,,23,2.022,0.544,22.603
2026-09-11 04:25:25,,23,2.046,0.572,22.606
2026-09-11 04:25:54,,23,2.059,0.585,22.629
2026-09-11 04:26:22,,23,2.01,0.533,22.649
2026-09-11 04:26:46,,23,1.915,0.44,22.737
2026-09-11 04:27:12,,23,1.833,0.406,22.753
2026-09-11 04:27:38,,23,1.764,0.406,22.756
2026-09-11 04:28:07,,23,1.702,0.406,22.194
2026-09-11 04:28:35,,23,1.67,0.406,22.205
2026-09-11 04:29:03,,23,1.651,0.406,22.24
2026-09-11 04:29:26,,23,1.67,0.406,22.248
2026-09-11 04:29:53,,23,1.688,0.406,22.254
2026-09-11 04:30:18,,23,1.702,0.406,22.265
2026-09-11 04:30:42,,23,1.687,0.406,22.229
2026-09-11 04:31:08,,23,1.671,0.406,22.265
2026-09-11 04:31:34,,23,1.643,0.406,22.273
2026-09-11 04:32:00,,23,1.619,0.406,22.319
2026-09-11 04:32:23,,23,1.612,0.406,22.347
2026-09-11 04:32:51,,23,1.621,0.406,22.359
2026-09-11 04:33:19,,23,1.647,0.406,22.369
2026-09-11 04:33:43,,23,1.666,0.406,22.381
2026-09-11 04:34:08,,23,1.693,0.407,21.561
2026-09-11 04:34:32,,23,1.685,0.407,21.449
2026-09-11 04:34:57,,23,1.659,0.407,21.295
2026-09-11 04:35:27,,23,1.636,0.407,21.305
2026-09-11 04:35:51,,23,1.618,0.407,21.329
2026-09-11 04:36:17,,23,1.625,0.407,21.362
2026-09-11 04:36:45,,23,1.648,0.407,21.397
2026-09-11 04:37:12,,23,1.675,0.407,21.393
2026-09-11 04:37:38,,23,1.703,0.408,21.445
2026-09-11 04:38:06,,23,1.718,0.409,21.491
2026-09-11 04:38:35,,23,1.68,0.409,21.512
2026-09-11 04:39:04,,23,1.659,0.409,21.539
2026-09-11 04:39:32,,23,1.643,0.409,21.575
2026-09-11 04:39:58,,23,1.642,0.408,21.612
2026-09-11 04:40:27,,23,1.668,0.409,21.633
2026-09-11 04:40:50,,23,1.693,0.409,21.642
2026-09-11 04:41:18,,23,1.724,0.406,21.64
2026-09-11 04:41:46,,23,1.745,0.406,21.678
2026-09-11 04:42:14,,23,1.718,0.406,21.76
2026-09-11 04:42:38,,23,1.694,0.406,21.803
2026-09-11 04:43:03,,23,1.675,0.406,21.841
2026-09-11 04:43:31,,23,1.656,0.406,21.868
2026-09-11 04:43:56,,23,1.686,0.406,21.903
2026-09-11 04:44:21,,23,1.718,0.406,21.869
2026-09-11 04:44:46,,23,1.747,0.406,21.89
2026-09-11 04:45:13,,23,1.787,0.406,21.934
2026-09-11 04:45:37,,23,1.792,0.406,21.961
2026-09-11 04:46:02,,23,1.75,0.406,22.002
2026-09-11 04:46:31,,23,1.715,0.406,22.044
2026-09-11 04:46:56,,23,1.696,0.406,22.084
2026-09-11 04:47:24,,23,1.695,0.406,22.122
2026-09-11 04:47:54,,23,1.74,0.406,21.382
2026-09-11 04:48:21,,23,1.78,0.406,21.376
2026-09-11 04:48:49,,23,1.824,0.406,21.428
2026-09-11 04:49:13,,23,1.839,0.407,21.459
2026-09-11 04:49:36,,23,1.797,0.407,21.503
2026-09-11 04:50:04,,23,1.758,0.407,21.551
2026-09-11 04:50:31,,23,1.727,0.407,21.601
2026-09-11 04:50:57,,23,1.715,0.407,21.64
2026-09-11 04:51:26,,23,1.764,0.407,21.688
2026-09-11 04:51:54,,23,1.81,0.408,21.803
2026-09-11 04:52:21,,23,1.854,0.408,21.843
2026-09-11 04:52:47,,23,1.876,0.408,21.885
2026-09-11 04:53:15,,23,1.834,0.408,21.928
2026-09-11 04:53:44,,23,1.788,0.408,21.94
2026-09-11 04:54:12,,23,1.753,0.408,21.991
2026-09-11 04:54:41,,23,1.754,0.408,22.046
2026-09-11 04:55:08,,23,1.806,0.408,22.072
2026-09-11 04:55:35,,23,1.855,0.408,22.135
2026-09-11 04:56:01,,23,1.905,0.431,22.207
2026-09-11 04:56:26,,23,1.932,0.458,22.256
2026-09-11 04:56:54,,23,1.882,0.408,22.304
2026-09-11 04:57:22,,23,1.851,0.408,22.408
2026-09-11 04:57:50,,23,1.824,0.408,22.477
2026-09-11 04:58:18,,23,1.845,0.408,22.553
2026-09-11 04:58:45,,23,1.909,0.434,22.595
2026-09-11 04:59:13,,23,1.975,0.497,21.739
2026-09-11 04:59:38,,23,2.03,0.556,21.799
2026-09-11 05:00:07,,23,1.997,0.524,21.846
2026-09-11 05:00:34,,23,1.936,0.462,21.902
2026-09-11 05:01:00,,23,1.893,0.418,21.982
2026-09-11 05:01:27,,23,1.871,0.408,22.056
2026-09-11 05:01:55,,23,1.925,0.45,22.148
2026-09-11 05:02:24,,23,2.03,0.554,22.25
2026-09-11 05:02:49,,23,2.185,0.709,22.381
2026-09-11 05:03:14,,23,2.367,0.891,22.566
2026-09-11 05:03:41,,23,2.571,1.095,22.774
2026-09-11 05:04:08,,23,2.735,1.259,23.118
2026-09-11 05:04:33,,23,2.779,1.302,23.138
2026-09-11 05:04:58,,23,2.779,1.303,23.302
2026-09-11 05:05:27,,23,2.711,1.234,22.979
2026-09-11 05:05:51,,23,2.832,1.355,23.1
2026-09-11 05:06:15,,23,2.889,1.411,23.234
2026-09-11 05:06:40,,23,2.884,1.406,23.341
2026-09-11 05:07:09,,23,2.826,1.348,23.441
2026-09-11 05:07:37,,23,2.596,1.118,22.984
2026-09-11 05:07:58,,11,2.995,2.334,23.876
2026-09-11 05:08:19,,11,7.808,7.149,27.514
2026-09-11 05:08:39,,11,6.293,5.634,26.392
2026-09-11 05:09:00,,11,6.09,5.43,26.44
2026-09-11 05:09:21,,11,6.086,5.427,26.496
2026-09-11 05:09:42,lunar_surface__benef__search-off,10,0.68,0.408,20.234
2026-09-11 05:10:03,lunar_surface__benef__search-off,10,0.68,0.409,20.28
2026-09-11 05:10:24,lunar_surface__benef__search-off,10,3.053,2.407,22.825
2026-09-11 05:10:45,lunar_surface__benef__search-on,11,1.977,1.315,21.544
2026-09-11 05:11:06,lunar_surface__benef__search-on,15,2.863,1.762,22.347
2026-09-11 05:11:31,lunar_surface__benef__search-on,23,3.749,1.762,22.979
2026-09-11 05:11:56,lunar_surface__benef__search-on,23,3.756,1.762,22.971
2026-09-11 05:12:23,lunar_surface__benef__search-on,23,3.763,1.766,23.008
2026-09-11 05:12:51,lunar_surface__benef__search-on,23,3.733,1.733,23.005
2026-09-11 05:13:18,lunar_surface__benef__search-on,23,3.096,1.342,22.996
2026-09-11 05:13:46,,23,2.527,1.019,22.977
2026-09-11 05:14:14,,23,2.255,0.773,22.5
2026-09-11 05:14:41,,23,2.082,0.599,22.499
2026-09-11 05:15:09,,23,1.943,0.464,22.515
2026-09-11 05:15:37,,23,1.826,0.409,22.511
2026-09-11 05:16:03,,23,1.754,0.409,22.574
2026-09-11 05:16:29,,23,1.699,0.41,22.534
2026-09-11 05:16:57,,23,1.66,0.411,22.105
2026-09-11 05:17:24,,23,1.637,0.411,22.17
2026-09-11 05:17:52,,23,1.611,0.411,22.126
2026-09-11 05:18:17,,23,1.608,0.411,22.09
2026-09-11 05:18:40,,23,1.607,0.411,22.093
2026-09-11 05:19:06,,23,1.599,0.411,22.089
2026-09-11 05:19:30,,23,1.589,0.412,22.161
2026-09-11 05:19:58,,23,1.577,0.412,22.156
2026-09-11 05:20:23,,23,1.565,0.413,22.17
2026-09-11 05:20:52,,23,1.56,0.414,22.188
2026-09-11 05:21:20,,23,1.571,0.414,22.152
2026-09-11 05:21:48,,23,1.574,0.415,22.155
2026-09-11 05:22:16,,23,1.584,0.411,22.185
2026-09-11 05:22:42,,23,1.598,0.411,22.213
2026-09-11 05:23:08,,23,1.623,0.412,22.246
2026-09-11 05:23:33,,23,1.654,0.412,21.378
2026-09-11 05:23:58,,23,1.7,0.412,21.31
2026-09-11 05:24:23,,23,1.744,0.412,21.297
2026-09-11 05:24:47,,23,1.779,0.412,21.202
2026-09-11 05:25:15,,23,1.758,0.413,21.275
2026-09-11 05:25:43,,23,1.721,0.412,21.266
2026-09-11 05:26:12,,23,1.675,0.413,21.303
2026-09-11 05:26:40,,23,1.639,0.412,21.307
2026-09-11 05:27:08,,23,1.638,0.413,21.337
2026-09-11 05:27:36,,23,1.645,0.412,21.299
2026-09-11 05:28:04,,23,1.645,0.413,21.362
2026-09-11 05:28:32,,23,1.625,0.412,21.367
2026-09-11 05:29:00,,23,1.597,0.412,21.376
2026-09-11 05:29:26,,23,1.577,0.413,21.384
2026-09-11 05:29:52,,23,1.557,0.413,21.413
2026-09-11 05:30:20,,23,1.547,0.41,21.405
2026-09-11 05:30:48,,23,1.55,0.41,21.42
2026-09-11 05:31:16,,23,1.546,0.41,21.421
2026-09-11 05:31:41,,23,1.547,0.41,21.45
2026-09-11 05:32:10,,23,1.55,0.41,21.416
2026-09-11 05:32:39,,23,1.568,0.41,21.434
2026-09-11 05:33:05,,23,1.565,0.41,21.425
2026-09-11 05:33:34,,23,1.551,0.41,21.421
2026-09-11 05:34:02,,23,1.547,0.41,21.433
2026-09-11 05:34:30,,23,1.547,0.41,21.463
2026-09-11 05:34:59,,23,1.546,0.41,21.46
2026-09-11 05:35:27,,23,1.546,0.41,21.467
2026-09-11 05:35:56,,23,1.552,0.41,21.484
2026-09-11 05:36:23,,23,1.548,0.41,21.492
2026-09-11 05:36:51,,23,1.549,0.41,21.514
2026-09-11 05:37:18,,23,1.551,0.41,21.497
2026-09-11 05:37:43,,23,1.558,0.41,21.506
2026-09-11 05:38:09,,23,1.547,0.41,21.513
2026-09-11 05:38:35,,23,1.546,0.41,21.517
2026-09-11 05:39:00,,23,1.548,0.41,21.526
2026-09-11 05:39:28,,23,1.549,0.41,21.527
2026-09-11 05:39:57,,23,1.546,0.41,21.535
2026-09-11 05:40:22,,23,1.549,0.41,21.596
2026-09-11 05:40:51,,23,1.558,0.411,21.614
2026-09-11 05:41:17,,23,1.568,0.411,21.122
2026-09-11 05:41:45,,23,1.569,0.411,21.114
2026-09-11 05:42:14,,23,1.571,0.411,21.128
2026-09-11 05:42:40,,23,1.554,0.411,21.151
2026-09-11 05:43:08,,23,1.545,0.411,21.148
2026-09-11 05:43:37,,23,1.547,0.411,21.157
2026-09-11 05:44:03,,23,1.548,0.411,21.164
2026-09-11 05:44:31,,23,1.549,0.411,21.178
2026-09-11 05:45:00,,23,1.55,0.411,21.181
2026-09-11 05:45:28,,23,1.562,0.411,21.185
2026-09-11 05:45:56,,23,1.567,0.411,21.191
2026-09-11 05:46:25,,23,1.561,0.411,21.191
2026-09-11 05:46:53,,23,1.559,0.411,21.266
2026-09-11 05:47:28,,23,1.547,0.411,21.525
2026-09-11 05:47:56,,23,1.547,0.411,21.253
2026-09-11 05:48:21,,23,1.546,0.411,21.279
2026-09-11 05:48:47,,23,1.545,0.411,21.296
2026-09-11 05:49:15,,23,1.544,0.411,21.299
2026-09-11 05:49:44,,23,1.56,0.411,21.291
2026-09-11 05:50:12,,23,1.568,0.412,21.286
2026-09-11 05:50:36,,23,1.568,0.412,21.306
2026-09-11 05:51:03,,23,1.573,0.412,21.325
2026-09-11 05:51:31,,23,1.554,0.412,21.33
2026-09-11 05:52:00,,23,1.546,0.412,21.33
2026-09-11 05:52:27,,23,1.549,0.412,21.342
2026-09-11 05:52:56,,23,1.55,0.412,21.353
2026-09-11 05:53:24,,23,1.552,0.412,21.354
2026-09-11 05:53:51,,23,1.565,0.412,21.368
2026-09-11 05:54:17,,23,1.57,0.412,21.379
2026-09-11 05:54:45,,23,1.574,0.412,21.405
2026-09-11 05:55:14,,23,1.556,0.412,21.398
2026-09-11 05:55:42,,23,1.547,0.412,21.4
2026-09-11 05:56:13,,23,1.549,0.412,21.438
2026-09-11 05:56:38,,23,1.55,0.412,21.433
2026-09-11 05:57:07,,23,1.555,0.412,21.449
2026-09-11 05:57:35,,23,1.563,0.412,21.437
2026-09-11 05:58:03,,23,1.566,0.411,21.404
2026-09-11 05:58:29,,23,1.572,0.411,21.422
2026-09-11 05:58:58,,23,1.557,0.411,21.433
2026-09-11 05:59:23,,23,1.548,0.411,21.534
2026-09-11 05:59:50,,23,1.545,0.411,21.459
2026-09-11 06:00:17,,23,1.548,0.411,21.433
2026-09-11 06:00:46,,23,1.556,0.411,21.444
2026-09-11 06:01:15,,23,1.567,0.411,21.45
2026-09-11 06:01:39,,23,1.575,0.411,20.965
2026-09-11 06:02:08,,23,1.575,0.411,20.978
2026-09-11 06:02:35,,23,1.572,0.411,20.998
2026-09-11 06:03:00,,23,1.558,0.411,21.004
2026-09-11 06:03:25,,23,1.547,0.411,21.016
2026-09-11 06:03:53,,23,1.555,0.411,21.023
2026-09-11 06:04:19,,23,1.553,0.411,21.029
2026-09-11 06:04:48,,23,1.567,0.411,21.088
2026-09-11 06:05:16,,23,1.571,0.411,21.09
2026-09-11 06:05:45,,23,1.579,0.411,21.167
2026-09-11 06:06:09,,23,1.577,0.411,21.146
2026-09-11 06:06:41,,23,1.562,0.411,21.181
2026-09-11 06:07:12,,23,1.558,0.411,21.175
2026-09-11 06:07:41,,23,1.553,0.411,21.183
2026-09-11 06:08:10,,23,1.565,0.411,21.243
2026-09-11 06:08:43,,23,1.573,0.411,21.216
2026-09-11 06:09:14,,23,1.58,0.411,21.223
2026-09-11 06:09:44,,23,1.567,0.411,21.274
2026-09-11 06:10:15,,23,1.551,0.411,21.338
2026-09-11 06:10:44,,23,1.553,0.411,21.354
2026-09-11 06:11:15,,23,1.562,0.411,21.363
2026-09-11 06:11:44,,23,1.582,0.411,21.323
2026-09-11 06:12:15,,23,1.587,0.411,21.331
2026-09-11 06:12:45,,23,1.575,0.411,21.349
2026-09-11 06:13:13,,23,1.562,0.411,21.365
2026-09-11 06:13:43,,23,1.551,0.411,21.378
2026-09-11 06:14:12,,23,1.561,0.411,21.402
2026-09-11 06:14:40,,23,1.572,0.411,21.41
2026-09-11 06:15:08,,23,1.59,0.411,21.431
2026-09-11 06:15:37,,23,1.596,0.411,21.44
2026-09-11 06:16:02,,23,1.587,0.411,21.454
2026-09-11 06:16:30,,23,1.568,0.41,21.47
2026-09-11 06:16:57,,23,1.561,0.41,21.475
2026-09-11 06:17:24,,23,1.569,0.411,21.525
2026-09-11 06:17:49,,23,1.583,0.411,21.538
2026-09-11 06:18:14,,23,1.599,0.411,21.536
2026-09-11 06:18:40,,23,1.613,0.411,21.56
2026-09-11 06:19:07,,23,1.6,0.411,21.575
2026-09-11 06:19:33,,23,1.585,0.411,21.592
2026-09-11 06:19:58,,23,1.572,0.411,21.599
2026-09-11 06:20:24,,23,1.571,0.411,21.613
2026-09-11 06:20:50,,23,1.588,0.411,21.639
2026-09-11 06:21:16,,23,1.608,0.411,21.652
2026-09-11 06:21:43,,23,1.625,0.411,21.152
2026-09-11 06:22:10,,23,1.632,0.411,21.165
2026-09-11 06:22:35,,23,1.619,0.411,21.185
2026-09-11 06:23:01,,23,1.598,0.411,21.213
2026-09-11 06:23:28,,23,1.588,0.411,21.22
2026-09-11 06:23:52,,23,1.596,0.411,21.236
2026-09-11 06:24:18,,23,1.61,0.412,21.249
2026-09-11 06:24:45,,23,1.629,0.412,21.263
2026-09-11 06:25:12,,23,1.64,0.413,21.283
2026-09-11 06:25:37,,23,1.633,0.413,21.31
2026-09-11 06:26:07,,23,1.611,0.413,21.39
2026-09-11 06:26:33,,23,1.595,0.413,21.41
2026-09-11 06:26:58,,23,1.587,0.413,21.423
2026-09-11 06:27:24,,23,1.606,0.413,21.431
2026-09-11 06:27:51,,23,1.615,0.411,21.393
2026-09-11 06:28:15,,23,1.635,0.411,21.405
2026-09-11 06:28:41,,23,1.644,0.411,21.431
2026-09-11 06:29:08,,23,1.631,0.411,21.453
2026-09-11 06:29:35,,23,1.608,0.411,21.465
2026-09-11 06:30:00,,23,1.593,0.411,21.483
2026-09-11 06:30:24,,23,1.592,0.411,21.499
2026-09-11 06:30:48,,23,1.607,0.411,21.521
2026-09-11 06:31:13,,23,1.625,0.411,21.548
2026-09-11 06:31:40,,23,1.644,0.411,21.574
2026-09-11 06:32:06,,23,1.653,0.411,21.595
2026-09-11 06:32:33,,23,1.632,0.412,21.633
2026-09-11 06:32:59,,23,1.613,0.412,21.656
2026-09-11 06:33:26,,23,1.595,0.412,21.652
2026-09-11 06:33:53,,23,1.598,0.412,21.684
2026-09-11 06:34:19,,23,1.619,0.412,21.661
2026-09-11 06:34:45,,23,1.634,0.412,21.69
2026-09-11 06:35:11,,23,1.655,0.412,21.718
2026-09-11 06:35:38,,23,1.653,0.412,21.729
2026-09-11 06:36:05,,23,1.63,0.413,21.742
2026-09-11 06:36:29,,23,1.611,0.414,21.793
2026-09-11 06:36:55,,23,1.6,0.414,21.838
2026-09-11 06:37:18,,23,1.606,0.414,21.21
2026-09-11 06:37:45,,23,1.623,0.411,21.179
2026-09-11 06:38:10,,23,1.642,0.411,21.242
2026-09-11 06:38:36,,23,1.655,0.411,21.28
2026-09-11 06:39:01,,23,1.659,0.411,21.266
2026-09-11 06:39:29,,23,1.627,0.411,21.296
2026-09-11 06:39:52,,23,1.612,0.411,21.271
2026-09-11 06:40:19,,23,1.599,0.411,21.329
2026-09-11 06:40:42,,23,1.606,0.411,21.363
2026-09-11 06:41:09,,23,1.628,0.411,21.389
2026-09-11 06:41:35,,23,1.639,0.411,21.398
2026-09-11 06:42:01,,23,1.658,0.411,21.416
2026-09-11 06:42:26,,23,1.662,0.411,21.431
2026-09-11 06:42:50,,23,1.638,0.411,21.453
2026-09-11 06:43:14,,23,1.614,0.411,21.465
2026-09-11 06:43:40,,23,1.603,0.411,21.492
2026-09-11 06:44:07,,23,1.607,0.411,21.504
2026-09-11 06:44:32,,23,1.627,0.411,21.522
2026-09-11 06:44:57,,23,1.65,0.411,21.548
2026-09-11 06:45:23,,23,1.667,0.411,21.572
2026-09-11 06:45:49,,23,1.675,0.411,21.575
2026-09-11 06:46:16,,23,1.644,0.411,21.606
2026-09-11 06:46:40,,23,1.627,0.413,21.638
2026-09-11 06:47:06,,23,1.614,0.413,21.655
2026-09-11 06:47:33,,23,1.623,0.412,21.668
2026-09-11 06:47:57,,23,1.641,0.412,21.685
2026-09-11 06:48:23,,23,1.667,0.412,21.707
2026-09-11 06:48:50,,23,1.683,0.412,21.729
2026-09-11 06:49:17,,23,1.678,0.412,21.766
2026-09-11 06:49:42,,23,1.647,0.412,21.771
2026-09-11 06:50:08,,23,1.627,0.412,21.789
2026-09-11 06:50:33,,23,1.619,0.412,21.818
2026-09-11 06:51:00,,23,1.634,0.412,21.84
2026-09-11 06:51:24,,23,1.654,0.412,21.858
2026-09-11 06:51:50,,23,1.679,0.412,21.888
2026-09-11 06:52:17,,23,1.701,0.412,21.913
2026-09-11 06:52:44,,23,1.688,0.412,21.938
2026-09-11 06:53:07,,23,1.673,0.412,21.33
2026-09-11 06:53:34,,23,1.645,0.412,21.343
2026-09-11 06:53:59,,23,1.633,0.412,21.378
2026-09-11 06:54:25,,23,1.657,0.412,21.384
2026-09-11 06:54:51,,23,1.688,0.412,21.428
2026-09-11 06:55:18,,23,1.713,0.412,21.451
2026-09-11 06:55:45,,23,1.716,0.412,21.489
2026-09-11 06:56:12,,23,1.684,0.411,21.528
2026-09-11 06:56:39,,23,1.659,0.411,21.547
2026-09-11 06:57:03,,23,1.64,0.411,21.565
2026-09-11 06:57:30,,23,1.65,0.411,21.571
2026-09-11 06:57:55,,23,1.681,0.411,21.602
2026-09-11 06:58:19,,23,1.708,0.411,21.622
2026-09-11 06:58:44,,23,1.738,0.411,21.66
2026-09-11 06:59:09,,23,1.764,0.411,21.711
2026-09-11 06:59:36,,23,1.732,0.411,21.739
2026-09-11 07:00:01,,23,1.706,0.411,21.768
2026-09-11 07:00:27,,23,1.681,0.411,21.798
2026-09-11 07:00:51,,23,1.684,0.411,21.852
2026-09-11 07:01:16,,23,1.714,0.411,21.882
2026-09-11 07:01:43,,23,1.756,0.412,21.923
2026-09-11 07:02:09,,23,1.827,0.412,21.995
2026-09-11 07:02:34,,23,1.911,0.43,22.085
2026-09-11 07:02:59,,23,1.982,0.502,22.192
2026-09-11 07:03:22,,23,1.981,0.501,22.274
2026-09-11 07:03:48,,23,1.955,0.474,22.345
2026-09-11 07:04:13,,23,1.936,0.455,22.439
2026-09-11 07:04:37,,23,1.997,0.515,22.54
2026-09-11 07:05:01,,23,2.099,0.617,22.634
2026-09-11 07:05:27,,23,2.203,0.72,22.043
2026-09-11 07:05:50,,23,2.302,0.821,22.05
2026-09-11 07:06:15,,23,2.378,0.897,22.167
2026-09-11 07:06:39,,23,2.353,0.871,22.285
2026-09-11 07:07:05,,23,2.249,0.768,22.375
2026-09-11 07:07:28,,23,2.173,0.691,22.459
2026-09-11 07:07:53,,23,2.145,0.663,22.542
2026-09-11 07:08:17,,23,2.233,0.75,22.623
2026-09-11 07:08:42,,23,2.288,0.807,22.732
2026-09-11 07:09:09,,23,2.352,0.872,22.845
2026-09-11 07:09:36,,23,2.399,0.918,22.954
2026-09-11 07:09:57,,11,1.843,1.179,22.967
2026-09-11 07:10:18,,11,6.914,6.25,26.875
2026-09-11 07:10:39,,11,6.179,5.516,26.459
2026-09-11 07:10:59,,11,6.089,5.425,26.528
2026-09-11 07:11:20,,11,5.907,5.243,26.518
2026-09-11 07:11:41,lunar_surface__benef__search-on,10,0.685,0.412,20.337
2026-09-11 07:12:02,lunar_surface__benef__search-on,10,0.685,0.412,20.328
2026-09-11 07:12:23,lunar_surface__benef__search-on,10,0.714,0.412,20.348
2026-09-11 07:12:44,lunar_surface__benef__search-on,10,1.574,0.926,21.11
2026-09-11 07:13:05,geo__raw__search-off,11,2.676,2.013,22.632
2026-09-11 07:13:30,geo__raw__search-off,23,3.773,1.773,23.057
2026-09-11 07:13:56,geo__raw__search-off,23,3.828,1.83,23.103
2026-09-11 07:14:21,geo__raw__search-off,23,4.061,2.056,23.338
2026-09-11 07:14:44,geo__raw__search-off,23,4.217,2.216,23.475
2026-09-11 07:15:11,geo__raw__search-off,23,4.207,2.213,23.568
2026-09-11 07:15:37,geo__raw__search-off,23,3.979,2.237,23.651
2026-09-11 07:16:00,,23,3.394,1.861,23.718
2026-09-11 07:16:26,,23,3.006,1.523,23.393
2026-09-11 07:16:50,,23,2.776,1.293,23.495
2026-09-11 07:17:14,,23,2.593,1.111,23.588
2026-09-11 07:17:41,,23,2.434,0.955,23.229
2026-09-11 07:18:04,,23,2.324,0.844,23.325
2026-09-11 07:18:31,,23,2.238,0.76,23.41
2026-09-11 07:18:56,,23,2.35,0.87,23.004
2026-09-11 07:19:21,,23,2.449,0.966,23.115
2026-09-11 07:19:45,,23,2.54,1.064,23.208
2026-09-11 07:20:11,,23,2.667,1.185,23.341
2026-09-11 07:20:34,,23,2.769,1.292,23.447
2026-09-11 07:20:59,,23,2.62,1.139,23.068
2026-09-11 07:21:26,,23,2.495,1.019,23.204
2026-09-11 07:21:49,,23,2.392,0.913,23.332
2026-09-11 07:22:14,,23,2.315,0.833,22.89
2026-09-11 07:22:40,,23,2.249,0.77,23.03
2026-09-11 07:23:06,,23,2.37,0.888,23.2
2026-09-11 07:23:32,,23,2.513,1.034,23.398
2026-09-11 07:23:57,,23,2.667,1.19,23.532
2026-09-11 07:24:21,,23,2.817,1.337,23.634
2026-09-11 07:24:48,,23,2.967,1.487,23.271
2026-09-11 07:25:12,,23,2.869,1.386,23.469
2026-09-11 07:25:37,,23,2.773,1.294,23.238
2026-09-11 07:26:03,,23,2.711,1.231,23.493
2026-09-11 07:26:26,,23,2.715,1.235,23.636
2026-09-11 07:26:50,,23,2.789,1.308,23.345
2026-09-11 07:27:14,,23,3.017,1.536,23.633
2026-09-11 07:27:37,,23,3.265,1.784,23.89
2026-09-11 07:28:01,,23,3.493,2.011,24.128
2026-09-11 07:28:24,,23,3.679,2.198,24.305
2026-09-11 07:28:48,,23,3.736,2.254,24.434
2026-09-11 07:29:13,,23,3.399,1.917,24.051
2026-09-11 07:29:36,,23,3.084,1.602,24.142
2026-09-11 07:30:00,,23,3.131,1.649,23.718
2026-09-11 07:30:24,,23,2.904,1.42,23.801
2026-09-11 07:30:50,,23,2.645,1.162,23.356
2026-09-11 07:31:16,,23,2.587,1.103,23.462
2026-09-11 07:31:37,,11,7.353,6.687,27.477
2026-09-11 07:31:57,,11,6.943,6.277,27.204
2026-09-11 07:32:18,,11,6.927,6.262,27.332
2026-09-11 07:32:39,,11,6.932,6.267,27.38
2026-09-11 07:33:00,,11,6.929,6.264,27.352
2026-09-11 07:33:21,geo__raw__search-off,10,0.686,0.414,20.305
2026-09-11 07:33:42,geo__raw__search-off,10,0.687,0.414,20.316
2026-09-11 07:34:03,geo__raw__search-off,10,1.901,1.251,21.539
2026-09-11 07:34:24,geo__raw__search-off,10,2.843,2.194,22.506
2026-09-11 07:34:44,geo__raw__search-on,11,3.594,2.93,23.231
2026-09-11 07:35:10,geo__raw__search-on,23,3.757,1.762,23.07
2026-09-11 07:35:35,geo__raw__search-on,23,3.792,1.787,23.091
2026-09-11 07:36:02,geo__raw__search-on,23,3.81,1.807,23.104
2026-09-11 07:36:31,geo__raw__search-on,23,3.831,1.826,23.27
2026-09-11 07:36:59,geo__raw__search-on,23,3.538,1.647,22.706
2026-09-11 07:37:27,,23,3.074,1.412,22.881
2026-09-11 07:37:52,,23,2.738,1.253,23.014
2026-09-11 07:38:20,,23,2.513,1.032,22.751
2026-09-11 07:38:45,,23,2.322,0.843,22.752
2026-09-11 07:39:09,,23,2.196,0.718,22.789
2026-09-11 07:39:36,,23,2.088,0.61,22.84
2026-09-11 07:40:03,,23,2.103,0.62,22.416
2026-09-11 07:40:30,,23,2.146,0.661,22.475
2026-09-11 07:40:57,,23,2.176,0.694,22.558
2026-09-11 07:41:22,,23,2.14,0.658,22.586
2026-09-11 07:41:49,,23,2.015,0.535,22.633
2026-09-11 07:42:16,,23,1.922,0.442,22.595
2026-09-11 07:42:43,,23,1.852,0.412,21.919
2026-09-11 07:43:10,,23,1.799,0.412,22.046
2026-09-11 07:43:37,,23,1.763,0.412,22.063
2026-09-11 07:44:03,,23,1.767,0.412,22.093
2026-09-11 07:44:30,,23,1.804,0.412,22.148
2026-09-11 07:44:57,,23,1.839,0.412,22.154
2026-09-11 07:45:24,,23,1.866,0.412,22.21
2026-09-11 07:45:51,,23,1.87,0.412,22.241
2026-09-11 07:46:18,,23,1.811,0.412,21.734
2026-09-11 07:46:42,,23,1.768,0.412,21.784
2026-09-11 07:47:08,,23,1.749,0.412,21.82
2026-09-11 07:47:34,,23,1.72,0.412,21.864
2026-09-11 07:48:01,,23,1.732,0.412,21.895
2026-09-11 07:48:25,,23,1.762,0.412,21.926
2026-09-11 07:48:52,,23,1.799,0.412,21.967
2026-09-11 07:49:19,,23,1.845,0.412,22.025
2026-09-11 07:49:43,,23,1.868,0.412,22.055
2026-09-11 07:50:09,,23,1.834,0.412,22.094
2026-09-11 07:50:36,,23,1.791,0.412,22.138
2026-09-11 07:51:01,,23,1.758,0.412,22.173
2026-09-11 07:51:27,,23,1.729,0.412,21.635
2026-09-11 07:51:53,,23,1.721,0.413,21.812
2026-09-11 07:52:17,,23,1.723,0.413,21.822
2026-09-11 07:52:42,,23,1.716,0.413,21.868
2026-09-11 07:53:08,,23,1.707,0.413,21.917
2026-09-11 07:53:31,,23,1.71,0.426,21.955
2026-09-11 07:53:55,,23,1.709,0.464,21.989
2026-09-11 07:54:22,,23,1.733,0.517,22.039
2026-09-11 07:54:47,,23,1.751,0.563,22.075
2026-09-11 07:55:13,,23,1.781,0.621,22.125
2026-09-11 07:55:41,,23,1.798,0.674,22.157
2026-09-11 07:56:09,,23,1.818,0.728,22.215
2026-09-11 07:56:33,,23,1.85,0.782,22.219
2026-09-11 07:57:00,,23,1.901,0.837,22.288
2026-09-11 07:57:27,,23,1.936,0.873,22.336
2026-09-11 07:57:51,,23,1.812,0.75,22.386
2026-09-11 07:58:17,,23,1.691,0.624,21.909
2026-09-11 07:58:40,,23,1.606,0.542,21.952
2026-09-11 07:59:06,,23,1.531,0.464,22.017
2026-09-11 07:59:31,,23,1.478,0.413,22.077
2026-09-11 07:59:56,,23,1.495,0.429,22.126
2026-09-11 08:00:22,,23,1.55,0.485,22.242
2026-09-11 08:00:46,,23,1.602,0.538,21.73
2026-09-11 08:01:13,,23,1.665,0.599,21.798
2026-09-11 08:01:39,,23,1.645,0.581,21.879
2026-09-11 08:02:07,,23,1.561,0.495,21.946
2026-09-11 08:02:32,,23,1.496,0.432,22.016
2026-09-11 08:02:57,,23,1.462,0.413,22.053
2026-09-11 08:03:21,,23,1.43,0.413,22.087
2026-09-11 08:03:45,,23,1.488,0.423,22.145
2026-09-11 08:04:10,,23,1.548,0.478,22.21
2026-09-11 08:04:35,,23,1.609,0.544,22.266
2026-09-11 08:04:59,,23,1.673,0.605,22.337
2026-09-11 08:05:26,,23,1.662,0.598,21.882
2026-09-11 08:05:51,,23,1.604,0.536,21.96
2026-09-11 08:06:17,,23,1.552,0.482,22.028
2026-09-11 08:06:40,,23,1.522,0.457,22.103
2026-09-11 08:07:03,,23,1.532,0.462,22.159
2026-09-11 08:07:26,,23,1.64,0.57,22.286
2026-09-11 08:07:50,,23,1.764,0.694,22.397
2026-09-11 08:08:12,,23,1.892,0.821,22.52
2026-09-11 08:08:36,,23,2.024,0.953,22.665
2026-09-11 08:09:02,,23,2.15,1.08,22.251
2026-09-11 08:09:25,,23,2.108,1.038,22.408
2026-09-11 08:09:49,,23,2.022,0.951,22.528
2026-09-11 08:10:12,,23,1.946,0.876,22.671
2026-09-11 08:10:37,,23,1.899,0.829,22.3
2026-09-11 08:11:04,,23,2.026,0.955,22.495
2026-09-11 08:11:29,,23,2.195,1.124,22.681
2026-09-11 08:11:53,,23,2.351,1.281,22.809
2026-09-11 08:12:17,,23,2.478,1.407,22.969
2026-09-11 08:12:41,,23,2.504,1.432,23.063
2026-09-11 08:13:05,,23,2.319,1.247,22.637
2026-09-11 08:13:29,,23,2.129,1.056,22.78
2026-09-11 08:13:52,,23,2.0,0.926,22.836
2026-09-11 08:14:17,,23,1.856,0.782,22.38
2026-09-11 08:14:43,,23,1.899,0.824,22.462
2026-09-11 08:15:04,,23,1.88,0.805,22.529
2026-09-11 08:15:25,,11,7.426,6.758,27.354
2026-09-11 08:15:46,,11,6.896,6.227,27.172
2026-09-11 08:16:07,,11,6.901,6.233,27.712
2026-09-11 08:16:28,,11,6.89,6.222,27.789
2026-09-11 08:16:49,,11,6.888,6.22,27.795
2026-09-11 08:17:10,geo__raw__search-on,10,0.687,0.416,21.019
2026-09-11 08:17:31,geo__raw__search-on,10,0.69,0.416,21.078
2026-09-11 08:17:51,geo__raw__search-on,10,0.688,0.416,21.065
2026-09-11 08:18:12,geo__raw__search-on,10,3.575,2.923,24.408
2026-09-11 08:18:33,geo__benef__search-off,11,0.808,0.416,21.291
2026-09-11 08:18:54,geo__benef__search-off,11,1.397,0.729,21.883
2026-09-11 08:19:15,geo__benef__search-off,11,2.403,1.735,22.533
2026-09-11 08:19:36,geo__benef__search-off,16,2.97,1.761,22.935
2026-09-11 08:20:01,geo__benef__search-off,23,3.752,1.762,23.471
2026-09-11 08:20:29,geo__benef__search-off,23,3.758,1.763,23.377
2026-09-11 08:20:53,geo__benef__search-off,23,3.766,1.767,23.295
2026-09-11 08:21:20,geo__benef__search-off,23,3.742,1.744,23.162
2026-09-11 08:21:47,,23,3.091,1.346,23.077
2026-09-11 08:22:13,,23,2.56,1.04,23.004
2026-09-11 08:22:40,,23,2.287,0.804,22.598
2026-09-11 08:23:07,,23,2.102,0.616,22.612
2026-09-11 08:23:33,,23,1.978,0.492,22.62
2026-09-11 08:24:00,,23,1.865,0.416,22.627
2026-09-11 08:24:23,,23,1.792,0.416,22.65
2026-09-11 08:24:47,,23,1.729,0.416,22.18
2026-09-11 08:25:16,,23,1.696,0.417,22.21
2026-09-11 08:25:41,,23,1.695,0.417,22.227
2026-09-11 08:26:07,,23,1.679,0.417,22.237
2026-09-11 08:26:30,,23,1.702,0.417,22.266
2026-09-11 08:26:57,,23,1.694,0.417,22.282
2026-09-11 08:27:23,,23,1.699,0.417,22.326
2026-09-11 08:27:48,,23,1.7,0.417,22.351
2026-09-11 08:28:15,,23,1.69,0.413,22.436
2026-09-11 08:28:38,,23,1.711,0.414,22.491
2026-09-11 08:29:04,,23,1.751,0.414,22.509
2026-09-11 08:29:31,,23,1.801,0.415,22.571
2026-09-11 08:29:56,,23,1.847,0.416,22.617
2026-09-11 08:30:23,,23,1.841,0.416,22.689
2026-09-11 08:30:49,,23,1.782,0.417,22.069
2026-09-11 08:31:15,,23,1.735,0.417,22.087
2026-09-11 08:31:43,,23,1.679,0.417,22.145
2026-09-11 08:32:06,,23,1.652,0.418,22.171
2026-09-11 08:32:31,,23,1.639,0.419,22.206
2026-09-11 08:32:56,,23,1.647,0.419,22.131
2026-09-11 08:33:23,,23,1.655,0.42,22.164
2026-09-11 08:33:50,,23,1.642,0.42,22.176
2026-09-11 08:34:15,,23,1.611,0.42,22.184
2026-09-11 08:34:39,,23,1.59,0.42,22.194
2026-09-11 08:35:03,,23,1.576,0.414,22.201
2026-09-11 08:35:27,,23,1.557,0.415,22.204
2026-09-11 08:35:57,,23,1.562,0.416,22.291
2026-09-11 08:36:24,,23,1.575,0.416,22.344
2026-09-11 08:36:51,,23,1.581,0.416,22.354
2026-09-11 08:37:18,,23,1.59,0.416,22.333
2026-09-11 08:37:43,,23,1.574,0.417,21.497
2026-09-11 08:38:08,,23,1.563,0.417,21.326
2026-09-11 08:38:33,,23,1.556,0.418,21.247
2026-09-11 08:39:00,,23,1.554,0.418,21.239
2026-09-11 08:39:27,,23,1.566,0.418,21.234
2026-09-11 08:39:50,,23,1.576,0.418,21.236
2026-09-11 08:40:17,,23,1.586,0.418,21.256
2026-09-11 08:40:42,,23,1.59,0.42,21.27
2026-09-11 08:41:07,,23,1.568,0.415,21.288
2026-09-11 08:41:34,,23,1.561,0.416,21.358
2026-09-11 08:42:00,,23,1.551,0.416,21.354
2026-09-11 08:42:24,,23,1.553,0.416,21.364
2026-09-11 08:42:50,,23,1.569,0.416,21.38
2026-09-11 08:43:13,,23,1.577,0.416,21.38
2026-09-11 08:43:41,,23,1.591,0.418,21.415
2026-09-11 08:44:07,,23,1.59,0.418,21.42
2026-09-11 08:44:33,,23,1.575,0.42,21.425
2026-09-11 08:44:59,,23,1.567,0.421,21.434
2026-09-11 08:45:27,,23,1.56,0.423,21.471
2026-09-11 08:45:50,,23,1.567,0.423,21.472
2026-09-11 08:46:15,,23,1.568,0.424,21.493
2026-09-11 08:46:40,,23,1.572,0.416,21.498
2026-09-11 08:47:06,,23,1.587,0.416,21.506
2026-09-11 08:47:32,,23,1.588,0.416,21.502
2026-09-11 08:47:58,,23,1.579,0.416,21.515
2026-09-11 08:48:21,,23,1.566,0.417,21.544
2026-09-11 08:48:47,,23,1.56,0.417,21.569
2026-09-11 08:49:13,,23,1.56,0.419,21.598
2026-09-11 08:49:41,,23,1.572,0.42,21.632
2026-09-11 08:50:07,,23,1.585,0.421,21.524
2026-09-11 08:50:36,,23,1.586,0.422,21.559
2026-09-11 08:51:02,,23,1.593,0.422,21.537
2026-09-11 08:51:29,,23,1.575,0.423,21.604
2026-09-11 08:51:53,,23,1.566,0.417,21.652
2026-09-11 08:52:21,,23,1.558,0.418,21.667
2026-09-11 08:52:45,,23,1.574,0.418,21.714
2026-09-11 08:53:12,,23,1.586,0.419,21.64
2026-09-11 08:53:35,,23,1.591,0.42,21.65
2026-09-11 08:53:59,,23,1.593,0.42,21.65
2026-09-11 08:54:25,,23,1.576,0.42,21.66
2026-09-11 08:54:53,,23,1.57,0.421,21.681
2026-09-11 08:55:20,,23,1.563,0.422,21.692
2026-09-11 08:55:47,,23,1.585,0.424,21.739
2026-09-11 08:56:14,,23,1.591,0.425,21.797
2026-09-11 08:56:40,,23,1.608,0.426,21.324
2026-09-11 08:57:05,,23,1.611,0.427,21.298
2026-09-11 08:57:38,,23,1.605,0.419,21.338
2026-09-11 08:58:12,,23,1.593,0.42,21.357
2026-09-11 08:58:41,,23,1.598,0.421,21.326
2026-09-11 08:59:13,,23,1.6,0.422,21.402
2026-09-11 08:59:40,,23,1.616,0.422,21.432
2026-09-11 09:00:09,,23,1.617,0.422,21.396
2026-09-11 09:00:39,,23,1.612,0.424,21.518
2026-09-11 09:01:04,,23,1.59,0.424,21.507
2026-09-11 09:01:28,,23,1.589,0.424,21.516
2026-09-11 09:01:57,,23,1.583,0.424,21.563
2026-09-11 09:02:22,,23,1.601,0.424,21.517
2026-09-11 09:02:47,,23,1.611,0.424,21.523
2026-09-11 09:03:16,,23,1.617,0.426,21.564
2026-09-11 09:03:42,,23,1.6,0.42,21.455
2026-09-11 09:04:10,,23,1.605,0.42,21.481
2026-09-11 09:04:38,,23,1.6,0.42,21.484
2026-09-11 09:05:04,,23,1.622,0.42,21.493
2026-09-11 09:05:32,,23,1.629,0.421,21.515
2026-09-11 09:06:01,,23,1.618,0.421,21.52
2026-09-11 09:06:28,,23,1.598,0.421,21.522
2026-09-11 09:06:55,,23,1.581,0.421,21.509
2026-09-11 09:07:24,,23,1.578,0.421,21.533
2026-09-11 09:07:51,,23,1.58,0.421,21.531
2026-09-11 09:08:19,,23,1.601,0.421,21.605
2026-09-11 09:08:45,,23,1.608,0.421,21.602
2026-09-11 09:09:13,,23,1.623,0.421,21.612
2026-09-11 09:09:39,,23,1.615,0.421,21.686
2026-09-11 09:10:06,,23,1.591,0.421,21.734
2026-09-11 09:10:33,,23,1.586,0.421,21.767
2026-09-11 09:11:01,,23,1.576,0.421,21.665
2026-09-11 09:11:29,,23,1.592,0.422,21.7
2026-09-11 09:11:54,,23,1.601,0.422,21.693
2026-09-11 09:12:17,,23,1.618,0.421,21.725
2026-09-11 09:12:45,,23,1.627,0.421,21.725
2026-09-11 09:13:13,,23,1.6,0.421,21.731
2026-09-11 09:13:42,,23,1.587,0.421,21.752
2026-09-11 09:14:10,,23,1.573,0.421,21.77
2026-09-11 09:14:38,,23,1.583,0.421,21.77
2026-09-11 09:15:02,,23,1.6,0.421,21.242
2026-09-11 09:15:30,,23,1.609,0.421,21.255
2026-09-11 09:15:59,,23,1.628,0.421,21.303
2026-09-11 09:16:25,,23,1.616,0.421,21.297
2026-09-11 09:16:54,,23,1.59,0.421,21.306
2026-09-11 09:17:20,,23,1.584,0.421,21.324
2026-09-11 09:17:45,,23,1.581,0.421,21.342
2026-09-11 09:18:13,,23,1.594,0.421,21.36
2026-09-11 09:18:41,,23,1.61,0.421,21.374
2026-09-11 09:19:08,,23,1.623,0.421,21.365
2026-09-11 09:19:34,,23,1.626,0.421,21.376
2026-09-11 09:20:01,,23,1.609,0.421,21.403
2026-09-11 09:20:30,,23,1.585,0.421,21.41
2026-09-11 09:20:58,,23,1.58,0.422,21.433
2026-09-11 09:21:26,,23,1.603,0.422,21.455
2026-09-11 09:21:53,,23,1.612,0.422,21.5
2026-09-11 09:22:22,,23,1.633,0.422,21.522
2026-09-11 09:22:48,,23,1.638,0.421,21.529
2026-09-11 09:23:10,,23,1.625,0.421,21.541
2026-09-11 09:23:38,,23,1.605,0.421,21.557
2026-09-11 09:24:02,,23,1.585,0.421,21.578
2026-09-11 09:24:28,,23,1.592,0.421,21.6
2026-09-11 09:24:54,,23,1.598,0.421,21.592
2026-09-11 09:25:17,,23,1.612,0.421,21.616
2026-09-11 09:25:45,,23,1.631,0.421,21.631
2026-09-11 09:26:11,,23,1.639,0.421,21.67
2026-09-11 09:26:37,,23,1.622,0.421,21.676
2026-09-11 09:27:04,,23,1.605,0.421,21.696
2026-09-11 09:27:31,,23,1.588,0.421,21.721
2026-09-11 09:27:59,,23,1.593,0.421,21.743
2026-09-11 09:28:24,,23,1.613,0.421,21.764
2026-09-11 09:28:52,,23,1.627,0.421,21.778
2026-09-11 09:29:20,,23,1.641,0.421,21.781
2026-09-11 09:29:48,,23,1.636,0.421,21.803
2026-09-11 09:30:15,,23,1.612,0.421,21.765
2026-09-11 09:30:43,,23,1.595,0.421,21.773
2026-09-11 09:31:11,,23,1.593,0.421,21.784
2026-09-11 09:31:40,,23,1.612,0.421,21.817
2026-09-11 09:32:08,,23,1.625,0.421,21.272
2026-09-11 09:32:37,,23,1.644,0.421,21.307
2026-09-11 09:33:04,,23,1.636,0.422,21.313
2026-09-11 09:33:31,,23,1.621,0.422,21.343
2026-09-11 09:33:59,,23,1.599,0.422,21.355
2026-09-11 09:34:26,,23,1.595,0.422,21.385
2026-09-11 09:34:53,,23,1.612,0.422,21.393
2026-09-11 09:35:21,,23,1.628,0.422,21.409
2026-09-11 09:35:50,,23,1.647,0.422,21.426
2026-09-11 09:36:14,,23,1.653,0.422,21.453
2026-09-11 09:36:39,,23,1.632,0.422,21.464
2026-09-11 09:37:06,,23,1.61,0.422,21.477
2026-09-11 09:37:34,,23,1.596,0.422,21.499
2026-09-11 09:37:59,,23,1.604,0.422,21.524
2026-09-11 09:38:26,,23,1.619,0.422,21.539
2026-09-11 09:38:54,,23,1.639,0.422,21.575
2026-09-11 09:39:23,,23,1.653,0.422,21.575
2026-09-11 09:39:50,,23,1.639,0.422,21.581
2026-09-11 09:40:17,,23,1.616,0.422,21.664
2026-09-11 09:40:44,,23,1.598,0.422,21.687
2026-09-11 09:41:10,,23,1.605,0.421,21.694
2026-09-11 09:41:39,,23,1.624,0.421,21.712
2026-09-11 09:42:03,,23,1.634,0.421,21.673
2026-09-11 09:42:29,,23,1.661,0.421,21.696
2026-09-11 09:42:54,,23,1.667,0.421,21.711
2026-09-11 09:43:22,,23,1.634,0.421,21.724
2026-09-11 09:43:49,,23,1.613,0.421,21.741
2026-09-11 09:44:14,,23,1.607,0.421,21.775
2026-09-11 09:44:38,,23,1.616,0.421,21.786
2026-09-11 09:45:06,,23,1.63,0.421,21.805
2026-09-11 09:45:31,,23,1.649,0.421,21.816
2026-09-11 09:46:00,,23,1.67,0.421,21.863
2026-09-11 09:46:25,,23,1.658,0.421,21.87
2026-09-11 09:46:51,,23,1.633,0.421,21.882
2026-09-11 09:47:18,,23,1.616,0.421,21.896
2026-09-11 09:47:47,,23,1.605,0.421,21.292
2026-09-11 09:48:16,,23,1.631,0.422,21.339
2026-09-11 09:48:44,,23,1.652,0.422,21.384
2026-09-11 09:49:12,,23,1.676,0.422,21.413
2026-09-11 09:49:40,,23,1.674,0.422,21.416
2026-09-11 09:50:06,,23,1.642,0.422,21.449
2026-09-11 09:50:34,,23,1.623,0.422,21.48
2026-09-11 09:51:02,,23,1.617,0.422,21.508
2026-09-11 09:51:30,,23,1.634,0.422,21.538
2026-09-11 09:51:56,,23,1.652,0.421,21.495
2026-09-11 09:52:24,,23,1.679,0.421,21.568
2026-09-11 09:52:51,,23,1.691,0.421,21.595
2026-09-11 09:53:17,,23,1.67,0.421,21.61
2026-09-11 09:53:46,,23,1.645,0.421,21.57
2026-09-11 09:54:11,,23,1.623,0.421,21.602
2026-09-11 09:54:36,,23,1.626,0.421,21.631
2026-09-11 09:55:00,,23,1.649,0.421,21.642
2026-09-11 09:55:28,,23,1.676,0.421,21.658
2026-09-11 09:55:53,,23,1.692,0.421,21.683
2026-09-11 09:56:21,,23,1.694,0.421,21.739
2026-09-11 09:56:49,,23,1.668,0.421,21.76
2026-09-11 09:57:16,,23,1.641,0.421,21.824
2026-09-11 09:57:42,,23,1.628,0.421,21.843
2026-09-11 09:58:09,,23,1.649,0.421,21.891
2026-09-11 09:58:34,,23,1.675,0.421,21.906
2026-09-11 09:59:02,,23,1.703,0.421,21.885
2026-09-11 09:59:28,,23,1.722,0.421,21.985
2026-09-11 09:59:53,,23,1.718,0.421,21.968
2026-09-11 10:00:18,,23,1.695,0.422,22.003
2026-09-11 10:00:47,,23,1.664,0.422,22.041
2026-09-11 10:01:15,,23,1.647,0.42,22.068
2026-09-11 10:01:43,,23,1.68,0.42,22.002
2026-09-11 10:02:12,,23,1.716,0.42,21.451
2026-09-11 10:02:39,,23,1.743,0.42,21.471
2026-09-11 10:03:07,,23,1.759,0.42,21.495
2026-09-11 10:03:35,,23,1.721,0.42,21.53
2026-09-11 10:03:59,,23,1.696,0.42,21.561
2026-09-11 10:04:28,,23,1.697,0.42,21.61
2026-09-11 10:04:57,,23,1.742,0.42,21.732
2026-09-11 10:05:29,,23,1.811,0.42,21.747
2026-09-11 10:06:03,,23,1.878,0.42,21.885
2026-09-11 10:06:28,,23,1.931,0.444,21.984
2026-09-11 10:06:56,,23,1.988,0.5,21.954
2026-09-11 10:07:23,,23,1.962,0.473,22.013
2026-09-11 10:07:47,,23,1.925,0.436,22.067
2026-09-11 10:08:12,,23,1.894,0.421,22.162
2026-09-11 10:08:36,,23,1.876,0.42,22.254
2026-09-11 10:09:02,,23,1.944,0.455,22.218
2026-09-11 10:09:27,,23,2.011,0.523,22.279
2026-09-11 10:09:52,,23,2.076,0.588,22.335
2026-09-11 10:10:21,,23,2.114,0.625,22.478
2026-09-11 10:10:44,,23,2.077,0.589,22.537
2026-09-11 10:11:12,,23,2.004,0.517,22.572
2026-09-11 10:11:39,,23,1.957,0.47,22.641
2026-09-11 10:12:08,,23,1.963,0.475,22.755
2026-09-11 10:12:37,,23,2.07,0.582,22.858
2026-09-11 10:13:05,,23,2.17,0.683,22.962
2026-09-11 10:13:30,,23,2.238,0.751,22.068
2026-09-11 10:13:56,,23,2.272,0.784,22.153
2026-09-11 10:14:19,,23,2.183,0.695,22.245
2026-09-11 10:14:44,,23,2.111,0.623,22.346
2026-09-11 10:15:11,,23,2.051,0.563,22.451
2026-09-11 10:15:37,,23,2.103,0.615,22.542
2026-09-11 10:16:05,,23,2.171,0.682,22.602
2026-09-11 10:16:32,,23,2.18,0.691,22.67
2026-09-11 10:16:57,,23,2.178,0.689,22.723
2026-09-11 10:17:24,,23,2.101,0.612,22.802
2026-09-11 10:17:49,,23,2.021,0.532,22.866
2026-09-11 10:18:18,,23,1.996,0.507,22.414
2026-09-11 10:18:45,,23,2.01,0.521,22.465
2026-09-11 10:19:15,,23,2.027,0.537,22.56
2026-09-11 10:19:36,,13,1.398,0.555,22.225
2026-09-11 10:19:57,,11,7.353,6.68,27.436
2026-09-11 10:20:18,,11,6.929,6.257,27.151
2026-09-11 10:20:38,,11,6.936,6.263,27.29
2026-09-11 10:20:59,,11,6.936,6.264,27.339
2026-09-11 10:21:20,,11,6.848,6.175,27.34
2026-09-11 10:21:41,geo__benef__search-off,10,0.707,0.421,20.322
2026-09-11 10:22:02,geo__benef__search-off,10,0.692,0.421,20.317
2026-09-11 10:22:23,geo__benef__search-off,10,0.692,0.422,20.37
2026-09-11 10:22:43,geo__benef__search-off,10,3.995,3.337,23.644
2026-09-11 10:23:04,geo__benef__search-on,11,2.105,1.431,21.789
2026-09-11 10:23:25,geo__benef__search-on,14,2.763,1.761,22.38
2026-09-11 10:23:53,geo__benef__search-on,23,3.757,1.761,23.038
2026-09-11 10:24:21,geo__benef__search-on,23,3.762,1.761,23.079
2026-09-11 10:24:48,geo__benef__search-on,23,3.753,1.749,23.08
2026-09-11 10:25:14,geo__benef__search-on,23,3.69,1.691,23.072
2026-09-11 10:25:38,geo__benef__search-on,23,3.078,1.323,23.056
2026-09-11 10:26:07,,23,2.508,0.995,23.052
2026-09-11 10:26:35,,23,2.248,0.755,22.618
2026-09-11 10:27:03,,23,2.074,0.582,22.619
2026-09-11 10:27:29,,23,1.952,0.461,22.613
2026-09-11 10:27:57,,23,1.843,0.422,22.61
2026-09-11 10:28:23,,23,1.764,0.421,22.663
2026-09-11 10:28:50,,23,1.699,0.421,22.67
2026-09-11 10:29:18,,23,1.656,0.421,22.194
2026-09-11 10:29:44,,23,1.63,0.421,22.208
2026-09-11 10:30:12,,23,1.609,0.421,22.245
2026-09-11 10:30:41,,23,1.597,0.421,22.254
2026-09-11 10:31:06,,23,1.577,0.421,22.245
2026-09-11 10:31:35,,23,1.57,0.421,22.247
2026-09-11 10:32:03,,23,1.557,0.421,22.229
2026-09-11 10:32:29,,23,1.557,0.421,22.238
2026-09-11 10:32:55,,23,1.559,0.421,22.228
2026-09-11 10:33:22,,23,1.556,0.421,22.229
2026-09-11 10:33:51,,23,1.556,0.421,22.178
2026-09-11 10:34:15,,23,1.557,0.421,22.173
2026-09-11 10:34:43,,23,1.558,0.423,22.183
2026-09-11 10:35:12,,23,1.558,0.423,22.188
2026-09-11 10:35:40,,23,1.555,0.423,22.217
2026-09-11 10:36:09,,23,1.556,0.421,21.434
2026-09-11 10:36:35,,23,1.557,0.422,21.387
2026-09-11 10:37:01,,23,1.555,0.422,21.335
2026-09-11 10:37:29,,23,1.553,0.422,21.234
2026-09-11 10:37:57,,23,1.553,0.422,21.154
2026-09-11 10:38:22,,23,1.556,0.422,21.106
2026-09-11 10:38:52,,23,1.554,0.422,20.951
2026-09-11 10:39:20,,23,1.554,0.422,20.943
2026-09-11 10:39:48,,23,1.556,0.422,20.945
2026-09-11 10:40:16,,23,1.556,0.422,21.009
2026-09-11 10:40:44,,23,1.557,0.422,21.017
2026-09-11 10:41:09,,23,1.559,0.422,21.026
2026-09-11 10:41:38,,23,1.567,0.422,21.021
2026-09-11 10:42:00,,23,1.564,0.422,21.022
2026-09-11 10:42:25,,23,1.556,0.422,21.022
2026-09-11 10:42:53,,23,1.554,0.422,21.022
2026-09-11 10:43:21,,23,1.556,0.422,21.029
2026-09-11 10:43:49,,23,1.554,0.422,21.033
2026-09-11 10:44:15,,23,1.553,0.422,21.038
2026-09-11 10:44:41,,23,1.556,0.422,21.055
2026-09-11 10:45:07,,23,1.572,0.422,21.073
2026-09-11 10:45:35,,23,1.577,0.422,21.084
2026-09-11 10:46:03,,23,1.58,0.422,21.086
2026-09-11 10:46:29,,23,1.58,0.422,21.105
2026-09-11 10:46:57,,23,1.579,0.422,21.12
2026-09-11 10:47:25,,23,1.598,0.422,21.143
2026-09-11 10:47:53,,23,1.614,0.422,21.152
2026-09-11 10:48:19,,23,1.627,0.422,21.161
2026-09-11 10:48:48,,23,1.613,0.422,21.184
2026-09-11 10:49:14,,23,1.601,0.422,21.209
2026-09-11 10:49:37,,23,1.592,0.423,21.23
2026-09-11 10:50:01,,23,1.592,0.423,21.283
2026-09-11 10:50:30,,23,1.611,0.423,21.287
2026-09-11 10:50:58,,23,1.627,0.423,21.306
2026-09-11 10:51:25,,23,1.641,0.423,21.322
2026-09-11 10:51:54,,23,1.649,0.423,21.332
2026-09-11 10:52:23,,23,1.627,0.423,21.484
2026-09-11 10:52:50,,23,1.609,0.423,21.38
2026-09-11 10:53:15,,23,1.602,0.423,21.409
2026-09-11 10:53:44,,23,1.591,0.422,21.401
2026-09-11 10:54:12,,23,1.598,0.422,21.405
2026-09-11 10:54:41,,23,1.607,0.422,21.414
2026-09-11 10:55:09,,23,1.609,0.422,21.424
2026-09-11 10:55:38,,23,1.597,0.422,21.434
2026-09-11 10:56:08,,23,1.57,0.422,21.447
2026-09-11 10:56:37,,23,1.557,0.422,21.441
2026-09-11 10:57:05,,23,1.56,0.422,21.453
2026-09-11 10:57:33,,23,1.558,0.422,21.459
2026-09-11 10:58:01,,23,1.554,0.422,21.452
2026-09-11 10:58:29,,23,1.554,0.422,21.414
2026-09-11 10:58:57,,23,1.554,0.422,21.408
2026-09-11 10:59:23,,23,1.554,0.422,21.413
2026-09-11 10:59:49,,23,1.554,0.422,21.408
2026-09-11 11:00:16,,23,1.553,0.422,21.411
2026-09-11 11:00:44,,23,1.554,0.422,21.422
2026-09-11 11:01:11,,23,1.563,0.422,21.435
2026-09-11 11:01:39,,23,1.561,0.422,21.427
2026-09-11 11:02:07,,23,1.561,0.422,21.418
2026-09-11 11:02:35,,23,1.555,0.422,21.468
2026-09-11 11:03:03,,23,1.554,0.423,21.466
2026-09-11 11:03:32,,23,1.556,0.423,21.457
2026-09-11 11:03:59,,23,1.554,0.423,21.441
2026-09-11 11:04:27,,23,1.556,0.423,21.447
2026-09-11 11:04:52,,23,1.554,0.423,21.447
2026-09-11 11:05:20,,23,1.554,0.423,21.449
2026-09-11 11:05:45,,23,1.555,0.423,21.455
2026-09-11 11:06:14,,23,1.556,0.423,21.456
2026-09-11 11:06:42,,23,1.556,0.423,21.462
2026-09-11 11:07:10,,23,1.558,0.423,21.467
2026-09-11 11:07:37,,23,1.557,0.423,21.458
2026-09-11 11:08:01,,23,1.561,0.423,21.467
2026-09-11 11:08:28,,23,1.557,0.423,21.495
2026-09-11 11:08:56,,23,1.557,0.423,21.477
2026-09-11 11:09:25,,23,1.556,0.423,21.48
2026-09-11 11:09:52,,23,1.556,0.423,21.476
2026-09-11 11:10:19,,23,1.558,0.423,21.48
2026-09-11 11:10:49,,23,1.562,0.423,21.157
2026-09-11 11:11:14,,23,1.577,0.423,21.163
2026-09-11 11:11:42,,23,1.579,0.422,21.154
2026-09-11 11:12:07,,23,1.569,0.422,21.201
2026-09-11 11:12:36,,23,1.558,0.422,21.212
2026-09-11 11:13:04,,23,1.558,0.422,21.209
2026-09-11 11:13:29,,23,1.558,0.422,21.154
2026-09-11 11:13:56,,23,1.56,0.422,21.158
2026-09-11 11:14:22,,23,1.559,0.422,21.158
2026-09-11 11:14:50,,23,1.554,0.422,21.172
2026-09-11 11:15:18,,23,1.554,0.422,21.173
2026-09-11 11:15:46,,23,1.555,0.422,21.172
2026-09-11 11:16:15,,23,1.554,0.422,21.169
2026-09-11 11:16:43,,23,1.555,0.422,21.18
2026-09-11 11:17:11,,23,1.555,0.422,21.189
2026-09-11 11:17:38,,23,1.558,0.422,21.184
2026-09-11 11:18:05,,23,1.558,0.422,21.192
2026-09-11 11:18:32,,23,1.559,0.423,21.206
2026-09-11 11:19:00,,23,1.559,0.423,21.219
2026-09-11 11:19:27,,23,1.559,0.423,21.23
2026-09-11 11:19:54,,23,1.56,0.423,21.219
2026-09-11 11:20:22,,23,1.557,0.423,21.22
2026-09-11 11:20:50,,23,1.557,0.423,21.24
2026-09-11 11:21:18,,23,1.557,0.423,21.283
2026-09-11 11:21:43,,23,1.557,0.423,21.256
2026-09-11 11:22:12,,23,1.556,0.422,21.249
2026-09-11 11:22:41,,23,1.557,0.422,21.251
2026-09-11 11:23:09,,23,1.557,0.422,21.259
2026-09-11 11:23:36,,23,1.556,0.422,21.253
2026-09-11 11:24:03,,23,1.556,0.422,21.256
2026-09-11 11:24:31,,23,1.555,0.422,21.265
2026-09-11 11:24:57,,23,1.555,0.422,21.273
2026-09-11 11:25:24,,23,1.555,0.422,21.266
2026-09-11 11:25:52,,23,1.556,0.422,21.325
2026-09-11 11:26:21,,23,1.555,0.422,21.323
2026-09-11 11:26:48,,23,1.557,0.422,21.328
2026-09-11 11:27:16,,23,1.569,0.422,21.328
2026-09-11 11:27:45,,23,1.577,0.422,21.352
2026-09-11 11:28:13,,23,1.569,0.422,21.341
2026-09-11 11:28:41,,23,1.558,0.422,21.324
2026-09-11 11:29:09,,23,1.557,0.422,21.293
2026-09-11 11:29:38,,23,1.558,0.422,21.289
2026-09-11 11:30:06,,23,1.557,0.422,21.287
2026-09-11 11:30:32,,23,1.557,0.422,21.301
2026-09-11 11:31:00,,23,1.554,0.422,21.305
2026-09-11 11:31:26,,23,1.554,0.422,21.304
2026-09-11 11:31:49,,23,1.554,0.422,21.313
2026-09-11 11:32:16,,23,1.554,0.422,21.318
2026-09-11 11:32:42,,23,1.556,0.422,21.314
2026-09-11 11:33:10,,23,1.558,0.423,21.337
2026-09-11 11:33:37,,23,1.557,0.423,21.369
2026-09-11 11:34:04,,23,1.558,0.423,21.335
2026-09-11 11:34:30,,23,1.56,0.423,21.376
2026-09-11 11:34:56,,23,1.558,0.423,21.366
2026-09-11 11:35:23,,23,1.558,0.423,21.351
2026-09-11 11:35:48,,23,1.558,0.423,21.359
2026-09-11 11:36:15,,23,1.556,0.423,21.354
2026-09-11 11:36:41,,23,1.563,0.423,21.409
2026-09-11 11:37:06,,23,1.559,0.423,21.408
2026-09-11 11:37:30,,23,1.559,0.423,21.422
2026-09-11 11:37:56,,23,1.559,0.423,21.399
2026-09-11 11:38:21,,23,1.561,0.423,21.4
2026-09-11 11:38:48,,23,1.56,0.423,21.409
2026-09-11 11:39:13,,23,1.547,0.41,21.39
2026-09-11 11:39:39,,23,1.55,0.411,21.406
2026-09-11 11:40:06,,23,1.547,0.411,21.394
2026-09-11 11:40:32,,23,1.547,0.411,21.403
2026-09-11 11:40:58,,23,1.547,0.411,21.506
2026-09-11 11:41:22,,23,1.549,0.413,21.466
2026-09-11 11:41:49,,23,1.552,0.413,21.462
2026-09-11 11:42:13,,23,1.555,0.414,21.471
2026-09-11 11:42:40,,23,1.567,0.414,21.473
2026-09-11 11:43:07,,23,1.566,0.414,21.491
2026-09-11 11:43:31,,23,1.562,0.414,21.499
2026-09-11 11:43:57,,23,1.547,0.414,21.493
2026-09-11 11:44:22,,23,1.55,0.416,21.503
2026-09-11 11:44:47,,23,1.55,0.416,21.514
2026-09-11 11:45:14,,23,1.552,0.416,21.5
2026-09-11 11:45:40,,23,1.551,0.416,21.513
2026-09-11 11:46:06,,23,1.552,0.416,21.519
2026-09-11 11:46:32,,23,1.552,0.416,21.52
2026-09-11 11:46:59,,23,1.552,0.417,21.17
2026-09-11 11:47:24,,23,1.552,0.417,21.109
2026-09-11 11:47:50,,23,1.553,0.417,21.077
2026-09-11 11:48:14,,23,1.552,0.417,21.09
2026-09-11 11:48:41,,23,1.553,0.417,21.096
2026-09-11 11:49:07,,23,1.556,0.417,21.101
2026-09-11 11:49:33,,23,1.556,0.417,21.101
2026-09-11 11:49:58,,23,1.554,0.418,21.097
2026-09-11 11:50:22,,23,1.555,0.418,21.098
2026-09-11 11:50:49,,23,1.555,0.418,21.116
2026-09-11 11:51:15,,23,1.554,0.418,21.131
2026-09-11 11:51:41,,23,1.551,0.418,21.132
2026-09-11 11:52:08,,23,1.552,0.418,21.132
2026-09-11 11:52:35,,23,1.552,0.418,21.134
2026-09-11 11:53:01,,23,1.553,0.418,21.141
2026-09-11 11:53:28,,23,1.553,0.418,21.154
2026-09-11 11:53:53,,23,1.553,0.418,21.158
2026-09-11 11:54:20,,23,1.556,0.418,21.106
2026-09-11 11:54:46,,23,1.554,0.418,21.11
2026-09-11 11:55:12,,23,1.554,0.418,21.116
2026-09-11 11:55:39,,23,1.556,0.418,21.121
2026-09-11 11:56:07,,23,1.556,0.418,21.133
2026-09-11 11:56:34,,23,1.568,0.418,21.143
2026-09-11 11:57:01,,23,1.574,0.418,21.143
2026-09-11 11:57:27,,23,1.572,0.418,21.154
2026-09-11 11:57:54,,23,1.554,0.418,21.143
2026-09-11 11:58:20,,23,1.555,0.418,21.206
2026-09-11 11:58:47,,23,1.556,0.418,21.192
2026-09-11 11:59:12,,23,1.554,0.418,21.16
2026-09-11 11:59:40,,23,1.553,0.419,21.172
2026-09-11 12:00:07,,23,1.553,0.419,21.179
2026-09-11 12:00:31,,23,1.552,0.418,21.166
2026-09-11 12:00:57,,23,1.553,0.418,21.164
2026-09-11 12:01:23,,23,1.555,0.418,21.177
2026-09-11 12:01:50,,23,1.554,0.418,21.177
2026-09-11 12:02:17,,23,1.553,0.418,21.179
2026-09-11 12:02:44,,23,1.555,0.418,21.198
2026-09-11 12:03:11,,23,1.555,0.418,21.216
2026-09-11 12:03:37,,23,1.554,0.418,21.201
2026-09-11 12:04:04,,23,1.557,0.418,21.2
2026-09-11 12:04:31,,23,1.554,0.418,21.205
2026-09-11 12:04:58,,23,1.553,0.418,21.214
2026-09-11 12:05:24,,23,1.553,0.418,21.215
2026-09-11 12:05:51,,23,1.553,0.418,21.21
2026-09-11 12:06:17,,23,1.553,0.418,21.281
2026-09-11 12:06:44,,23,1.552,0.418,21.29
2026-09-11 12:07:11,,23,1.553,0.418,21.308
2026-09-11 12:07:38,,23,1.554,0.418,21.32
2026-09-11 12:08:03,,23,1.553,0.418,21.308
2026-09-11 12:08:29,,23,1.553,0.418,21.319
2026-09-11 12:08:56,,23,1.554,0.418,21.302
2026-09-11 12:09:23,,23,1.56,0.418,21.316
2026-09-11 12:09:50,,23,1.573,0.418,21.327
2026-09-11 12:10:17,,23,1.577,0.418,21.324
2026-09-11 12:10:44,,23,1.574,0.418,21.324
2026-09-11 12:11:11,,23,1.558,0.418,21.326
2026-09-11 12:11:38,,23,1.56,0.418,21.336
2026-09-11 12:12:04,,23,1.561,0.418,21.334
2026-09-11 12:12:31,,23,1.544,0.408,21.337
2026-09-11 12:12:58,,23,1.545,0.408,21.351
2026-09-11 12:13:24,,23,1.546,0.409,21.352
2026-09-11 12:13:51,,23,1.545,0.409,21.352
2026-09-11 12:14:16,,23,1.549,0.409,21.353
2026-09-11 12:14:41,,23,1.55,0.409,21.362
2026-09-11 12:15:06,,23,1.548,0.41,21.372
2026-09-11 12:15:32,,23,1.549,0.41,21.369
2026-09-11 12:15:59,,23,1.549,0.41,21.367
2026-09-11 12:16:26,,23,1.55,0.411,21.374
2026-09-11 12:16:53,,23,1.558,0.411,21.383
2026-09-11 12:17:19,,23,1.569,0.411,21.404
2026-09-11 12:17:46,,23,1.569,0.411,21.404
2026-09-11 12:18:13,,23,1.553,0.412,21.42
2026-09-11 12:18:39,,23,1.549,0.412,21.404
2026-09-11 12:19:05,,23,1.549,0.412,21.415
2026-09-11 12:19:32,,23,1.55,0.412,21.428
2026-09-11 12:20:00,,23,1.549,0.412,21.471
2026-09-11 12:20:25,,23,1.551,0.413,21.375
2026-09-11 12:20:51,,23,1.551,0.413,21.383
2026-09-11 12:21:17,,23,1.551,0.413,21.397
2026-09-11 12:21:43,,23,1.551,0.413,21.396
2026-09-11 12:22:10,,23,1.555,0.415,21.406
2026-09-11 12:22:34,,23,1.561,0.414,21.406
2026-09-11 12:22:58,,23,1.56,0.414,21.497
2026-09-11 12:23:25,,23,1.559,0.414,21.444
2026-09-11 12:23:52,,23,1.553,0.414,21.451
2026-09-11 12:24:15,,23,1.553,0.414,21.453
2026-09-11 12:24:42,,23,1.552,0.414,21.44
2026-09-11 12:25:11,,23,1.551,0.414,21.48
2026-09-11 12:25:33,,23,1.551,0.414,21.437
2026-09-11 12:26:00,,23,1.551,0.414,21.435
2026-09-11 12:26:24,,23,1.553,0.414,21.442
2026-09-11 12:26:49,,23,1.551,0.414,21.438
2026-09-11 12:27:15,,23,1.549,0.414,21.452
2026-09-11 12:27:41,,23,1.55,0.414,21.446
2026-09-11 12:28:07,,23,1.55,0.414,21.496
2026-09-11 12:28:34,,23,1.557,0.414,21.512
2026-09-11 12:28:59,,23,1.569,0.414,21.514
2026-09-11 12:29:26,,23,1.574,0.414,21.142
2026-09-11 12:29:54,,23,1.572,0.414,21.096
2026-09-11 12:30:17,,23,1.558,0.414,21.092
2026-09-11 12:30:43,,23,1.552,0.414,21.107
2026-09-11 12:31:10,,23,1.552,0.414,21.107
2026-09-11 12:31:37,,23,1.549,0.414,21.107
2026-09-11 12:32:00,,23,1.551,0.414,21.267
2026-09-11 12:32:25,,23,1.551,0.414,21.261
2026-09-11 12:32:54,,23,1.551,0.414,21.275
2026-09-11 12:33:19,,23,1.558,0.414,21.298
2026-09-11 12:33:42,,23,1.558,0.414,21.274
2026-09-11 12:34:09,,23,1.56,0.414,21.256
2026-09-11 12:34:32,,23,1.56,0.414,21.246
2026-09-11 12:34:58,,23,1.558,0.414,21.247
2026-09-11 12:35:26,,23,1.554,0.414,21.261
2026-09-11 12:35:54,,23,1.557,0.414,21.286
2026-09-11 12:36:16,,23,1.556,0.415,21.277
2026-09-11 12:36:43,,23,1.556,0.415,21.284
2026-09-11 12:37:08,,23,1.554,0.414,21.295
2026-09-11 12:37:34,,23,1.557,0.416,21.304
2026-09-11 12:37:58,,23,1.559,0.416,21.305
2026-09-11 12:38:22,,23,1.557,0.416,21.299
2026-09-11 12:38:50,,23,1.557,0.416,21.306
2026-09-11 12:39:17,,23,1.558,0.416,21.316
2026-09-11 12:39:43,,23,1.563,0.416,21.33
2026-09-11 12:40:10,,23,1.555,0.416,21.395
2026-09-11 12:40:37,,23,1.555,0.416,21.389
2026-09-11 12:41:00,,23,1.554,0.416,21.388
2026-09-11 12:41:25,,23,1.555,0.416,21.387
2026-09-11 12:41:47,,23,1.558,0.416,21.391
2026-09-11 12:42:14,,23,1.56,0.416,21.401
2026-09-11 12:42:41,,23,1.556,0.416,21.405
2026-09-11 12:43:07,,23,1.557,0.416,21.387
2026-09-11 12:43:35,,23,1.561,0.416,21.384
2026-09-11 12:44:01,,23,1.574,0.416,21.386
2026-09-11 12:44:27,,23,1.579,0.416,21.339
2026-09-11 12:44:52,,23,1.571,0.416,21.342
2026-09-11 12:45:19,,23,1.554,0.416,21.351
2026-09-11 12:45:46,,23,1.553,0.415,21.349
2026-09-11 12:46:13,,23,1.553,0.415,21.355
2026-09-11 12:46:37,,23,1.552,0.415,21.358
2026-09-11 12:47:04,,23,1.552,0.415,21.354
2026-09-11 12:47:28,,23,1.553,0.415,21.357
2026-09-11 12:47:52,,23,1.554,0.415,21.352
2026-09-11 12:48:16,,23,1.56,0.415,21.362
2026-09-11 12:48:42,,23,1.557,0.415,21.361
2026-09-11 12:49:05,,23,1.557,0.415,21.359
2026-09-11 12:49:32,,23,1.558,0.415,21.369
2026-09-11 12:49:59,,23,1.553,0.415,21.373
2026-09-11 12:50:26,,23,1.539,0.402,21.392
2026-09-11 12:50:52,,23,1.539,0.402,21.378
2026-09-11 12:51:16,,23,1.538,0.403,21.381
2026-09-11 12:51:42,,23,1.538,0.403,21.38
2026-09-11 12:52:09,,23,1.546,0.404,21.408
2026-09-11 12:52:34,,23,1.54,0.404,21.15
2026-09-11 12:53:01,,23,1.54,0.404,21.01
2026-09-11 12:53:26,,23,1.546,0.405,21.03
2026-09-11 12:53:51,,23,1.548,0.404,21.022
2026-09-11 12:54:16,,23,1.566,0.405,21.037
2026-09-11 12:54:41,,23,1.566,0.405,21.046
2026-09-11 12:55:05,,23,1.559,0.405,21.036
2026-09-11 12:55:27,,23,1.545,0.406,21.052
2026-09-11 12:55:56,,23,1.547,0.407,21.082
2026-09-11 12:56:23,,23,1.542,0.407,21.142
2026-09-11 12:56:49,,23,1.543,0.407,21.137
2026-09-11 12:57:17,,23,1.544,0.407,21.144
2026-09-11 12:57:42,,23,1.547,0.407,21.132
2026-09-11 12:58:09,,23,1.545,0.407,21.149
2026-09-11 12:58:35,,23,1.542,0.407,21.147
2026-09-11 12:59:00,,23,1.542,0.407,21.14
2026-09-11 12:59:27,,23,1.546,0.407,21.227
2026-09-11 12:59:55,,23,1.536,0.386,21.192
2026-09-11 13:00:21,,23,1.526,0.387,21.211
2026-09-11 13:00:48,,23,1.528,0.389,21.159
2026-09-11 13:01:14,,23,1.53,0.39,21.167
2026-09-11 13:01:42,,23,1.529,0.39,21.166
2026-09-11 13:02:09,,23,1.524,0.39,21.178
2026-09-11 13:02:36,,23,1.525,0.391,21.171
2026-09-11 13:03:01,,23,1.526,0.391,21.171
2026-09-11 13:03:28,,23,1.536,0.392,21.179
2026-09-11 13:03:53,,23,1.548,0.392,21.21
2026-09-11 13:04:18,,23,1.551,0.392,21.23
2026-09-11 13:04:44,,23,1.546,0.392,21.224
2026-09-11 13:05:11,,23,1.532,0.392,21.24
2026-09-11 13:05:38,,23,1.53,0.392,21.319
2026-09-11 13:06:05,,23,1.529,0.392,21.273
2026-09-11 13:06:32,,23,1.528,0.392,21.347
2026-09-11 13:06:56,,23,1.529,0.392,21.236
2026-09-11 13:07:19,,23,1.528,0.392,21.244
2026-09-11 13:07:45,,23,1.531,0.392,21.264
2026-09-11 13:08:10,,23,1.529,0.392,21.258
2026-09-11 13:08:37,,23,1.529,0.392,21.265
2026-09-11 13:09:02,,23,1.531,0.392,21.25
2026-09-11 13:09:29,,23,1.546,0.393,21.268
2026-09-11 13:09:57,,23,1.555,0.393,21.275
2026-09-11 13:10:22,,23,1.552,0.393,21.266
2026-09-11 13:10:48,,23,1.543,0.393,21.263
2026-09-11 13:11:10,,23,1.536,0.393,21.272
2026-09-11 13:11:37,,23,1.531,0.393,21.292
2026-09-11 13:12:03,,23,1.53,0.393,21.36
2026-09-11 13:12:29,,23,1.531,0.393,21.363
2026-09-11 13:12:53,,23,1.532,0.393,21.35
2026-09-11 13:13:20,,23,1.53,0.393,21.316
2026-09-11 13:13:47,,23,1.531,0.393,21.327
2026-09-11 13:14:14,,23,1.532,0.393,21.321
2026-09-11 13:14:40,,23,1.54,0.393,21.323
2026-09-11 13:15:05,,23,1.549,0.393,21.334
2026-09-11 13:15:32,,23,1.558,0.394,21.353
2026-09-11 13:15:56,,23,1.552,0.394,21.356
2026-09-11 13:16:22,,23,1.537,0.394,21.349
2026-09-11 13:16:49,,23,1.532,0.394,21.355
2026-09-11 13:17:12,,23,1.533,0.395,21.368
2026-09-11 13:17:38,,23,1.532,0.394,21.383
2026-09-11 13:18:05,,23,1.532,0.394,21.378
2026-09-11 13:18:30,,23,1.535,0.394,21.439
2026-09-11 13:18:55,,23,1.532,0.394,21.45
2026-09-11 13:19:22,,23,1.536,0.394,21.459
2026-09-11 13:19:47,,23,1.536,0.394,21.452
2026-09-11 13:20:14,,23,1.543,0.394,21.124
2026-09-11 13:20:40,,23,1.542,0.394,21.132
2026-09-11 13:21:07,,23,1.533,0.394,21.136
2026-09-11 13:21:34,,23,1.533,0.394,21.144
2026-09-11 13:21:58,,23,1.535,0.394,21.163
2026-09-11 13:22:25,,23,1.535,0.394,21.155
2026-09-11 13:22:50,,23,1.542,0.394,21.161
2026-09-11 13:23:15,,23,1.541,0.395,21.17
2026-09-11 13:23:41,,23,1.537,0.395,21.163
2026-09-11 13:24:07,,23,1.533,0.395,21.181
2026-09-11 13:24:33,,23,1.532,0.395,21.183
2026-09-11 13:24:59,,23,1.532,0.395,21.19
2026-09-11 13:25:22,,23,1.533,0.395,21.156
2026-09-11 13:25:49,,23,1.533,0.395,21.171
2026-09-11 13:26:12,,23,1.535,0.395,21.199
2026-09-11 13:26:39,,23,1.533,0.395,21.185
2026-09-11 13:27:04,,23,1.533,0.395,21.233
2026-09-11 13:27:31,,23,1.542,0.395,21.242
2026-09-11 13:27:58,,23,1.548,0.395,21.247
2026-09-11 13:28:22,,23,1.552,0.395,21.197
2026-09-11 13:28:48,,23,1.549,0.395,21.187
2026-09-11 13:29:14,,23,1.542,0.395,21.205
2026-09-11 13:29:40,,23,1.532,0.395,21.204
2026-09-11 13:30:07,,23,1.532,0.395,21.223
2026-09-11 13:30:34,,23,1.532,0.395,21.215
2026-09-11 13:31:00,,23,1.534,0.395,21.226
2026-09-11 13:31:27,,23,1.532,0.395,21.245
2026-09-11 13:31:54,,23,1.534,0.395,21.257
2026-09-11 13:32:21,,23,1.54,0.395,21.254
2026-09-11 13:32:48,,23,1.546,0.395,21.255
2026-09-11 13:33:14,,23,1.55,0.395,21.262
2026-09-11 13:33:41,,23,1.532,0.395,21.275
2026-09-11 13:34:08,,23,1.534,0.395,21.29
2026-09-11 13:34:34,,23,1.531,0.395,21.297
2026-09-11 13:34:59,,23,1.533,0.395,21.305
2026-09-11 13:35:27,,23,1.532,0.395,21.299
2026-09-11 13:35:53,,23,1.541,0.395,21.312
2026-09-11 13:36:19,,23,1.542,0.395,21.329
2026-09-11 13:36:46,,23,1.548,0.395,21.319
2026-09-11 13:37:13,,23,1.546,0.395,21.329
2026-09-11 13:37:40,,23,1.544,0.395,21.337
2026-09-11 13:38:06,,23,1.534,0.395,21.348
2026-09-11 13:38:32,,23,1.533,0.395,21.351
2026-09-11 13:38:59,,23,1.533,0.395,21.355
2026-09-11 13:39:26,,23,1.534,0.395,21.371
2026-09-11 13:39:53,,23,1.534,0.395,21.387
2026-09-11 13:40:19,,23,1.538,0.395,21.46
2026-09-11 13:40:41,,23,1.534,0.395,21.453
2026-09-11 13:41:08,,23,1.543,0.395,21.444
2026-09-11 13:41:35,,23,1.551,0.395,21.455
2026-09-11 13:42:01,,23,1.553,0.395,21.465
2026-09-11 13:42:26,,23,1.546,0.395,21.425
2026-09-11 13:42:49,,23,1.533,0.395,21.423
2026-09-11 13:43:16,,23,1.531,0.395,21.431
2026-09-11 13:43:43,,23,1.531,0.395,21.436
2026-09-11 13:44:09,,23,1.533,0.395,21.069
2026-09-11 13:44:36,,23,1.534,0.395,21.091
2026-09-11 13:45:03,,23,1.539,0.395,21.088
2026-09-11 13:45:30,,23,1.541,0.395,21.104
2026-09-11 13:45:57,,23,1.546,0.395,21.112
2026-09-11 13:46:24,,23,1.543,0.395,21.114
2026-09-11 13:46:49,,23,1.536,0.395,21.13
2026-09-11 13:47:16,,23,1.533,0.395,21.127
2026-09-11 13:47:42,,23,1.536,0.395,21.144
2026-09-11 13:48:08,,23,1.535,0.395,21.143
2026-09-11 13:48:34,,23,1.542,0.395,21.155
2026-09-11 13:49:01,,23,1.543,0.395,21.145
2026-09-11 13:49:27,,23,1.542,0.395,21.157
2026-09-11 13:49:51,,23,1.531,0.395,21.179
2026-09-11 13:50:18,,23,1.532,0.395,21.183
2026-09-11 13:50:45,,23,1.535,0.395,21.182
2026-09-11 13:51:12,,23,1.536,0.395,21.186
2026-09-11 13:51:39,,23,1.532,0.395,21.205
2026-09-11 13:52:06,,23,1.534,0.395,21.203
2026-09-11 13:52:33,,23,1.541,0.395,21.221
2026-09-11 13:53:00,,23,1.552,0.395,21.224
2026-09-11 13:53:26,,23,1.555,0.395,21.233
2026-09-11 13:53:52,,23,1.54,0.395,21.208
2026-09-11 13:54:19,,23,1.532,0.395,21.223
2026-09-11 13:54:46,,23,1.531,0.395,21.213
2026-09-11 13:55:14,,23,1.533,0.395,21.238
2026-09-11 13:55:41,,23,1.529,0.395,21.235
2026-09-11 13:56:09,,23,1.533,0.395,21.265
2026-09-11 13:56:37,,23,1.542,0.395,21.257
2026-09-11 13:57:03,,23,1.548,0.395,21.313
2026-09-11 13:57:30,,23,1.547,0.395,21.334
2026-09-11 13:57:56,,23,1.541,0.395,21.343
2026-09-11 13:58:22,,23,1.531,0.395,21.343
2026-09-11 13:58:48,,23,1.532,0.395,21.332
2026-09-11 13:59:13,,23,1.532,0.395,21.347
2026-09-11 13:59:39,,23,1.532,0.395,21.348
2026-09-11 14:00:05,,23,1.534,0.395,21.37
2026-09-11 14:00:30,,23,1.533,0.395,21.394
2026-09-11 14:00:56,,23,1.543,0.395,21.4
2026-09-11 14:01:23,,23,1.547,0.395,21.408
2026-09-11 14:01:50,,23,1.547,0.395,21.42
2026-09-11 14:02:17,,23,1.533,0.395,21.433
2026-09-11 14:02:44,,23,1.531,0.395,21.432
2026-09-11 14:03:11,,23,1.536,0.395,21.429
2026-09-11 14:03:38,,23,1.534,0.395,21.444
2026-09-11 14:04:04,,23,1.538,0.395,21.454
2026-09-11 14:04:30,,23,1.544,0.395,21.469
2026-09-11 14:04:55,,23,1.548,0.395,21.458
2026-09-11 14:05:22,,23,1.541,0.395,21.409
2026-09-11 14:05:48,,23,1.532,0.395,21.423
2026-09-11 14:06:15,,23,1.533,0.395,21.449
2026-09-11 14:06:42,,23,1.533,0.395,21.446
2026-09-11 14:07:06,,23,1.538,0.395,21.451
2026-09-11 14:07:31,,23,1.53,0.395,21.452
2026-09-11 14:07:54,,23,1.531,0.395,21.452
2026-09-11 14:08:19,,23,1.538,0.395,21.046
2026-09-11 14:08:45,,23,1.545,0.395,21.054
2026-09-11 14:09:12,,23,1.549,0.395,21.056
2026-09-11 14:09:38,,23,1.547,0.395,21.059
2026-09-11 14:10:03,,23,1.535,0.395,21.067
2026-09-11 14:10:26,,23,1.539,0.395,21.081
2026-09-11 14:10:51,,23,1.546,0.395,21.074
2026-09-11 14:11:14,,23,1.551,0.395,21.084
2026-09-11 14:11:40,,23,1.543,0.395,21.093
2026-09-11 14:12:05,,23,1.538,0.395,21.156
2026-09-11 14:12:30,,23,1.536,0.395,21.164
2026-09-11 14:12:56,,23,1.534,0.395,21.175
2026-09-11 14:13:23,,23,1.536,0.395,21.12
2026-09-11 14:13:49,,23,1.54,0.395,21.127
2026-09-11 14:14:16,,23,1.547,0.395,21.143
2026-09-11 14:14:41,,23,1.546,0.395,21.129
2026-09-11 14:15:08,,23,1.537,0.395,21.14
2026-09-11 14:15:34,,23,1.535,0.395,21.164
2026-09-11 14:16:01,,23,1.533,0.395,21.178
2026-09-11 14:16:28,,23,1.529,0.395,21.181
2026-09-11 14:16:54,,23,1.527,0.395,21.169
2026-09-11 14:17:22,,23,1.52,0.402,21.383
2026-09-11 14:17:46,,23,1.496,0.402,21.35
2026-09-11 14:18:10,,23,1.465,0.406,21.379
2026-09-11 14:18:35,,23,1.44,0.406,21.441
2026-09-11 14:18:57,,23,1.422,0.406,21.439
2026-09-11 14:19:19,,23,1.398,0.406,21.367
2026-09-11 14:19:41,,23,1.384,0.406,21.368
2026-09-11 14:20:03,,23,1.373,0.405,21.388
2026-09-11 14:20:25,,23,1.356,0.406,21.436
2026-09-11 14:20:47,,23,1.34,0.406,21.465
2026-09-11 14:21:10,,23,1.314,0.406,21.423
2026-09-11 14:21:32,,23,1.298,0.406,21.413
2026-09-11 14:21:54,,23,1.287,0.406,21.428
2026-09-11 14:22:16,,23,1.274,0.406,21.448
2026-09-11 14:22:37,,23,1.258,0.406,21.467
2026-09-11 14:22:59,,23,1.24,0.406,21.478
2026-09-11 14:23:21,,23,1.237,0.406,21.515
2026-09-11 14:23:43,,23,1.222,0.406,21.507
2026-09-11 14:24:05,,23,1.208,0.406,21.507
2026-09-11 14:24:27,,23,1.192,0.406,21.497
2026-09-11 14:24:49,,23,1.181,0.406,21.503
2026-09-11 14:25:11,,23,1.176,0.406,21.517
2026-09-11 14:25:32,,23,1.165,0.406,21.518
2026-09-11 14:25:54,,23,1.15,0.406,21.492
2026-09-11 14:26:16,,23,1.128,0.406,21.5
2026-09-11 14:26:38,,23,1.113,0.406,21.511
2026-09-11 14:27:00,,23,1.094,0.406,21.561
2026-09-11 14:27:22,,23,1.088,0.406,21.567
2026-09-11 14:27:45,,23,1.09,0.407,21.523
2026-09-11 14:28:07,,23,1.092,0.406,21.545
2026-09-11 14:28:29,,23,1.105,0.407,21.043
2026-09-11 14:28:50,,23,1.095,0.408,21.038
2026-09-11 14:29:12,,23,1.073,0.408,21.026
2026-09-11 14:29:34,,23,1.051,0.408,21.062
2026-09-11 14:29:56,,23,1.042,0.408,21.054
2026-09-11 14:30:19,,23,1.035,0.408,21.064
2026-09-11 14:30:40,,23,1.035,0.41,21.076
2026-09-11 14:31:02,,23,1.035,0.41,21.073
2026-09-11 14:31:24,,23,1.042,0.411,21.064
2026-09-11 14:31:46,,23,1.051,0.411,21.087
2026-09-11 14:32:08,,23,1.06,0.411,21.116
2026-09-11 14:32:29,,23,1.058,0.411,21.139
2026-09-11 14:32:51,,23,1.056,0.411,21.126
2026-09-11 14:33:13,,23,1.05,0.411,21.132
2026-09-11 14:33:35,,23,1.04,0.411,21.101
2026-09-11 14:33:57,,23,1.041,0.411,21.122
2026-09-11 14:34:18,,23,1.045,0.411,21.105
2026-09-11 14:34:40,,23,1.045,0.412,21.104
2026-09-11 14:35:02,,23,1.043,0.412,21.087
2026-09-11 14:35:24,,23,1.049,0.413,21.117
2026-09-11 14:35:45,,23,1.056,0.413,21.117
2026-09-11 14:36:07,,23,1.061,0.413,21.15
2026-09-11 14:36:29,,23,1.065,0.414,21.149
2026-09-11 14:36:51,,23,1.064,0.414,21.161
2026-09-11 14:37:13,,23,1.047,0.414,21.148
2026-09-11 14:37:35,,23,1.042,0.414,21.166
2026-09-11 14:37:58,,23,1.045,0.414,21.17
2026-09-11 14:38:20,,23,1.048,0.414,21.193
2026-09-11 14:38:42,,23,1.046,0.414,21.215
2026-09-11 14:39:03,,23,1.047,0.414,21.227
2026-09-11 14:39:25,,23,1.054,0.414,21.239
2026-09-11 14:39:47,,23,1.057,0.413,21.239
2026-09-11 14:40:09,,23,1.057,0.413,21.253
2026-09-11 14:40:31,,23,1.059,0.413,21.256
2026-09-11 14:40:52,,23,1.05,0.413,21.263
2026-09-11 14:41:14,,23,1.043,0.413,21.175
2026-09-11 14:41:36,,23,1.044,0.413,21.204
2026-09-11 14:41:58,,23,1.042,0.414,21.174
2026-09-11 14:42:20,,23,1.045,0.414,21.13
2026-09-11 14:42:42,,23,1.041,0.414,21.163
2026-09-11 14:43:04,,23,1.046,0.414,21.181
2026-09-11 14:43:26,,23,1.059,0.415,21.206
2026-09-11 14:43:47,,23,1.068,0.414,21.202
2026-09-11 14:44:09,,23,1.067,0.415,21.207
2026-09-11 14:44:32,,23,1.056,0.414,21.228
2026-09-11 14:44:53,,23,1.044,0.415,21.256
2026-09-11 14:45:16,,23,1.045,0.415,21.267
2026-09-11 14:45:37,,23,1.044,0.414,21.271
2026-09-11 14:45:59,,23,1.045,0.415,21.289
2026-09-11 14:46:21,,23,1.045,0.415,21.3
2026-09-11 14:46:43,,23,1.051,0.414,21.31
2026-09-11 14:47:06,,23,1.052,0.412,21.331
2026-09-11 14:47:27,,23,1.058,0.412,21.316
2026-09-11 14:47:50,,23,1.059,0.412,21.318
2026-09-11 14:48:12,,23,1.051,0.412,21.351
2026-09-11 14:48:34,,23,1.042,0.412,21.42
2026-09-11 14:48:56,,23,1.043,0.412,20.997
2026-09-11 14:49:18,,23,1.043,0.412,20.956
2026-09-11 14:49:40,,23,1.041,0.412,20.962
2026-09-11 14:50:02,,23,1.041,0.412,20.992
2026-09-11 14:50:24,,23,1.046,0.412,20.99
2026-09-11 14:50:46,,23,1.054,0.413,20.862
2026-09-11 14:51:08,,23,1.058,0.413,20.87
2026-09-11 14:51:30,,23,1.065,0.413,20.895
2026-09-11 14:51:52,,23,1.065,0.413,20.914
2026-09-11 14:52:14,,23,1.058,0.413,20.931
2026-09-11 14:52:36,,23,1.044,0.413,20.934
2026-09-11 14:52:58,,23,1.044,0.413,20.949
2026-09-11 14:53:21,,23,1.043,0.413,20.958
2026-09-11 14:53:42,,23,1.048,0.413,20.959
2026-09-11 14:54:04,,23,1.052,0.413,20.986
2026-09-11 14:54:26,,23,1.061,0.412,20.993
2026-09-11 14:54:49,,23,1.06,0.412,20.991
2026-09-11 14:55:11,,23,1.059,0.412,20.998
2026-09-11 14:55:33,,23,1.048,0.412,21.007
2026-09-11 14:55:55,,23,1.042,0.412,21.067
2026-09-11 14:56:18,,23,1.042,0.412,21.069
2026-09-11 14:56:40,,23,1.054,0.412,21.071
2026-09-11 14:57:02,,23,1.058,0.412,21.09
2026-09-11 14:57:24,,23,1.063,0.412,21.111
2026-09-11 14:57:47,,23,1.067,0.412,21.105
2026-09-11 14:58:09,,23,1.072,0.412,21.143
2026-09-11 14:58:31,,23,1.061,0.413,21.148
2026-09-11 14:58:53,,23,1.045,0.413,21.141
2026-09-11 14:59:15,,23,1.046,0.413,21.123
2026-09-11 14:59:37,,23,1.046,0.413,21.126
2026-09-11 14:59:59,,23,1.047,0.413,21.138
2026-09-11 15:00:21,,23,1.051,0.413,21.161
2026-09-11 15:00:43,,23,1.067,0.413,21.194
2026-09-11 15:01:05,,23,1.065,0.413,21.172
2026-09-11 15:01:27,,23,1.052,0.413,21.11
2026-09-11 15:01:49,,23,1.048,0.413,21.118
2026-09-11 15:02:11,,23,1.045,0.413,21.165
2026-09-11 15:02:34,,23,1.046,0.413,21.482
2026-09-11 15:02:56,,23,1.047,0.413,21.557
2026-09-11 15:03:18,,23,1.056,0.413,21.592
2026-09-11 15:03:40,,23,1.06,0.413,21.687
2026-09-11 15:04:04,,23,1.064,0.413,21.731
2026-09-11 15:04:27,,23,1.07,0.413,21.609
2026-09-11 15:04:49,,23,1.075,0.413,21.752
2026-09-11 15:05:12,,23,1.065,0.413,21.76
2026-09-11 15:05:34,,23,1.052,0.413,21.746
2026-09-11 15:05:56,,23,1.061,0.414,21.716
2026-09-11 15:06:18,,23,1.064,0.414,21.722
2026-09-11 15:06:40,,23,1.067,0.414,21.663
2026-09-11 15:07:02,,23,1.073,0.414,21.645
2026-09-11 15:07:24,,23,1.069,0.412,21.686
2026-09-11 15:07:46,,23,1.064,0.412,21.68
2026-09-11 15:08:08,,23,1.058,0.412,21.672
2026-09-11 15:08:30,,23,1.061,0.412,21.704
2026-09-11 15:08:52,,23,1.046,0.412,21.67
2026-09-11 15:09:14,,23,1.03,0.412,21.674
2026-09-11 15:09:36,,23,1.025,0.412,21.672
2026-09-11 15:09:58,,23,1.015,0.412,21.69
2026-09-11 15:10:20,,23,0.998,0.412,21.71
2026-09-11 15:10:42,,23,1.004,0.412,21.678
2026-09-11 15:11:04,,23,0.996,0.412,21.69
2026-09-11 15:11:26,,23,0.992,0.412,21.693
2026-09-11 15:11:48,,23,0.996,0.412,21.706
2026-09-11 15:12:10,,23,1.004,0.412,21.732
2026-09-11 15:12:33,,23,1.006,0.413,21.568
2026-09-11 15:12:55,,23,1.017,0.413,21.275
2026-09-11 15:13:17,,23,1.022,0.413,21.276
2026-09-11 15:13:39,,23,1.024,0.413,21.225
2026-09-11 15:14:01,,23,1.038,0.413,21.284
2026-09-11 15:14:23,,23,1.045,0.413,21.252
2026-09-11 15:14:46,,23,1.046,0.413,21.265
2026-09-11 15:15:08,,23,1.062,0.413,21.285
2026-09-11 15:15:31,,23,1.071,0.413,21.28
2026-09-11 15:15:53,,23,1.075,0.413,21.276
2026-09-11 15:16:15,,23,1.09,0.413,21.325
2026-09-11 15:16:38,,23,1.092,0.413,21.349
2026-09-11 15:17:00,,23,1.112,0.413,21.362
2026-09-11 15:17:22,,23,1.105,0.413,21.382
2026-09-11 15:17:44,,23,1.1,0.413,21.407
2026-09-11 15:18:06,,23,1.1,0.413,21.357
2026-09-11 15:18:28,,23,1.099,0.414,21.408
2026-09-11 15:18:50,,23,1.097,0.414,21.399
2026-09-11 15:19:12,,23,1.096,0.414,21.416
2026-09-11 15:19:34,,23,1.098,0.414,21.383
2026-09-11 15:19:56,,23,1.099,0.414,21.389
2026-09-11 15:20:18,,23,1.113,0.414,21.424
2026-09-11 15:20:40,,23,1.128,0.414,21.49
2026-09-11 15:21:02,,23,1.149,0.414,21.487
2026-09-11 15:21:24,,23,1.166,0.414,21.501
2026-09-11 15:21:46,,23,1.184,0.414,21.534
2026-09-11 15:22:08,,23,1.206,0.414,21.566
2026-09-11 15:22:30,,23,1.223,0.414,21.62
2026-09-11 15:22:52,,23,1.237,0.424,21.821
2026-09-11 15:23:15,,23,1.255,0.443,21.824
2026-09-11 15:23:37,,23,1.277,0.464,21.829
2026-09-11 15:23:59,,23,1.296,0.483,21.841
2026-09-11 15:24:21,,23,1.315,0.502,21.8
2026-09-11 15:24:43,,23,1.335,0.522,21.832
2026-09-11 15:25:05,,23,1.353,0.541,21.871
2026-09-11 15:25:28,,23,1.375,0.563,21.914
2026-09-11 15:25:50,,23,1.388,0.576,21.924
2026-09-11 15:26:12,,23,1.401,0.59,22.028
2026-09-11 15:26:34,,23,1.411,0.6,22.009
2026-09-11 15:26:57,,23,1.399,0.589,22.074
2026-09-11 15:27:20,,23,1.378,0.568,22.141
2026-09-11 15:27:42,,23,1.361,0.551,22.171
2026-09-11 15:28:05,,23,1.345,0.536,22.193
2026-09-11 15:28:27,,23,1.332,0.523,22.213
2026-09-11 15:28:49,,23,1.321,0.511,22.216
2026-09-11 15:29:11,,23,1.308,0.498,22.187
2026-09-11 15:29:33,,23,1.297,0.487,22.207
2026-09-11 15:29:56,,23,1.284,0.475,22.161
2026-09-11 15:30:18,,23,1.272,0.462,22.189
2026-09-11 15:30:40,,23,1.265,0.455,22.212
2026-09-11 15:31:03,,23,1.252,0.442,22.233
2026-09-11 15:31:25,,23,1.258,0.448,22.276
2026-09-11 15:31:47,,23,1.263,0.453,22.311
2026-09-11 15:32:09,,23,1.279,0.47,22.334
2026-09-11 15:32:31,,23,1.303,0.494,22.36
2026-09-11 15:32:53,,23,1.322,0.512,22.396
2026-09-11 15:33:16,,23,1.312,0.502,21.792
2026-09-11 15:33:38,,23,1.278,0.468,21.818
2026-09-11 15:34:01,,23,1.246,0.437,21.844
2026-09-11 15:34:23,,23,1.216,0.414,21.883
2026-09-11 15:34:45,,23,1.154,0.414,21.908
2026-09-11 15:35:07,,23,1.107,0.414,21.937
2026-09-11 15:35:29,,23,1.07,0.414,21.886
2026-09-11 15:35:51,,23,1.061,0.415,21.983
2026-09-11 15:36:14,,23,1.057,0.415,22.032
2026-09-11 15:36:36,,23,1.028,0.415,22.083
2026-09-11 15:36:58,,23,1.03,0.415,22.117
2026-09-11 15:37:21,,23,1.056,0.415,22.163
2026-09-11 15:37:43,,23,1.083,0.415,22.171
2026-09-11 15:38:05,,23,1.11,0.415,22.186
2026-09-11 15:38:27,,23,1.143,0.415,22.228
2026-09-11 15:38:49,,23,1.174,0.414,22.265
2026-09-11 15:39:12,,23,1.213,0.414,22.308
2026-09-11 15:39:34,,23,1.242,0.432,22.324
2026-09-11 15:39:56,,23,1.274,0.463,22.346
2026-09-11 15:40:19,,23,1.307,0.496,22.427
2026-09-11 15:40:41,,23,1.34,0.529,22.42
2026-09-11 15:41:03,,23,1.372,0.56,22.452
2026-09-11 15:41:25,,23,1.402,0.592,22.49
2026-09-11 15:41:47,,23,1.433,0.622,22.531
2026-09-11 15:42:10,,23,1.468,0.656,22.617
2026-09-11 15:42:32,,23,1.485,0.673,22.62
2026-09-11 15:42:54,,23,1.45,0.639,22.658
2026-09-11 15:43:16,,23,1.368,0.556,22.705
2026-09-11 15:43:38,,23,1.292,0.48,22.734
2026-09-11 15:44:00,,23,1.231,0.419,22.766
2026-09-11 15:44:22,,23,1.183,0.415,21.925
2026-09-11 15:44:44,,23,1.202,0.415,21.977
2026-09-11 15:45:06,,23,1.247,0.434,21.998
2026-09-11 15:45:28,,23,1.261,0.448,22.04
2026-09-11 15:45:50,,23,1.25,0.437,22.074
2026-09-11 15:46:12,,23,1.237,0.423,22.111
2026-09-11 15:46:34,,23,1.195,0.415,22.156
2026-09-11 15:46:56,,23,1.135,0.415,22.167
2026-09-11 15:47:18,,23,1.102,0.415,22.172
2026-09-11 15:47:40,,23,1.132,0.415,22.172
2026-09-11 15:48:02,,23,1.156,0.415,22.241
2026-09-11 15:48:24,,23,1.164,0.415,22.29
2026-09-11 15:48:46,,23,1.172,0.415,22.334
2026-09-11 15:49:08,,23,1.177,0.415,22.372
2026-09-11 15:49:30,,23,1.141,0.415,22.431
2026-09-11 15:49:52,,23,1.146,0.415,22.457
2026-09-11 15:50:14,,23,1.174,0.415,22.495
2026-09-11 15:50:36,,23,1.181,0.415,22.557
2026-09-11 15:50:58,,23,1.186,0.415,22.628
2026-09-11 15:51:20,,23,1.192,0.415,22.663
2026-09-11 15:51:41,,23,1.193,0.415,22.694
2026-09-11 15:52:02,,23,1.125,0.415,22.68
2026-09-11 15:52:23,,11,1.435,0.786,24.424
2026-09-11 15:52:45,,11,7.12,6.471,27.627
2026-09-11 15:53:06,,11,6.682,6.034,27.096
2026-09-11 15:53:27,,11,6.684,6.036,27.237
2026-09-11 15:53:48,,11,6.683,6.035,27.303
2026-09-11 15:54:09,,11,6.682,6.033,27.304
2026-09-11 15:54:30,,11,6.462,5.813,27.36
2026-09-11 15:54:51,geo__benef__search-on,10,0.674,0.415,20.379
2026-09-11 15:55:12,geo__benef__search-on,10,0.67,0.415,20.326
2026-09-11 15:55:34,geo__benef__search-on,10,0.67,0.415,20.384
2026-09-11 15:55:55,geo__benef__search-on,10,3.852,3.205,23.541
2026-09-11 15:56:16,mars_orbit__raw__search-off,11,1.191,0.525,20.907
2026-09-11 15:56:37,mars_orbit__raw__search-off,11,3.612,2.946,23.374
2026-09-11 15:57:03,mars_orbit__raw__search-off,23,3.757,1.762,23.166
2026-09-11 15:57:30,mars_orbit__raw__search-off,23,3.818,1.816,23.219
2026-09-11 15:57:55,mars_orbit__raw__search-off,23,3.907,1.9,23.327
2026-09-11 15:58:20,mars_orbit__raw__search-off,23,4.149,2.139,23.529
2026-09-11 15:58:47,mars_orbit__raw__search-off,23,4.242,2.232,23.574
2026-09-11 15:59:14,,23,4.304,2.295,23.646
2026-09-11 15:59:37,,23,4.356,2.348,23.707
2026-09-11 16:00:02,,23,4.412,2.405,23.784
2026-09-11 16:00:28,,23,4.456,2.451,23.853
2026-09-11 16:00:57,,23,4.527,2.52,23.908
2026-09-11 16:01:23,,23,4.591,2.584,23.933
2026-09-11 16:01:48,,23,4.648,2.649,23.999
2026-09-11 16:02:19,,23,4.491,2.597,24.02
2026-09-11 16:02:46,,23,3.69,2.06,24.096
2026-09-11 16:03:12,,23,3.135,1.653,23.659
2026-09-11 16:03:40,,23,2.82,1.338,23.72
2026-09-11 16:04:06,,23,2.661,1.181,23.309
2026-09-11 16:04:32,,23,2.491,1.01,23.381
2026-09-11 16:04:58,,23,2.411,0.929,23.451
2026-09-11 16:05:27,,23,2.492,1.011,23.535
2026-09-11 16:05:52,,23,2.367,0.885,23.112
2026-09-11 16:06:22,,23,2.421,0.94,23.179
2026-09-11 16:06:49,,23,2.341,0.86,23.249
2026-09-11 16:07:16,,23,2.214,0.731,22.813
2026-09-11 16:07:44,,23,2.108,0.628,22.886
2026-09-11 16:08:11,,23,2.033,0.552,22.958
2026-09-11 16:08:37,,23,1.977,0.493,23.127
2026-09-11 16:09:08,,23,1.984,0.502,22.647
2026-09-11 16:09:34,,23,2.063,0.58,22.741
2026-09-11 16:10:05,,23,2.151,0.67,22.786
2026-09-11 16:10:42,,23,2.234,0.753,22.877
2026-09-11 16:11:07,,23,2.199,0.719,22.926
2026-09-11 16:11:36,,23,2.125,0.646,23.013
2026-09-11 16:12:05,,23,2.055,0.573,22.555
2026-09-11 16:12:36,,23,2.014,0.532,22.655
2026-09-11 16:13:01,,23,2.08,0.596,22.708
2026-09-11 16:13:28,,23,2.16,0.679,22.794
2026-09-11 16:13:53,,23,2.24,0.76,22.882
2026-09-11 16:14:23,,23,2.233,0.753,22.982
2026-09-11 16:14:48,,23,2.145,0.661,22.462
2026-09-11 16:15:13,,23,2.136,0.656,22.563
2026-09-11 16:15:41,,23,2.15,0.666,22.687
2026-09-11 16:16:08,,23,2.19,0.706,22.761
2026-09-11 16:16:38,,23,2.3,0.818,22.89
2026-09-11 16:17:08,,23,2.413,0.929,22.999
2026-09-11 16:17:37,,23,2.436,0.951,23.139
2026-09-11 16:18:02,,23,2.354,0.871,22.711
2026-09-11 16:18:29,,23,2.349,0.865,22.822
2026-09-11 16:18:56,,23,2.336,0.853,22.985
2026-09-11 16:19:23,,23,2.462,0.978,23.148
2026-09-11 16:19:48,,23,2.601,1.118,23.285
2026-09-11 16:20:17,,23,2.755,1.273,23.459
2026-09-11 16:20:44,,23,2.813,1.331,23.603
2026-09-11 16:21:11,,23,2.637,1.155,23.207
2026-09-11 16:21:37,,23,2.519,1.037,23.379
2026-09-11 16:22:04,,23,2.418,0.935,22.994
2026-09-11 16:22:31,,23,2.381,0.9,23.161
2026-09-11 16:22:57,,23,2.562,1.08,23.355
2026-09-11 16:23:23,,23,2.747,1.265,23.532
2026-09-11 16:23:48,,23,2.928,1.445,23.73
2026-09-11 16:24:12,,23,3.083,1.6,23.904
2026-09-11 16:24:41,,23,3.006,1.527,23.548
2026-09-11 16:25:11,,23,2.701,1.221,23.672
2026-09-11 16:25:38,,23,2.497,1.016,23.233
2026-09-11 16:26:05,,23,2.351,0.87,23.399
2026-09-11 16:26:34,,23,2.3,0.819,23.471
2026-09-11 16:26:59,,23,2.361,0.883,23.529
2026-09-11 16:27:26,,23,2.349,0.872,23.049
2026-09-11 16:27:51,,23,2.339,0.861,23.134
2026-09-11 16:28:13,,11,7.527,6.861,28.868
2026-09-11 16:28:34,,11,8.785,8.12,30.646
2026-09-11 16:28:55,,11,7.824,7.158,28.07
2026-09-11 16:29:16,,11,7.822,7.156,28.182
2026-09-11 16:29:38,,11,7.778,7.112,28.26
2026-09-11 16:29:59,,11,7.556,6.89,28.293
2026-09-11 16:30:20,,11,7.217,6.551,28.339
2026-09-11 16:30:41,mars_orbit__raw__search-off,10,0.687,0.415,20.482
2026-09-11 16:31:02,mars_orbit__raw__search-off,10,0.684,0.415,20.488
2026-09-11 16:31:23,mars_orbit__raw__search-off,10,0.683,0.416,20.723
2026-09-11 16:31:45,mars_orbit__raw__search-off,10,1.791,1.14,21.856
2026-09-11 16:32:06,mars_orbit__raw__search-off,10,4.586,3.936,24.569
2026-09-11 16:32:27,mars_orbit__raw__search-on,11,2.143,1.477,22.105
2026-09-11 16:32:49,mars_orbit__raw__search-on,11,2.427,1.761,22.431
2026-09-11 16:33:16,mars_orbit__raw__search-on,23,3.765,1.763,23.4
2026-09-11 21:52:44,,3,0.209,0.183,11.812
2026-09-11 21:53:05,,3,0.208,0.183,12.121
2026-09-11 21:53:26,,3,0.209,0.183,12.671
2026-09-11 21:53:46,mars_orbit__raw__search-on,6,1.264,1.027,14.379
2026-09-11 21:54:08,mars_orbit__raw__search-on,7,2.241,1.988,15.12
2026-09-11 21:54:29,mars_orbit__raw__search-on,19,3.329,1.761,15.358
2026-09-11 21:54:50,mars_orbit__raw__search-on,19,3.365,1.772,16.128
2026-09-11 21:55:11,mars_orbit__raw__search-on,19,3.375,1.786,15.617
2026-09-11 21:55:32,mars_orbit__raw__search-on,19,3.387,1.799,15.171
2026-09-11 21:55:53,mars_orbit__raw__search-on,19,3.409,1.819,15.677
2026-09-11 21:56:14,mars_orbit__raw__search-on,19,3.439,1.849,15.695
2026-09-11 21:56:35,mars_orbit__raw__search-on,19,3.546,1.955,15.763
2026-09-11 21:56:56,,19,3.678,2.088,15.864
2026-09-11 21:57:17,,19,3.779,2.184,15.967
2026-09-11 21:57:38,,19,3.803,2.209,15.953
2026-09-11 21:57:59,,19,3.813,2.225,15.971
2026-09-11 21:58:20,,19,3.828,2.235,16.143
2026-09-11 21:58:41,,19,3.846,2.252,16.192
2026-09-11 21:59:02,,19,3.861,2.271,16.215
2026-09-11 21:59:23,,19,3.884,2.292,16.349
2026-09-11 21:59:44,,19,3.903,2.313,16.173
2026-09-11 22:00:05,,19,3.873,2.327,16.253
2026-09-11 22:00:26,,19,3.672,2.196,16.257
2026-09-11 22:00:47,,19,3.494,2.085,16.268
2026-09-11 22:01:08,,19,3.314,1.974,16.296
2026-09-11 22:01:29,,19,3.154,1.874,16.307
2026-09-11 22:01:50,,19,3.017,1.791,16.345
2026-09-11 22:02:11,,19,2.875,1.704,16.386
2026-09-11 22:02:32,,19,2.739,1.622,16.388
2026-09-11 22:02:54,,19,2.61,1.544,16.408
2026-09-11 22:03:15,,19,2.499,1.469,16.399
2026-09-11 22:03:35,,19,2.404,1.401,16.401
2026-09-11 22:03:56,,19,2.299,1.337,16.397
2026-09-11 22:04:17,,19,2.257,1.316,16.414
2026-09-11 22:04:38,,19,2.051,1.112,16.444
2026-09-11 22:04:59,,19,2.03,1.091,16.458
2026-09-11 22:05:20,,19,1.927,0.989,16.474
2026-09-11 22:05:41,,19,1.768,0.828,16.427
2026-09-11 22:06:02,,19,1.662,0.722,16.459
2026-09-11 22:06:23,,19,1.569,0.627,16.566
2026-09-11 22:06:44,,19,1.483,0.541,16.523
2026-09-11 22:07:05,,19,1.4,0.459,16.537
2026-09-11 22:07:25,,19,1.339,0.398,16.536
2026-09-11 22:07:46,,19,1.286,0.346,17.785
2026-09-11 22:08:07,,19,1.245,0.301,16.191
2026-09-11 22:08:28,,19,1.203,0.265,15.79
2026-09-11 22:08:49,,19,1.198,0.256,15.453
2026-09-11 22:09:10,,19,1.198,0.258,15.216
2026-09-11 22:09:31,,19,1.224,0.28,14.893
2026-09-11 22:09:52,,19,1.245,0.304,14.871
2026-09-11 22:10:13,,19,1.27,0.327,14.906
2026-09-11 22:10:34,,19,1.286,0.344,14.962
2026-09-11 22:10:54,,19,1.277,0.333,14.985
2026-09-11 22:11:15,,19,1.232,0.291,15.002
2026-09-11 22:11:36,,19,1.204,0.26,15.008
2026-09-11 22:11:57,,19,1.174,0.232,15.024
2026-09-11 22:12:18,,19,1.155,0.21,15.057
2026-09-11 22:12:39,,19,1.134,0.192,15.124
2026-09-11 22:13:00,,19,1.141,0.196,15.145
2026-09-11 22:13:21,,19,1.163,0.22,15.161
2026-09-11 22:13:42,,19,1.19,0.245,15.192
2026-09-11 22:14:02,,19,1.215,0.269,15.25
2026-09-11 22:14:23,,19,1.237,0.293,15.264
2026-09-11 22:14:44,,19,1.246,0.301,15.28
2026-09-11 22:15:05,,19,1.21,0.268,15.295
2026-09-11 22:15:26,,19,1.184,0.24,15.331
2026-09-11 22:15:47,,19,1.16,0.216,15.343
2026-09-11 22:16:08,,19,1.138,0.197,15.381
2026-09-11 22:16:29,,19,1.129,0.187,15.398
2026-09-11 22:16:50,,19,1.149,0.203,15.419
2026-09-11 22:17:11,,19,1.17,0.227,15.435
2026-09-11 22:17:31,,19,1.198,0.253,15.469
2026-09-11 22:17:52,,19,1.226,0.279,15.498
2026-09-11 22:18:13,,19,1.238,0.293,15.512
2026-09-11 22:18:34,,19,1.23,0.284,15.538
2026-09-11 22:18:55,,19,1.2,0.254,15.536
2026-09-11 22:19:16,,19,1.17,0.225,15.579
2026-09-11 22:19:37,,19,1.149,0.203,15.6
2026-09-11 22:19:58,,19,1.133,0.185,15.597
2026-09-11 22:20:18,,19,1.138,0.191,15.616
2026-09-11 22:20:39,,19,1.16,0.215,15.639
2026-09-11 22:21:00,,19,1.186,0.241,15.658
2026-09-11 22:21:21,,19,1.207,0.263,15.676
2026-09-11 22:21:42,,19,1.235,0.289,15.695
2026-09-11 22:22:03,,19,1.238,0.293,15.722
2026-09-11 22:22:24,,19,1.205,0.262,15.734
2026-09-11 22:22:45,,19,1.181,0.235,15.765
2026-09-11 22:23:05,,19,1.157,0.213,15.777
2026-09-11 22:23:27,,19,1.146,0.2,15.959
2026-09-11 22:23:48,,19,1.132,0.186,16.016
2026-09-11 22:24:09,,19,1.157,0.21,16.072
2026-09-11 22:24:30,,19,1.135,0.234,16.096
2026-09-11 22:24:51,,19,1.114,0.252,16.208
2026-09-11 22:25:12,,19,1.099,0.274,16.234
2026-09-11 22:25:32,,19,1.102,0.3,16.179
2026-09-11 22:25:53,,19,1.102,0.322,16.59
2026-09-11 22:26:14,,19,1.087,0.341,16.505
2026-09-11 22:26:36,,19,1.075,0.357,16.773
2026-09-11 22:26:56,,19,1.066,0.377,16.474
2026-09-11 22:27:17,,19,1.059,0.401,16.503
2026-09-11 22:27:38,,19,1.06,0.423,16.6
2026-09-11 22:27:59,,19,1.061,0.445,16.554
2026-09-11 22:28:20,,19,1.068,0.469,16.639
2026-09-11 22:28:41,,19,1.073,0.489,16.758
2026-09-11 22:29:02,,19,1.077,0.509,16.94
2026-09-11 22:29:23,,21,1.161,0.522,17.612
2026-09-11 22:29:45,,21,1.323,0.54,17.98
2026-09-11 22:30:06,,21,1.327,0.557,18.0
2026-09-11 22:30:27,,21,1.326,0.569,18.028
2026-09-11 22:30:48,,21,1.321,0.573,18.239
2026-09-11 22:31:09,,21,1.308,0.567,18.214
2026-09-11 22:31:30,,21,1.283,0.554,17.409
2026-09-11 22:31:52,,21,1.271,0.539,16.49
2026-09-11 22:32:13,,21,1.257,0.53,16.585
2026-09-11 22:32:34,,21,1.231,0.513,16.595
2026-09-11 22:32:55,,21,1.22,0.503,16.599
2026-09-11 22:33:16,,21,1.213,0.496,16.617
2026-09-11 22:33:37,,21,1.201,0.485,16.678
2026-09-11 22:33:58,,21,1.186,0.473,16.683
2026-09-11 22:34:19,,21,1.183,0.467,16.747
2026-09-11 22:34:41,,21,1.173,0.458,16.747
2026-09-11 22:35:02,,21,1.168,0.45,16.77
2026-09-11 22:35:23,,21,1.162,0.445,16.785
2026-09-11 22:35:44,,21,1.159,0.439,16.803
2026-09-11 22:36:06,,21,1.15,0.431,16.936
2026-09-11 22:36:27,,21,1.161,0.447,17.652
2026-09-11 22:36:48,,21,1.175,0.461,17.515
2026-09-11 22:37:10,,21,1.192,0.482,17.548
2026-09-11 22:37:31,,21,1.211,0.504,17.539
2026-09-11 22:37:52,,21,1.234,0.524,17.662
2026-09-11 22:38:13,,21,1.248,0.544,17.626
2026-09-11 22:38:35,,21,1.261,0.563,17.633
2026-09-11 22:38:56,,21,1.277,0.581,17.397
2026-09-11 22:39:17,,21,1.296,0.601,17.42
2026-09-11 22:39:38,,21,1.322,0.626,17.545
2026-09-11 22:40:00,,21,1.34,0.646,17.606
2026-09-11 22:40:21,,21,1.358,0.666,17.658
2026-09-11 22:40:42,,21,1.373,0.684,17.606
2026-09-11 22:41:03,,21,1.399,0.709,17.65
2026-09-11 22:41:24,,21,1.423,0.734,17.735
2026-09-11 22:41:46,,21,1.447,0.758,17.767
2026-09-11 22:42:07,,21,1.457,0.765,17.8
2026-09-11 22:42:28,,21,1.463,0.77,17.825
2026-09-11 22:42:50,,21,1.463,0.772,17.813
2026-09-11 22:43:11,,21,1.444,0.751,17.913
2026-09-11 22:43:32,,21,1.415,0.724,18.002
2026-09-11 22:43:53,,21,1.393,0.699,17.894
2026-09-11 22:44:14,,21,1.364,0.67,17.899
2026-09-11 22:44:35,,21,1.254,0.559,17.851
2026-09-11 22:44:56,,21,1.175,0.481,17.822
2026-09-11 22:45:18,,21,1.111,0.412,17.87
2026-09-11 22:45:39,,21,1.051,0.355,17.95
2026-09-11 22:46:00,,21,1.041,0.348,18.008
2026-09-11 22:46:21,,21,1.064,0.375,18.028
2026-09-11 22:46:43,,21,1.092,0.4,19.425
2026-09-11 22:47:04,,21,1.116,0.426,18.138
2026-09-11 22:47:25,,21,1.116,0.422,18.221
2026-09-11 22:47:46,,21,1.08,0.385,18.348
2026-09-11 22:48:08,,21,1.045,0.35,18.377
2026-09-11 22:48:29,,21,1.026,0.332,18.451
2026-09-11 22:48:50,,21,1.015,0.32,18.499
2026-09-11 22:49:11,,21,1.005,0.309,18.544
2026-09-11 22:49:32,,21,1.053,0.356,18.164
2026-09-11 22:49:53,,21,1.113,0.414,17.076
2026-09-11 22:50:15,,21,1.175,0.476,17.118
2026-09-11 22:50:36,,21,1.235,0.536,17.188
2026-09-11 22:50:57,,21,1.298,0.599,17.224
2026-09-11 22:51:18,,21,1.362,0.664,17.339
2026-09-11 22:51:39,,21,1.428,0.728,17.262
2026-09-11 22:52:00,,21,1.49,0.79,17.441
2026-09-11 22:52:21,,21,1.555,0.857,17.484
2026-09-11 22:52:42,,21,1.62,0.921,17.541
2026-09-11 22:53:03,,21,1.682,0.983,17.619
2026-09-11 22:53:25,,21,1.745,1.047,17.627
2026-09-11 22:53:46,,21,1.811,1.113,17.691
2026-09-11 22:54:07,,21,1.88,1.182,17.791
2026-09-11 22:54:28,,21,1.941,1.242,17.956
2026-09-11 22:54:49,,21,2.009,1.31,18.044
2026-09-11 22:55:10,,21,2.077,1.378,18.112
2026-09-11 22:55:31,,21,2.151,1.451,18.092
2026-09-11 22:55:53,,21,2.231,1.532,18.187
2026-09-11 22:56:14,,21,2.309,1.61,18.241
2026-09-11 22:56:35,,21,2.383,1.685,18.357
2026-09-11 22:56:56,,21,2.461,1.762,18.455
2026-09-11 22:57:17,,21,2.539,1.84,18.537
2026-09-11 22:57:38,,21,2.615,1.918,18.624
2026-09-11 22:58:00,,21,2.689,1.993,18.69
2026-09-11 22:58:21,,21,2.766,2.069,18.807
2026-09-11 22:58:42,,21,2.77,2.08,18.913
2026-09-11 22:59:03,,21,2.746,2.053,18.991
2026-09-11 22:59:24,,21,2.713,2.019,19.086
2026-09-11 22:59:45,,21,2.685,1.991,19.168
2026-09-11 23:00:07,,21,2.673,1.979,19.302
2026-09-11 23:00:28,,21,2.655,1.96,19.389
2026-09-11 23:00:49,,21,2.628,1.933,19.497
2026-09-11 23:01:10,,21,2.581,1.886,19.555
2026-09-11 23:01:31,,21,2.533,1.838,19.585
2026-09-11 23:01:53,,21,2.481,1.786,19.559
2026-09-11 23:02:14,,21,2.431,1.735,19.685
2026-09-11 23:02:35,,21,2.388,1.693,18.223
2026-09-11 23:02:56,,21,2.347,1.651,18.276
2026-09-11 23:03:17,,21,2.313,1.617,18.335
2026-09-11 23:03:38,,21,2.367,1.67,18.344
2026-09-11 23:03:59,,21,2.423,1.725,18.44
2026-09-11 23:04:20,,9,4.749,4.221,20.12
2026-09-11 23:04:41,,9,8.679,8.15,23.351
2026-09-11 23:05:02,,9,8.02,7.498,22.814
2026-09-11 23:05:22,,9,8.032,7.507,22.489
2026-09-11 23:05:43,,9,7.986,7.461,22.52
2026-09-11 23:06:04,,9,7.965,7.441,22.687
2026-09-11 23:06:25,,9,7.923,7.398,22.636
2026-09-11 23:06:45,,9,7.84,7.313,22.744
2026-09-11 23:07:06,mars_orbit__raw__search-on,8,0.552,0.295,15.141
2026-09-11 23:07:27,mars_orbit__raw__search-on,8,0.55,0.295,15.116
2026-09-11 23:07:48,mars_orbit__raw__search-on,8,1.285,0.76,15.849
2026-09-11 23:08:09,mars_orbit__raw__search-on,8,4.6,4.074,19.056
2026-09-11 23:08:29,mars_orbit__benef__search-off,9,3.062,2.518,17.463
2026-09-11 23:08:50,mars_orbit__benef__search-off,18,3.284,1.76,17.504
2026-09-11 23:09:11,mars_orbit__benef__search-off,21,3.623,1.761,17.705
2026-09-11 23:09:32,mars_orbit__benef__search-off,21,3.633,1.762,17.712
2026-09-11 23:09:53,mars_orbit__benef__search-off,21,3.643,1.772,17.681
2026-09-11 23:10:14,mars_orbit__benef__search-off,21,3.643,1.772,17.683
2026-09-11 23:10:35,mars_orbit__benef__search-off,21,3.642,1.77,17.701
2026-09-11 23:10:56,mars_orbit__benef__search-off,21,3.327,1.572,17.684
2026-09-11 23:11:17,mars_orbit__benef__search-off,21,2.849,1.307,17.678
2026-09-11 23:11:38,,21,2.445,1.071,17.724
2026-09-11 23:11:59,,21,2.266,0.899,17.747
2026-09-11 23:12:20,,21,2.096,0.729,17.723
2026-09-11 23:12:41,,21,1.977,0.613,17.791
2026-09-11 23:13:02,,21,1.872,0.507,17.81
2026-09-11 23:13:23,,21,1.778,0.411,17.794
2026-09-11 23:13:44,,21,1.71,0.342,17.76
2026-09-11 23:14:05,,21,1.654,0.299,17.758
2026-09-11 23:14:26,,21,1.604,0.299,17.778
2026-09-11 23:14:47,,21,1.584,0.299,17.792
2026-09-11 23:15:09,,21,1.536,0.3,17.796
2026-09-11 23:15:30,,21,1.488,0.3,17.805
2026-09-11 23:15:51,,21,1.444,0.3,17.828
2026-09-11 23:16:12,,21,1.396,0.3,17.829
2026-09-11 23:16:33,,21,1.361,0.3,17.84
2026-09-11 23:16:54,,21,1.346,0.3,17.855
2026-09-11 23:17:15,,21,1.338,0.301,17.888
2026-09-11 23:17:36,,21,1.314,0.301,17.892
2026-09-11 23:17:56,,21,1.311,0.301,17.927
2026-09-11 23:18:17,,21,1.306,0.321,17.911
2026-09-11 23:18:38,,21,1.317,0.355,17.944
2026-09-11 23:18:59,,21,1.327,0.379,17.985
2026-09-11 23:19:20,,21,1.333,0.401,18.015
2026-09-11 23:19:41,,21,1.337,0.425,18.045
2026-09-11 23:20:03,,21,1.349,0.456,18.129
2026-09-11 23:20:24,,23,1.384,0.487,18.11
2026-09-11 23:20:45,,23,1.39,0.51,18.107
2026-09-11 23:21:06,,23,1.381,0.518,18.115
2026-09-11 23:21:27,,23,1.371,0.525,18.077
2026-09-11 23:21:48,,23,1.364,0.535,18.092
2026-09-11 23:22:09,,23,1.358,0.541,18.098
2026-09-11 23:22:30,,23,1.345,0.541,18.107
2026-09-11 23:22:51,,23,1.335,0.544,18.108
2026-09-11 23:23:12,,23,1.328,0.55,18.124
2026-09-11 23:23:33,,23,1.332,0.562,18.142
2026-09-11 23:23:54,,23,1.328,0.566,18.151
2026-09-11 23:24:15,,23,1.32,0.564,18.168
2026-09-11 23:24:36,,23,1.311,0.556,18.164
2026-09-11 23:24:57,,23,1.288,0.532,18.173
2026-09-11 23:25:18,,23,1.267,0.512,18.15
2026-09-11 23:25:39,,23,1.235,0.481,18.157
2026-09-11 23:26:00,,23,1.208,0.454,18.161
2026-09-11 23:26:21,,23,1.182,0.431,18.166
2026-09-11 23:26:42,,23,1.165,0.416,18.184
2026-09-11 23:27:03,,23,1.145,0.397,18.228
2026-09-11 23:27:24,,23,1.12,0.372,18.275
2026-09-11 23:27:45,,23,1.099,0.351,18.255
2026-09-11 23:28:06,,23,1.083,0.338,18.268
2026-09-11 23:28:27,,23,1.075,0.33,18.243
2026-09-11 23:28:48,,23,1.061,0.312,18.259
2026-09-11 23:29:09,,23,1.045,0.3,18.265
2026-09-11 23:29:30,,23,0.998,0.3,18.255
2026-09-11 23:29:51,,23,0.964,0.3,18.286
2026-09-11 23:30:12,,23,0.923,0.3,18.282
2026-09-11 23:30:33,,23,0.902,0.3,18.295
2026-09-11 23:30:54,,23,0.903,0.3,18.294
2026-09-11 23:31:15,,23,0.914,0.3,18.308
2026-09-11 23:31:36,,23,0.92,0.3,18.316
2026-09-11 23:31:57,,23,0.897,0.3,18.177
2026-09-11 23:32:19,,23,0.882,0.3,17.9
2026-09-11 23:32:40,,23,0.868,0.301,17.411
2026-09-11 23:33:01,,23,0.854,0.301,16.914
2026-09-11 23:33:22,,23,0.833,0.301,16.783
2026-09-11 23:33:43,,23,0.817,0.301,16.761
2026-09-11 23:34:04,,23,0.818,0.301,16.811
2026-09-11 23:34:25,,23,0.818,0.301,16.807
2026-09-11 23:34:46,,23,0.82,0.302,16.815
2026-09-11 23:35:07,,23,0.823,0.302,16.838
2026-09-11 23:35:28,,23,0.826,0.302,16.85
2026-09-11 23:35:49,,23,0.837,0.301,16.926
2026-09-11 23:36:10,,23,0.831,0.304,16.938
2026-09-11 23:36:31,,23,0.822,0.305,16.911
2026-09-11 23:36:52,,23,0.822,0.305,17.013
2026-09-11 23:37:13,,23,0.826,0.305,16.96
2026-09-11 23:37:34,,23,0.825,0.305,16.965
2026-09-11 23:37:55,,23,0.823,0.305,16.971
2026-09-11 23:38:16,,23,0.824,0.305,16.989
2026-09-11 23:38:37,,23,0.84,0.305,16.974
2026-09-11 23:38:58,,23,0.841,0.305,17.0
2026-09-11 23:39:19,,23,0.841,0.305,16.959
2026-09-11 23:39:40,,23,0.84,0.306,16.957
2026-09-11 23:40:01,,23,0.852,0.306,16.979
2026-09-11 23:40:22,,23,0.836,0.306,16.987
2026-09-11 23:40:43,,23,0.822,0.306,16.984
2026-09-11 23:41:04,,23,0.825,0.306,16.983
2026-09-11 23:41:25,,23,0.83,0.306,17.013
2026-09-11 23:41:46,,23,0.823,0.306,16.995
2026-09-11 23:42:08,,23,0.823,0.306,17.023
2026-09-11 23:42:29,,23,0.824,0.306,17.011
2026-09-11 23:42:50,,23,0.838,0.307,17.055
2026-09-11 23:43:11,,23,0.846,0.307,17.113
2026-09-11 23:43:32,,23,0.847,0.307,17.115
2026-09-11 23:43:53,,23,0.84,0.3,17.006
2026-09-11 23:44:14,,23,0.856,0.303,17.118
2026-09-11 23:44:35,,23,0.843,0.303,17.115
2026-09-11 23:44:56,,23,0.826,0.303,17.086
2026-09-11 23:45:17,,23,0.824,0.303,17.118
2026-09-11 23:45:38,,23,0.828,0.304,17.121
2026-09-11 23:45:59,,23,0.823,0.304,17.118
2026-09-11 23:46:20,,23,0.823,0.304,17.091
2026-09-11 23:46:41,,23,0.833,0.304,17.113
2026-09-11 23:47:02,,23,0.846,0.305,17.128
2026-09-11 23:47:23,,23,0.847,0.305,17.034
2026-09-11 23:47:44,,23,0.846,0.305,17.062
2026-09-11 23:48:05,,23,0.846,0.305,17.062
2026-09-11 23:48:26,,23,0.841,0.305,17.069
2026-09-11 23:48:47,,23,0.823,0.305,17.056
2026-09-11 23:49:08,,23,0.822,0.305,17.1
2026-09-11 23:49:29,,23,0.832,0.306,17.168
2026-09-11 23:49:50,,23,0.833,0.306,17.212
2026-09-11 23:50:11,,23,0.827,0.306,17.195
2026-09-11 23:50:32,,23,0.83,0.306,17.211
2026-09-11 23:50:53,,23,0.839,0.307,17.237
2026-09-11 23:51:14,,23,0.839,0.307,17.18
2026-09-11 23:51:36,,23,0.832,0.3,17.186
2026-09-11 23:51:57,,23,0.841,0.301,17.198
2026-09-11 23:52:18,,23,0.858,0.303,17.248
2026-09-11 23:52:39,,23,0.866,0.305,17.262
2026-09-11 23:53:00,,23,0.866,0.305,17.271
2026-09-11 23:53:21,,23,0.87,0.305,17.256
2026-09-11 23:53:42,,23,0.875,0.306,17.28
2026-09-11 23:54:03,,23,0.884,0.307,17.28
2026-09-11 23:54:24,,23,0.884,0.307,17.292
2026-09-11 23:54:45,,23,0.887,0.307,17.246
2026-09-11 23:55:06,,23,0.907,0.307,17.294
2026-09-11 23:55:27,,23,0.908,0.307,17.282
2026-09-11 23:55:48,,23,0.905,0.308,17.267
2026-09-11 23:56:10,,23,0.913,0.308,17.28
2026-09-11 23:56:31,,23,0.926,0.309,17.329
2026-09-11 23:56:52,,23,0.923,0.307,17.341
2026-09-11 23:57:13,,23,0.923,0.307,17.329
2026-09-11 23:57:34,,23,0.932,0.307,17.345
2026-09-11 23:57:55,,23,0.936,0.307,17.345
2026-09-11 23:58:16,,23,0.928,0.307,17.355
2026-09-11 23:58:37,,23,0.924,0.307,17.363
2026-09-11 23:58:58,,23,0.924,0.307,17.326
2026-09-11 23:59:19,,23,0.914,0.308,17.368
2026-09-11 23:59:40,,23,0.879,0.308,17.392
2026-09-12 00:00:01,,23,0.857,0.309,17.454
2026-09-12 00:00:22,,23,0.839,0.31,17.496
2026-09-12 00:00:44,,23,0.834,0.31,17.493
2026-09-12 00:01:05,,23,0.832,0.31,17.475
2026-09-12 00:01:26,,23,0.841,0.307,17.499
2026-09-12 00:01:47,,23,0.845,0.308,17.531
2026-09-12 00:02:08,,23,0.851,0.308,17.513
2026-09-12 00:02:29,,23,0.841,0.308,17.527
2026-09-12 00:02:50,,24,0.86,0.31,17.633
2026-09-12 00:03:11,,23,0.825,0.31,17.524
2026-09-12 00:03:32,,23,0.81,0.312,17.56
2026-09-12 00:03:53,,23,0.803,0.312,17.49
2026-09-12 00:04:14,,23,0.804,0.312,17.508
2026-09-12 00:04:35,,23,0.802,0.312,17.547
2026-09-12 00:04:56,,23,0.802,0.312,17.578
2026-09-12 00:05:18,,23,0.809,0.312,17.59
2026-09-12 00:05:39,,23,0.818,0.312,17.614
2026-09-12 00:06:00,,23,0.824,0.312,17.626
2026-09-12 00:06:21,,23,0.827,0.312,17.622
2026-09-12 00:06:42,,23,0.839,0.313,17.626
2026-09-12 00:07:03,,23,0.831,0.313,17.58
2026-09-12 00:07:24,,23,0.817,0.314,17.594
2026-09-12 00:07:45,,23,0.798,0.305,17.602
2026-09-12 00:08:06,,23,0.798,0.306,17.622
2026-09-12 00:08:27,,23,0.8,0.308,17.666
2026-09-12 00:08:48,,23,0.801,0.308,17.716
2026-09-12 00:09:09,,23,0.817,0.308,17.769
2026-09-12 00:09:30,,23,0.822,0.308,17.768
2026-09-12 00:09:51,,23,0.824,0.308,17.765
2026-09-12 00:10:12,,23,0.828,0.308,17.697
2026-09-12 00:10:34,,23,0.83,0.309,17.706
2026-09-12 00:10:55,,23,0.817,0.309,17.767
2026-09-12 00:11:16,,23,0.8,0.309,17.788
2026-09-12 00:11:37,,23,0.805,0.309,18.482
2026-09-12 00:11:58,,23,0.798,0.309,17.828
2026-09-12 00:12:19,,23,0.8,0.309,17.85
2026-09-12 00:12:40,,23,0.8,0.309,17.837
2026-09-12 00:13:01,,23,0.813,0.31,18.009
2026-09-12 00:13:23,,23,0.819,0.309,18.009
2026-09-12 00:13:44,,23,0.824,0.31,18.091
2026-09-12 00:14:05,,23,0.824,0.31,18.221
2026-09-12 00:14:27,,23,0.828,0.31,18.297
2026-09-12 00:14:48,,23,0.835,0.311,18.295
2026-09-12 00:15:09,,23,0.831,0.304,18.291
2026-09-12 00:15:31,,23,0.826,0.305,18.334
2026-09-12 00:15:52,,23,0.824,0.306,18.372
2026-09-12 00:16:14,,23,0.828,0.308,18.435
2026-09-12 00:16:36,,23,0.821,0.308,18.5
2026-09-12 00:16:57,,23,0.822,0.309,18.5
2026-09-12 00:17:19,,23,0.817,0.309,18.553
2026-09-12 00:17:41,,23,0.811,0.309,18.482
2026-09-12 00:18:02,,23,0.809,0.31,18.572
2026-09-12 00:18:24,,23,0.815,0.31,18.714
2026-09-12 00:18:45,,23,0.81,0.311,18.656
2026-09-12 00:19:07,,23,0.816,0.312,18.691
2026-09-12 00:19:29,,23,0.819,0.312,18.717
2026-09-12 00:19:50,,23,0.82,0.313,18.609
2026-09-12 00:20:12,,23,0.83,0.313,18.719
2026-09-12 00:20:34,,23,0.836,0.314,19.046
2026-09-12 00:20:56,,23,0.832,0.311,19.232
2026-09-12 00:21:18,,23,0.841,0.312,19.249
2026-09-12 00:21:40,,23,0.842,0.312,19.226
2026-09-12 00:22:02,,23,0.842,0.313,19.243
2026-09-12 00:22:24,,23,0.844,0.314,19.307
2026-09-12 00:22:46,,24,0.862,0.314,19.422
2026-09-12 00:23:08,,23,0.859,0.314,19.394
2026-09-12 00:23:30,,23,0.859,0.315,19.474
2026-09-12 00:23:52,,23,0.863,0.315,19.401
2026-09-12 00:24:13,,23,0.864,0.316,19.455
2026-09-12 00:24:34,,23,0.863,0.316,19.404
2026-09-12 00:24:56,,23,0.861,0.316,19.303
2026-09-12 00:25:17,,23,0.864,0.316,18.873
2026-09-12 00:25:39,,23,0.864,0.316,18.211
2026-09-12 00:26:01,,23,0.861,0.316,18.228
2026-09-12 00:26:22,,23,0.854,0.316,18.219
2026-09-12 00:26:44,,23,0.842,0.311,18.249
2026-09-12 00:27:06,,23,0.839,0.311,18.296
2026-09-12 00:27:27,,23,0.838,0.311,18.171
2026-09-12 00:27:49,,23,0.833,0.311,18.206
2026-09-12 00:28:10,,23,0.832,0.311,18.343
2026-09-12 00:28:32,,23,0.825,0.311,18.184
2026-09-12 00:28:53,,23,0.822,0.311,18.282
2026-09-12 00:29:15,,23,0.832,0.311,18.437
2026-09-12 00:29:37,,23,0.817,0.311,18.454
2026-09-12 00:29:59,,23,0.818,0.311,18.228
2026-09-12 00:30:20,,23,0.819,0.311,18.387
2026-09-12 00:30:42,,23,0.819,0.311,18.437
2026-09-12 00:31:03,,23,0.821,0.311,18.41
2026-09-12 00:31:25,,23,0.822,0.311,18.296
2026-09-12 00:31:47,,23,0.808,0.311,18.252
2026-09-12 00:32:08,,23,0.793,0.311,18.289
2026-09-12 00:32:30,,23,0.792,0.311,18.201
2026-09-12 00:32:51,,23,0.797,0.312,18.275
2026-09-12 00:33:13,,23,0.796,0.312,18.337
2026-09-12 00:33:34,,23,0.796,0.312,18.397
2026-09-12 00:33:55,,23,0.796,0.312,18.258
2026-09-12 00:34:17,,23,0.797,0.313,18.39
2026-09-12 00:34:38,,23,0.806,0.313,18.457
2026-09-12 00:35:00,,23,0.808,0.313,18.511
2026-09-12 00:35:22,,23,0.814,0.313,18.425
2026-09-12 00:35:43,,23,0.815,0.309,18.427
2026-09-12 00:36:04,,23,0.811,0.31,18.514
2026-09-12 00:36:26,,23,0.812,0.31,18.387
2026-09-12 00:36:47,,23,0.8,0.309,18.391
2026-09-12 00:37:08,,23,0.797,0.31,18.505
2026-09-12 00:37:30,,23,0.795,0.31,18.467
2026-09-12 00:37:51,,23,0.797,0.31,18.417
2026-09-12 00:38:13,,23,0.797,0.31,18.502
2026-09-12 00:38:35,,23,0.795,0.31,18.541
2026-09-12 00:38:56,,23,0.794,0.311,18.536
2026-09-12 00:39:18,,23,0.793,0.311,18.411
2026-09-12 00:39:39,,23,0.793,0.311,18.436
2026-09-12 00:40:01,,23,0.798,0.311,18.345
2026-09-12 00:40:22,,23,0.81,0.312,18.333
2026-09-12 00:40:43,,23,0.815,0.312,18.31
2026-09-12 00:41:05,,23,0.821,0.312,18.331
2026-09-12 00:41:26,,23,0.818,0.312,18.331
2026-09-12 00:41:48,,23,0.814,0.312,18.324
2026-09-12 00:42:09,,23,0.802,0.312,18.34
2026-09-12 00:42:31,,23,0.798,0.312,18.342
2026-09-12 00:42:52,,23,0.798,0.312,18.356
2026-09-12 00:43:13,,23,0.803,0.312,18.391
2026-09-12 00:43:35,,23,0.798,0.312,18.413
2026-09-12 00:43:56,,23,0.798,0.313,18.438
2026-09-12 00:44:17,,23,0.798,0.313,18.44
2026-09-12 00:44:39,,23,0.801,0.307,18.472
2026-09-12 00:45:00,,23,0.807,0.308,18.483
2026-09-12 00:45:21,,23,0.816,0.308,18.511
2026-09-12 00:45:43,,23,0.821,0.309,18.488
2026-09-12 00:46:04,,23,0.824,0.308,18.607
2026-09-12 00:46:26,,23,0.835,0.309,18.548
2026-09-12 00:46:47,,23,0.838,0.312,18.61
2026-09-12 00:47:09,,23,0.846,0.312,18.679
2026-09-12 00:47:30,,23,0.848,0.312,18.423
2026-09-12 00:47:51,,23,0.857,0.313,18.029
2026-09-12 00:48:13,,23,0.863,0.314,18.126
2026-09-12 00:48:34,,23,0.868,0.315,18.063
2026-09-12 00:48:56,,23,0.874,0.316,18.104
2026-09-12 00:49:17,,23,0.876,0.317,18.114
2026-09-12 00:49:38,,23,0.887,0.319,18.105
2026-09-12 00:50:00,,23,0.88,0.313,18.137
2026-09-12 00:50:21,,23,0.877,0.314,18.091
2026-09-12 00:50:43,,23,0.87,0.314,18.524
2026-09-12 00:51:05,,23,0.869,0.314,19.047
2026-09-12 00:51:26,,23,0.863,0.315,18.84
2026-09-12 00:51:47,,23,0.858,0.315,18.781
2026-09-12 00:52:09,,23,0.853,0.315,18.723
2026-09-12 00:52:30,,23,0.851,0.315,18.708
2026-09-12 00:52:51,,23,0.851,0.316,18.768
2026-09-12 00:53:13,,23,0.853,0.315,18.734
2026-09-12 00:53:34,,23,0.853,0.316,18.611
2026-09-12 00:53:56,,23,0.847,0.316,18.574
2026-09-12 00:54:17,,23,0.856,0.315,18.619
2026-09-12 00:54:39,,23,0.858,0.316,18.569
2026-09-12 00:55:00,,23,0.865,0.316,18.526
2026-09-12 00:55:22,,23,0.867,0.315,18.623
2026-09-12 00:55:43,,23,0.875,0.316,18.805
2026-09-12 00:56:04,,23,0.882,0.316,18.769
2026-09-12 00:56:26,,23,0.885,0.316,18.858
2026-09-12 00:56:48,,23,0.892,0.317,18.935
2026-09-12 00:57:09,,23,0.894,0.317,18.982
2026-09-12 00:57:31,,23,0.903,0.317,19.24
2026-09-12 00:57:52,,23,0.906,0.318,18.764
2026-09-12 00:58:13,,23,0.915,0.318,18.826
2026-09-12 00:58:35,,23,0.919,0.318,19.059
2026-09-12 00:58:56,,23,0.921,0.311,18.665
2026-09-12 00:59:17,,23,0.926,0.311,18.747
2026-09-12 00:59:38,,23,0.93,0.313,18.795
2026-09-12 01:00:00,,23,0.937,0.313,18.771
2026-09-12 01:00:21,,23,0.94,0.313,18.746
2026-09-12 01:00:42,,23,0.936,0.313,18.708
2026-09-12 01:01:03,,23,0.951,0.314,18.836
2026-09-12 01:01:24,,23,0.947,0.314,18.798
2026-09-12 01:01:46,,23,0.939,0.314,18.85
2026-09-12 01:02:07,,23,0.935,0.314,18.87
2026-09-12 01:02:28,,23,0.932,0.315,18.811
2026-09-12 01:02:49,,23,0.926,0.315,18.849
2026-09-12 01:03:10,,23,0.92,0.315,18.936
2026-09-12 01:03:32,,23,0.917,0.315,18.927
2026-09-12 01:03:53,,23,0.914,0.317,18.994
2026-09-12 01:04:15,,23,0.912,0.317,19.025
2026-09-12 01:04:36,,23,0.908,0.317,18.991
2026-09-12 01:04:57,,23,0.909,0.318,19.001
2026-09-12 01:05:18,,23,0.913,0.318,18.892
2026-09-12 01:05:39,,23,0.912,0.318,18.927
2026-09-12 01:06:00,,23,0.909,0.311,18.908
2026-09-12 01:06:21,,23,0.919,0.311,18.971
2026-09-12 01:06:42,,23,0.928,0.312,19.004
2026-09-12 01:07:03,,23,0.938,0.314,19.008
2026-09-12 01:07:25,,23,0.943,0.314,19.009
2026-09-12 01:07:46,,23,0.947,0.314,18.993
2026-09-12 01:08:07,,23,0.949,0.314,18.923
2026-09-12 01:08:28,,23,0.955,0.314,18.907
2026-09-12 01:08:49,,23,0.965,0.314,18.886
2026-09-12 01:09:10,,23,0.975,0.315,18.919
2026-09-12 01:09:31,,23,0.981,0.315,18.893
2026-09-12 01:09:52,,23,0.981,0.315,18.898
2026-09-12 01:10:14,,23,0.949,0.316,18.905
2026-09-12 01:10:35,,23,0.918,0.316,18.922
2026-09-12 01:10:56,,23,0.891,0.316,18.612
2026-09-12 01:11:17,,23,0.868,0.316,18.352
2026-09-12 01:11:38,,23,0.851,0.316,18.37
2026-09-12 01:11:59,,23,0.837,0.316,18.382
2026-09-12 01:12:21,,23,0.834,0.316,18.404
2026-09-12 01:12:42,,23,0.843,0.316,18.371
2026-09-12 01:13:03,,23,0.852,0.317,18.39
2026-09-12 01:13:24,,23,0.85,0.317,18.387
2026-09-12 01:13:45,,23,0.848,0.317,18.416
2026-09-12 01:14:06,,23,0.835,0.316,18.434
2026-09-12 01:14:27,,23,0.828,0.316,18.45
2026-09-12 01:14:49,,23,0.819,0.316,18.425
2026-09-12 01:15:10,,23,0.812,0.316,18.432
2026-09-12 01:15:31,,23,0.819,0.316,18.418
2026-09-12 01:15:52,,23,0.82,0.316,18.512
2026-09-12 01:16:13,,23,0.832,0.316,18.543
2026-09-12 01:16:34,,23,0.839,0.316,18.473
2026-09-12 01:16:55,,23,0.84,0.316,18.521
2026-09-12 01:17:17,,23,0.837,0.316,18.511
2026-09-12 01:17:38,,23,0.821,0.316,18.547
2026-09-12 01:17:59,,23,0.812,0.316,18.563
2026-09-12 01:18:20,,23,0.811,0.316,18.563
2026-09-12 01:18:41,,23,0.817,0.316,18.576
2026-09-12 01:19:02,,23,0.831,0.316,18.653
2026-09-12 01:19:23,,23,0.837,0.316,18.709
2026-09-12 01:19:45,,23,0.849,0.316,18.65
2026-09-12 01:20:06,,23,0.856,0.317,18.647
2026-09-12 01:20:27,,23,0.85,0.317,18.64
2026-09-12 01:20:48,,23,0.84,0.317,18.66
2026-09-12 01:21:09,,23,0.824,0.316,18.54
2026-09-12 01:21:30,,23,0.821,0.316,18.503
2026-09-12 01:21:51,,23,0.824,0.316,18.513
2026-09-12 01:22:12,,23,0.83,0.316,18.533
2026-09-12 01:22:33,,23,0.839,0.316,18.567
2026-09-12 01:22:54,,23,0.849,0.316,18.585
2026-09-12 01:23:15,,23,0.851,0.316,18.641
2026-09-12 01:23:37,,23,0.851,0.316,18.638
2026-09-12 01:23:58,,23,0.838,0.317,18.674
2026-09-12 01:24:19,,23,0.832,0.317,18.632
2026-09-12 01:24:40,,23,0.83,0.317,18.635
2026-09-12 01:25:01,,23,0.825,0.317,18.594
2026-09-12 01:25:22,,23,0.835,0.317,18.508
2026-09-12 01:25:43,,23,0.839,0.317,18.52
2026-09-12 01:26:04,,23,0.849,0.317,18.523
2026-09-12 01:26:25,,23,0.857,0.317,18.539
2026-09-12 01:26:46,,23,0.852,0.317,18.556
2026-09-12 01:27:07,,23,0.838,0.317,18.556
2026-09-12 01:27:29,,23,0.832,0.317,18.606
2026-09-12 01:27:50,,23,0.828,0.317,18.599
2026-09-12 01:28:11,,23,0.824,0.317,18.617
2026-09-12 01:28:32,,23,0.839,0.317,18.63
2026-09-12 01:28:53,,23,0.843,0.317,18.594
2026-09-12 01:29:14,,23,0.853,0.317,18.635
2026-09-12 01:29:35,,23,0.866,0.317,18.639
2026-09-12 01:29:57,,23,0.862,0.317,18.71
2026-09-12 01:30:18,,23,0.848,0.317,18.738
2026-09-12 01:30:39,,23,0.843,0.317,18.748
2026-09-12 01:31:00,,23,0.83,0.317,18.774
2026-09-12 01:31:21,,23,0.83,0.318,18.776
2026-09-12 01:31:42,,23,0.841,0.318,18.675
2026-09-12 01:32:03,,23,0.846,0.318,18.677
2026-09-12 01:32:24,,23,0.857,0.318,18.676
2026-09-12 01:32:45,,23,0.863,0.319,18.699
2026-09-12 01:33:07,,23,0.846,0.311,18.741
2026-09-12 01:33:28,,23,0.834,0.313,18.707
2026-09-12 01:33:49,,23,0.833,0.313,18.764
2026-09-12 01:34:10,,23,0.828,0.313,18.778
2026-09-12 01:34:31,,23,0.83,0.313,18.8
2026-09-12 01:34:52,,23,0.844,0.314,18.867
2026-09-12 01:35:13,,23,0.851,0.315,18.39
2026-09-12 01:35:34,,23,0.857,0.315,17.701
2026-09-12 01:35:56,,23,0.864,0.315,17.662
2026-09-12 01:36:17,,23,0.852,0.316,17.674
2026-09-12 01:36:38,,23,0.837,0.316,17.697
2026-09-12 01:36:59,,23,0.833,0.316,17.715
2026-09-12 01:37:20,,23,0.832,0.316,17.711
2026-09-12 01:37:41,,23,0.836,0.317,17.719
2026-09-12 01:38:02,,23,0.849,0.317,17.745
2026-09-12 01:38:23,,23,0.86,0.317,17.774
2026-09-12 01:38:44,,23,0.864,0.318,17.808
2026-09-12 01:39:05,,23,0.866,0.318,17.726
2026-09-12 01:39:26,,23,0.85,0.318,17.744
2026-09-12 01:39:47,,23,0.842,0.319,17.75
2026-09-12 01:40:08,,23,0.831,0.319,17.754
2026-09-12 01:40:29,,23,0.834,0.319,17.779
2026-09-12 01:40:50,,23,0.844,0.319,17.794
2026-09-12 01:41:12,,23,0.845,0.311,17.808
2026-09-12 01:41:33,,23,0.857,0.313,17.822
2026-09-12 01:41:54,,23,0.862,0.313,17.794
2026-09-12 01:42:15,,23,0.86,0.314,17.807
2026-09-12 01:42:36,,23,0.85,0.314,17.813
2026-09-12 01:42:57,,23,0.839,0.314,17.816
2026-09-12 01:43:18,,23,0.837,0.315,17.841
2026-09-12 01:43:39,,23,0.842,0.316,17.865
2026-09-12 01:44:00,,23,0.852,0.316,17.903
2026-09-12 01:44:21,,23,0.86,0.316,17.901
2026-09-12 01:44:42,,23,0.874,0.316,17.935
2026-09-12 01:45:03,,23,0.874,0.317,17.883
2026-09-12 01:45:24,,23,0.859,0.317,17.893
2026-09-12 01:45:45,,23,0.849,0.317,17.92
2026-09-12 01:46:06,,23,0.843,0.317,17.929
2026-09-12 01:46:27,,23,0.84,0.317,17.937
2026-09-12 01:46:48,,23,0.851,0.317,17.963
2026-09-12 01:47:09,,23,0.859,0.317,18.046
2026-09-12 01:47:30,,23,0.872,0.317,18.075
2026-09-12 01:47:51,,23,0.873,0.317,18.083
2026-09-12 01:48:12,,23,0.874,0.318,18.109
2026-09-12 01:48:33,,23,0.851,0.311,18.124
2026-09-12 01:48:54,,23,0.84,0.313,18.076
2026-09-12 01:49:15,,23,0.837,0.313,18.111
2026-09-12 01:49:36,,23,0.838,0.314,18.065
2026-09-12 01:49:57,,23,0.85,0.314,18.019
2026-09-12 01:50:18,,23,0.861,0.315,18.05
2026-09-12 01:50:39,,23,0.869,0.315,18.061
2026-09-12 01:51:00,,23,0.877,0.315,18.088
2026-09-12 01:51:21,,23,0.87,0.315,18.021
2026-09-12 01:51:42,,23,0.858,0.316,17.979
2026-09-12 01:52:03,,23,0.849,0.316,17.955
2026-09-12 01:52:24,,23,0.843,0.316,17.965
2026-09-12 01:52:45,,23,0.853,0.317,18.007
2026-09-12 01:53:06,,23,0.858,0.317,18.01
2026-09-12 01:53:27,,23,0.875,0.317,18.015
2026-09-12 01:53:48,,23,0.883,0.317,18.037
2026-09-12 01:54:09,,23,0.889,0.319,18.168
2026-09-12 01:54:30,,23,0.884,0.32,18.204
2026-09-12 01:54:51,,23,0.867,0.32,18.186
2026-09-12 01:55:12,,23,0.861,0.32,18.246
2026-09-12 01:55:33,,23,0.844,0.321,18.297
2026-09-12 01:55:55,,23,0.854,0.319,18.22
2026-09-12 01:56:16,,23,0.863,0.319,18.265
2026-09-12 01:56:37,,23,0.875,0.319,18.291
2026-09-12 01:56:58,,23,0.892,0.319,18.317
2026-09-12 01:57:19,,23,0.893,0.319,18.278
2026-09-12 01:57:40,,23,0.896,0.319,18.298
2026-09-12 01:58:01,,23,0.872,0.32,18.343
2026-09-12 01:58:22,,23,0.868,0.32,18.369
2026-09-12 01:58:43,,23,0.853,0.32,18.381
2026-09-12 01:59:04,,23,0.862,0.32,18.419
2026-09-12 01:59:25,,23,0.872,0.32,18.462
2026-09-12 01:59:46,,23,0.883,0.321,18.47
2026-09-12 02:00:07,,23,0.897,0.321,18.49
2026-09-12 02:00:28,,23,0.895,0.321,18.505
2026-09-12 02:00:49,,23,0.894,0.321,18.534
2026-09-12 02:01:10,,23,0.873,0.321,18.58
2026-09-12 02:01:31,,23,0.867,0.321,18.56
2026-09-12 02:01:52,,23,0.858,0.321,18.483
2026-09-12 02:02:13,,23,0.865,0.319,18.513
2026-09-12 02:02:34,,23,0.873,0.319,18.531
2026-09-12 02:02:55,,23,0.881,0.319,18.477
2026-09-12 02:03:16,,23,0.898,0.319,18.511
2026-09-12 02:03:37,,23,0.9,0.32,18.489
2026-09-12 02:03:58,,23,0.899,0.32,18.537
2026-09-12 02:04:19,,23,0.88,0.321,18.651
2026-09-12 02:04:40,,23,0.874,0.321,18.633
2026-09-12 02:05:01,,23,0.859,0.322,18.594
2026-09-12 02:05:22,,23,0.869,0.321,18.561
2026-09-12 02:05:43,,23,0.871,0.322,18.541
2026-09-12 02:06:04,,23,0.893,0.322,18.546
2026-09-12 02:06:25,,23,0.898,0.322,18.565
2026-09-12 02:06:47,,23,0.914,0.322,18.541
2026-09-12 02:07:08,,23,0.905,0.322,18.535
2026-09-12 02:07:29,,23,0.887,0.319,18.593
2026-09-12 02:07:50,,23,0.884,0.318,18.627
2026-09-12 02:08:11,,23,0.89,0.319,18.654
2026-09-12 02:08:32,,23,0.902,0.319,18.713
2026-09-12 02:08:53,,23,0.926,0.319,18.732
2026-09-12 02:09:14,,23,0.95,0.319,18.792
2026-09-12 02:09:35,,23,0.971,0.319,18.79
2026-09-12 02:09:56,,23,0.991,0.319,18.821
2026-09-12 02:10:17,,23,0.993,0.319,18.845
2026-09-12 02:10:38,,23,0.967,0.319,18.878
2026-09-12 02:10:59,,23,0.947,0.319,18.92
2026-09-12 02:11:20,,23,0.931,0.319,18.951
2026-09-12 02:11:41,,23,0.936,0.319,18.986
2026-09-12 02:12:02,,23,0.959,0.319,19.071
2026-09-12 02:12:23,,23,0.982,0.319,19.107
2026-09-12 02:12:44,,23,1.003,0.319,19.151
2026-09-12 02:13:05,,23,1.033,0.319,19.186
2026-09-12 02:13:26,,23,1.04,0.319,18.607
2026-09-12 02:13:47,,23,1.017,0.32,18.215
2026-09-12 02:14:08,,23,0.989,0.32,17.96
2026-09-12 02:14:29,,23,0.969,0.32,17.979
2026-09-12 02:14:50,,23,0.955,0.321,17.949
2026-09-12 02:15:11,,23,0.96,0.321,17.98
2026-09-12 02:15:32,,23,0.986,0.321,18.017
2026-09-12 02:15:53,,23,1.016,0.321,18.054
2026-09-12 02:16:14,,23,1.049,0.322,18.123
2026-09-12 02:16:35,,23,1.059,0.316,18.254
2026-09-12 02:16:56,,23,1.068,0.316,18.306
2026-09-12 02:17:17,,23,1.041,0.316,18.338
2026-09-12 02:17:38,,23,1.012,0.316,18.297
2026-09-12 02:17:59,,23,0.989,0.317,18.331
2026-09-12 02:18:20,,23,0.975,0.317,18.427
2026-09-12 02:18:41,,23,0.992,0.317,18.463
2026-09-12 02:19:02,,23,1.016,0.318,18.49
2026-09-12 02:19:23,,23,1.044,0.318,18.445
2026-09-12 02:19:44,,23,1.057,0.318,18.37
2026-09-12 02:20:05,,23,1.064,0.318,18.377
2026-09-12 02:20:27,,23,1.047,0.318,18.438
2026-09-12 02:20:48,,23,1.019,0.319,18.48
2026-09-12 02:21:09,,23,0.991,0.319,18.509
2026-09-12 02:21:30,,23,0.987,0.319,18.581
2026-09-12 02:21:51,,23,1.005,0.32,18.667
2026-09-12 02:22:12,,23,1.03,0.32,18.728
2026-09-12 02:22:33,,23,1.054,0.32,18.756
2026-09-12 02:22:54,,23,1.064,0.32,18.801
2026-09-12 02:23:15,,23,1.062,0.32,18.768
2026-09-12 02:23:36,,23,1.042,0.32,18.865
2026-09-12 02:23:57,,23,1.019,0.321,18.905
2026-09-12 02:24:18,,23,0.998,0.321,18.955
2026-09-12 02:24:39,,23,1.009,0.321,18.955
2026-09-12 02:25:00,,23,1.038,0.321,19.004
2026-09-12 02:25:21,,23,1.067,0.322,19.044
2026-09-12 02:25:42,,23,1.097,0.322,18.992
2026-09-12 02:26:03,,23,1.103,0.328,19.002
2026-09-12 02:26:24,,23,1.09,0.322,19.003
2026-09-12 02:26:45,,23,1.062,0.323,19.194
2026-09-12 02:27:06,,23,1.039,0.323,19.181
2026-09-12 02:27:28,,23,1.02,0.323,19.225
2026-09-12 02:27:49,,23,1.028,0.323,18.718
2026-09-12 02:28:10,,23,1.067,0.323,18.647
2026-09-12 02:28:31,,23,1.111,0.335,18.699
2026-09-12 02:28:52,,23,1.146,0.37,18.741
2026-09-12 02:29:13,,23,1.174,0.398,18.778
2026-09-12 02:29:34,,23,1.186,0.41,18.82
2026-09-12 02:29:55,,23,1.145,0.368,18.839
2026-09-12 02:30:16,,23,1.112,0.335,18.761
2026-09-12 02:30:37,,23,1.084,0.323,18.82
2026-09-12 02:30:58,,23,1.058,0.323,18.783
2026-09-12 02:31:19,,23,1.082,0.323,18.828
2026-09-12 02:31:40,,23,1.126,0.348,18.877
2026-09-12 02:32:01,,23,1.168,0.39,18.929
2026-09-12 02:32:22,,23,1.214,0.436,18.987
2026-09-12 02:32:42,,23,1.239,0.461,19.051
2026-09-12 02:33:03,,23,1.239,0.47,19.1
2026-09-12 02:33:24,,23,1.198,0.428,19.162
2026-09-12 02:33:45,,23,1.166,0.395,19.029
2026-09-12 02:34:06,,23,1.137,0.365,18.546
2026-09-12 02:34:27,,23,1.146,0.375,18.616
2026-09-12 02:34:48,,23,1.2,0.428,18.632
2026-09-12 02:35:09,,23,1.254,0.481,18.684
2026-09-12 02:35:31,,23,1.321,0.548,18.759
2026-09-12 02:35:52,,23,1.389,0.614,18.847
2026-09-12 02:36:13,,23,1.411,0.636,18.945
2026-09-12 02:36:33,,23,1.385,0.61,19.049
2026-09-12 02:36:54,,23,1.34,0.564,19.065
2026-09-12 02:37:15,,23,1.3,0.524,19.185
2026-09-12 02:37:36,,23,1.275,0.498,19.269
2026-09-12 02:37:58,,24,1.346,0.552,19.461
2026-09-12 02:38:19,,23,1.395,0.618,19.009
2026-09-12 02:38:40,,23,1.494,0.717,19.119
2026-09-12 02:39:01,,23,1.579,0.801,19.315
2026-09-12 02:39:22,,23,1.671,0.893,19.399
2026-09-12 02:39:43,,23,1.71,0.931,19.459
2026-09-12 02:40:04,,23,1.671,0.891,19.54
2026-09-12 02:40:25,,23,1.567,0.793,19.612
2026-09-12 02:40:46,,23,1.484,0.71,19.52
2026-09-12 02:41:07,,23,1.42,0.645,19.218
2026-09-12 02:41:28,,23,1.367,0.592,19.067
2026-09-12 02:41:49,,23,1.428,0.653,19.148
2026-09-12 02:42:10,,23,1.503,0.723,19.229
2026-09-12 02:42:31,,23,1.58,0.8,19.292
2026-09-12 02:42:52,,23,1.614,0.834,19.386
2026-09-12 02:43:13,,23,1.617,0.837,19.477
2026-09-12 02:43:34,,23,1.575,0.795,19.557
2026-09-12 02:43:55,,23,1.479,0.698,19.582
2026-09-12 02:44:16,,23,1.383,0.602,19.127
2026-09-12 02:44:37,,11,9.107,8.526,26.022
2026-09-12 02:44:58,,11,8.842,8.261,25.788
2026-09-12 02:45:19,,11,8.723,8.142,25.853
2026-09-12 02:45:40,,11,8.678,8.096,25.929
2026-09-12 02:46:01,,11,8.667,8.085,25.878
2026-09-12 02:46:22,,11,8.662,8.079,25.846
2026-09-12 02:46:43,,11,8.665,8.085,25.905
2026-09-12 02:47:03,,11,7.932,7.352,25.838
2026-09-12 02:47:24,mars_orbit__benef__search-off,10,0.603,0.323,17.273
2026-09-12 02:47:45,mars_orbit__benef__search-off,10,0.606,0.324,17.333
2026-09-12 02:48:06,mars_orbit__benef__search-off,10,0.606,0.324,17.321
2026-09-12 02:48:27,mars_orbit__benef__search-off,10,4.553,3.973,21.205
2026-09-12 02:48:47,mars_orbit__benef__search-off,10,5.659,5.079,22.233
2026-09-12 02:49:08,mars_orbit__benef__search-on,11,3.393,2.795,19.966
2026-09-12 02:49:30,mars_orbit__benef__search-on,23,3.672,1.761,19.875
2026-09-12 02:49:51,mars_orbit__benef__search-on,23,3.678,1.761,19.868
2026-09-12 02:50:12,mars_orbit__benef__search-on,23,3.68,1.761,19.871
2026-09-12 02:50:33,mars_orbit__benef__search-on,23,3.68,1.761,19.988
2026-09-12 02:50:54,mars_orbit__benef__search-on,23,3.672,1.75,19.984
2026-09-12 02:51:15,mars_orbit__benef__search-on,23,3.439,1.571,19.996
2026-09-12 02:51:37,mars_orbit__benef__search-on,23,2.955,1.299,19.892
2026-09-12 02:51:58,,23,2.519,1.054,19.91
2026-09-12 02:52:19,,23,2.276,0.858,19.917
2026-09-12 02:52:40,,23,2.142,0.723,19.929
2026-09-12 02:53:01,,23,2.039,0.619,19.927
2026-09-12 02:53:22,,23,1.925,0.505,19.614
2026-09-12 02:53:43,,23,1.832,0.411,19.379
2026-09-12 02:54:04,,23,1.76,0.339,19.38
2026-09-12 02:54:25,,23,1.711,0.325,19.461
2026-09-12 02:54:46,,23,1.652,0.325,19.363
2026-09-12 02:55:07,,23,1.607,0.325,19.361
2026-09-12 02:55:28,,23,1.573,0.325,19.296
2026-09-12 02:55:49,,23,1.545,0.325,19.243
2026-09-12 02:56:11,,23,1.527,0.326,19.284
2026-09-12 02:56:32,,23,1.51,0.326,19.331
2026-09-12 02:56:53,,23,1.493,0.325,19.369
2026-09-12 02:57:14,,23,1.483,0.325,19.468
2026-09-12 02:57:35,,23,1.483,0.325,19.456
2026-09-12 02:57:56,,23,1.484,0.325,19.468
2026-09-12 02:58:17,,23,1.485,0.326,19.328
2026-09-12 02:58:38,,23,1.486,0.327,19.411
2026-09-12 02:59:00,,23,1.485,0.327,19.452
2026-09-12 02:59:21,,23,1.492,0.327,19.487
2026-09-12 02:59:42,,23,1.5,0.327,19.445
2026-09-12 03:00:03,,23,1.503,0.327,19.47
2026-09-12 03:00:24,,23,1.504,0.328,19.393
2026-09-12 03:00:45,,23,1.492,0.328,19.349
2026-09-12 03:01:06,,23,1.484,0.328,19.406
2026-09-12 03:01:27,,23,1.485,0.328,19.431
2026-09-12 03:01:48,,23,1.486,0.328,19.467
2026-09-12 03:02:09,,23,1.49,0.329,19.52
2026-09-12 03:02:31,,23,1.483,0.329,19.557
2026-09-12 03:02:52,,23,1.482,0.327,19.638
2026-09-12 03:03:13,,23,1.483,0.327,19.44
2026-09-12 03:03:34,,23,1.484,0.327,19.465
2026-09-12 03:03:55,,23,1.486,0.327,19.45
2026-09-12 03:04:16,,23,1.489,0.328,18.902
2026-09-12 03:04:38,,23,1.491,0.328,18.972
2026-09-12 03:04:59,,23,1.488,0.329,19.072
2026-09-12 03:05:20,,23,1.488,0.329,19.041
2026-09-12 03:05:41,,23,1.495,0.329,18.884
2026-09-12 03:06:02,,23,1.503,0.33,18.931
2026-09-12 03:06:23,,23,1.5,0.33,18.924
2026-09-12 03:06:44,,23,1.487,0.33,19.0
2026-09-12 03:07:05,,23,1.487,0.331,18.923
2026-09-12 03:07:26,,23,1.5,0.331,18.99
2026-09-12 03:07:47,,23,1.504,0.331,19.005
2026-09-12 03:08:08,,24,1.514,0.328,19.099
2026-09-12 03:08:30,,24,1.509,0.329,19.042
2026-09-12 03:08:51,,23,1.498,0.33,19.054
2026-09-12 03:09:12,,23,1.494,0.33,19.127
2026-09-12 03:09:33,,23,1.484,0.331,19.167
2026-09-12 03:09:54,,23,1.493,0.331,19.15
2026-09-12 03:10:15,,23,1.495,0.331,19.167
2026-09-12 03:10:36,,23,1.514,0.331,19.151
2026-09-12 03:10:57,,23,1.52,0.331,19.174
2026-09-12 03:11:18,,23,1.539,0.331,19.214
2026-09-12 03:11:39,,23,1.54,0.332,19.208
2026-09-12 03:12:00,,23,1.532,0.332,19.22
2026-09-12 03:12:21,,23,1.532,0.332,19.249
2026-09-12 03:12:42,,23,1.536,0.332,19.237
2026-09-12 03:13:03,,23,1.553,0.332,19.162
2026-09-12 03:13:24,,23,1.573,0.332,19.185
2026-09-12 03:13:45,,23,1.588,0.332,19.21
2026-09-12 03:14:06,,23,1.6,0.332,19.244
2026-09-12 03:14:27,,23,1.59,0.332,19.276
2026-09-12 03:14:48,,23,1.567,0.332,19.284
2026-09-12 03:15:09,,23,1.555,0.333,19.37
2026-09-12 03:15:30,,23,1.537,0.323,19.332
2026-09-12 03:15:51,,23,1.528,0.324,19.348
2026-09-12 03:16:12,,23,1.535,0.326,19.367
2026-09-12 03:16:33,,23,1.551,0.326,19.332
2026-09-12 03:16:54,,23,1.572,0.327,19.384
2026-09-12 03:17:16,,23,1.575,0.327,19.463
2026-09-12 03:17:37,,23,1.581,0.328,19.486
2026-09-12 03:17:58,,23,1.575,0.331,19.602
2026-09-12 03:18:19,,23,1.548,0.331,19.619
2026-09-12 03:18:40,,23,1.527,0.331,19.465
2026-09-12 03:19:01,,23,1.509,0.331,19.371
2026-09-12 03:19:22,,23,1.494,0.331,19.373
2026-09-12 03:19:43,,23,1.487,0.331,19.33
2026-09-12 03:20:04,,23,1.486,0.331,19.342
2026-09-12 03:20:25,,23,1.489,0.331,19.365
2026-09-12 03:20:46,,23,1.485,0.331,19.38
2026-09-12 03:21:07,,23,1.487,0.332,19.469
2026-09-12 03:21:28,,23,1.487,0.332,19.487
2026-09-12 03:21:49,,23,1.486,0.332,19.469
2026-09-12 03:22:10,,23,1.487,0.332,19.486
2026-09-12 03:22:31,,23,1.487,0.332,19.504
2026-09-12 03:22:52,,23,1.487,0.332,19.459
2026-09-12 03:23:13,,23,1.486,0.33,18.835
2026-09-12 03:23:34,,23,1.489,0.33,18.755
2026-09-12 03:23:55,,23,1.487,0.329,18.795
2026-09-12 03:24:16,,23,1.49,0.329,18.906
2026-09-12 03:24:37,,23,1.49,0.329,18.95
2026-09-12 03:24:58,,23,1.489,0.329,18.906
2026-09-12 03:25:19,,23,1.489,0.329,18.793
2026-09-12 03:25:40,,23,1.489,0.329,18.817
2026-09-12 03:26:01,,23,1.489,0.329,18.822
2026-09-12 03:26:22,,23,1.49,0.329,18.839
2026-09-12 03:26:43,,23,1.491,0.329,18.809
2026-09-12 03:27:04,,23,1.49,0.329,18.868
2026-09-12 03:27:25,,23,1.489,0.329,18.86
2026-09-12 03:27:46,,23,1.49,0.329,18.873
2026-09-12 03:28:07,,23,1.489,0.329,18.887
2026-09-12 03:28:28,,23,1.487,0.329,18.9
2026-09-12 03:28:49,,23,1.485,0.329,18.918
2026-09-12 03:29:10,,23,1.483,0.329,18.99
2026-09-12 03:29:31,,23,1.483,0.329,19.01
2026-09-12 03:29:52,,23,1.483,0.329,19.035
2026-09-12 03:30:13,,23,1.483,0.329,19.055
2026-09-12 03:30:34,,23,1.484,0.329,19.068
2026-09-12 03:30:55,,23,1.484,0.329,19.072
2026-09-12 03:31:16,,23,1.484,0.329,19.014
2026-09-12 03:31:37,,23,1.484,0.329,18.949
2026-09-12 03:31:58,,23,1.485,0.329,18.951
2026-09-12 03:32:19,,23,1.487,0.329,18.914
2026-09-12 03:32:40,,23,1.491,0.329,18.93
2026-09-12 03:33:01,,23,1.496,0.329,18.952
2026-09-12 03:33:22,,23,1.502,0.33,18.901
2026-09-12 03:33:43,,23,1.501,0.33,18.84
2026-09-12 03:34:04,,23,1.488,0.33,18.847
2026-09-12 03:34:25,,23,1.485,0.33,18.859
2026-09-12 03:34:46,,23,1.485,0.33,18.88
2026-09-12 03:35:07,,23,1.486,0.33,18.891
2026-09-12 03:35:28,,23,1.486,0.33,18.908
2026-09-12 03:35:49,,23,1.487,0.33,18.917
2026-09-12 03:36:10,,23,1.486,0.33,18.818
2026-09-12 03:36:31,,23,1.486,0.33,18.86
2026-09-12 03:36:52,,23,1.485,0.33,18.931
2026-09-12 03:37:13,,23,1.483,0.331,18.941
2026-09-12 03:37:34,,23,1.483,0.331,18.944
2026-09-12 03:37:55,,23,1.484,0.331,18.998
2026-09-12 03:38:16,,23,1.485,0.331,19.019
2026-09-12 03:38:37,,23,1.485,0.332,19.007
2026-09-12 03:38:58,,23,1.485,0.332,19.004
2026-09-12 03:39:20,,23,1.483,0.329,19.059
2026-09-12 03:39:41,,23,1.484,0.33,19.081
2026-09-12 03:40:02,,23,1.486,0.33,19.116
2026-09-12 03:40:23,,23,1.484,0.33,19.074
2026-09-12 03:40:44,,23,1.483,0.33,19.079
2026-09-12 03:41:05,,23,1.485,0.33,18.964
2026-09-12 03:41:26,,23,1.487,0.331,18.989
2026-09-12 03:41:47,,23,1.49,0.331,19.005
2026-09-12 03:42:08,,23,1.49,0.331,19.058
2026-09-12 03:42:29,,23,1.49,0.331,19.071
2026-09-12 03:42:50,,23,1.488,0.331,19.073
2026-09-12 03:43:11,,23,1.488,0.332,19.12
2026-09-12 03:43:32,,23,1.489,0.332,19.064
2026-09-12 03:43:53,,23,1.489,0.333,19.095
2026-09-12 03:44:14,,23,1.489,0.333,18.933
2026-09-12 03:44:35,,23,1.49,0.333,18.978
2026-09-12 03:44:56,,23,1.488,0.333,18.988
2026-09-12 03:45:18,,23,1.49,0.334,19.074
2026-09-12 03:45:39,,24,1.5,0.331,19.121
2026-09-12 03:46:00,,23,1.484,0.331,18.978
2026-09-12 03:46:21,,23,1.485,0.331,18.949
2026-09-12 03:46:42,,23,1.484,0.33,18.947
2026-09-12 03:47:03,,23,1.485,0.332,19.078
2026-09-12 03:47:24,,23,1.485,0.332,19.098
2026-09-12 03:47:45,,23,1.486,0.332,19.074
2026-09-12 03:48:06,,23,1.485,0.332,19.089
2026-09-12 03:48:27,,23,1.485,0.332,19.154
2026-09-12 03:48:48,,23,1.485,0.332,19.116
2026-09-12 03:49:09,,23,1.485,0.332,19.089
2026-09-12 03:49:30,,23,1.485,0.332,19.081
2026-09-12 03:49:51,,23,1.487,0.332,19.102
2026-09-12 03:50:12,,23,1.485,0.332,19.063
2026-09-12 03:50:33,,23,1.485,0.332,18.984
2026-09-12 03:50:54,,23,1.486,0.333,19.001
2026-09-12 03:51:16,,23,1.486,0.333,19.029
2026-09-12 03:51:37,,23,1.487,0.333,19.028
2026-09-12 03:51:58,,23,1.486,0.333,19.037
2026-09-12 03:52:19,,23,1.487,0.333,19.058
2026-09-12 03:52:40,,23,1.491,0.333,19.126
2026-09-12 03:53:01,,23,1.495,0.333,19.146
2026-09-12 03:53:22,,23,1.503,0.331,19.106
2026-09-12 03:53:43,,23,1.506,0.331,19.119
2026-09-12 03:54:04,,23,1.502,0.331,19.202
2026-09-12 03:54:25,,23,1.485,0.331,19.089
2026-09-12 03:54:46,,23,1.485,0.33,19.111
2026-09-12 03:55:07,,23,1.486,0.331,19.102
2026-09-12 03:55:28,,23,1.486,0.331,19.123
2026-09-12 03:55:49,,23,1.487,0.331,19.123
2026-09-12 03:56:10,,23,1.489,0.331,19.155
2026-09-12 03:56:31,,23,1.487,0.331,19.171
2026-09-12 03:56:52,,23,1.487,0.331,19.07
2026-09-12 03:57:13,,23,1.486,0.331,19.091
2026-09-12 03:57:34,,23,1.488,0.331,19.103
2026-09-12 03:57:55,,23,1.489,0.332,19.117
2026-09-12 03:58:17,,23,1.488,0.332,19.138
2026-09-12 03:58:38,,23,1.489,0.332,19.021
2026-09-12 03:58:59,,23,1.489,0.332,19.035
2026-09-12 03:59:20,,23,1.49,0.332,19.099
2026-09-12 03:59:41,,23,1.489,0.332,19.1
2026-09-12 04:00:02,,23,1.488,0.332,19.139
2026-09-12 04:00:23,,23,1.49,0.332,19.125
2026-09-12 04:00:44,,23,1.495,0.332,19.156
2026-09-12 04:01:05,,23,1.489,0.332,19.169
2026-09-12 04:01:26,,23,1.492,0.333,19.197
2026-09-12 04:01:47,,23,1.491,0.332,19.202
2026-09-12 04:02:08,,23,1.488,0.332,19.211
2026-09-12 04:02:29,,23,1.488,0.332,19.221
2026-09-12 04:02:50,,23,1.487,0.332,19.239
2026-09-12 04:03:11,,23,1.489,0.332,19.157
2026-09-12 04:03:32,,23,1.494,0.332,19.17
2026-09-12 04:03:53,,23,1.49,0.332,19.184
2026-09-12 04:04:14,,23,1.493,0.332,19.219
2026-09-12 04:04:35,,23,1.492,0.332,19.293
2026-09-12 04:04:56,,23,1.491,0.332,19.325
2026-09-12 04:05:17,,23,1.491,0.332,19.325
2026-09-12 04:05:38,,23,1.491,0.332,19.158
2026-09-12 04:05:59,,23,1.491,0.332,19.199
2026-09-12 04:06:20,,23,1.49,0.332,19.155
2026-09-12 04:06:41,,23,1.491,0.332,19.179
2026-09-12 04:07:02,,23,1.491,0.332,19.191
2026-09-12 04:07:23,,23,1.491,0.332,19.215
2026-09-12 04:07:44,,23,1.489,0.332,19.247
2026-09-12 04:08:05,,23,1.488,0.332,19.163
2026-09-12 04:08:26,,23,1.489,0.332,19.274
2026-09-12 04:08:47,,23,1.489,0.332,19.327
2026-09-12 04:09:08,,23,1.489,0.332,19.241
2026-09-12 04:09:29,,23,1.49,0.333,19.315
2026-09-12 04:09:50,,23,1.49,0.333,19.315
2026-09-12 04:10:11,,23,1.491,0.333,19.253
2026-09-12 04:10:32,,23,1.496,0.333,19.287
2026-09-12 04:10:53,,23,1.497,0.334,19.222
2026-09-12 04:11:14,,23,1.502,0.334,19.22
2026-09-12 04:11:35,,23,1.511,0.334,19.236
2026-09-12 04:11:56,,23,1.512,0.334,19.16
2026-09-12 04:12:17,,23,1.509,0.334,19.214
2026-09-12 04:12:38,,23,1.492,0.334,19.216
2026-09-12 04:12:59,,23,1.492,0.334,19.234
2026-09-12 04:13:20,,23,1.492,0.334,19.255
2026-09-12 04:13:42,,23,1.491,0.334,19.271
2026-09-12 04:14:03,,23,1.493,0.334,19.219
2026-09-12 04:14:24,,23,1.492,0.334,19.229
2026-09-12 04:14:45,,23,1.495,0.334,19.254
2026-09-12 04:15:06,,23,1.494,0.334,19.28
2026-09-12 04:15:27,,23,1.49,0.334,19.272
2026-09-12 04:15:48,,23,1.49,0.334,19.295
2026-09-12 04:16:09,,23,1.49,0.334,19.308
2026-09-12 04:16:30,,23,1.49,0.334,19.284
2026-09-12 04:16:51,,23,1.491,0.334,19.19
2026-09-12 04:17:12,,23,1.491,0.334,19.186
2026-09-12 04:17:33,,23,1.492,0.334,19.194
2026-09-12 04:17:54,,23,1.488,0.333,19.203
2026-09-12 04:18:15,,23,1.491,0.333,19.255
2026-09-12 04:18:36,,23,1.49,0.333,19.305
2026-09-12 04:18:57,,23,1.493,0.333,19.254
2026-09-12 04:19:19,,23,1.491,0.333,19.26
2026-09-12 04:19:40,,23,1.491,0.333,19.272
2026-09-12 04:20:01,,23,1.49,0.333,19.287
2026-09-12 04:20:22,,23,1.491,0.333,19.374
2026-09-12 04:20:43,,23,1.492,0.334,19.468
2026-09-12 04:21:04,,23,1.495,0.334,19.413
2026-09-12 04:21:25,,23,1.492,0.334,19.433
2026-09-12 04:21:46,,23,1.492,0.334,19.48
2026-09-12 04:22:07,,23,1.492,0.334,19.271
2026-09-12 04:22:28,,23,1.49,0.334,19.236
2026-09-12 04:22:49,,23,1.49,0.334,19.265
2026-09-12 04:23:10,,23,1.491,0.334,19.268
2026-09-12 04:23:31,,23,1.491,0.334,19.285
2026-09-12 04:23:52,,23,1.491,0.334,19.318
2026-09-12 04:24:13,,23,1.491,0.334,19.326
2026-09-12 04:24:34,,23,1.493,0.334,19.391
2026-09-12 04:24:55,,23,1.492,0.334,19.486
2026-09-12 04:25:16,,23,1.492,0.334,19.426
2026-09-12 04:25:37,,23,1.493,0.334,19.339
2026-09-12 04:25:58,,23,1.491,0.334,19.341
2026-09-12 04:26:19,,23,1.491,0.334,19.379
2026-09-12 04:26:40,,23,1.49,0.332,19.317
2026-09-12 04:27:01,,23,1.49,0.332,19.347
2026-09-12 04:27:22,,23,1.49,0.332,19.351
2026-09-12 04:27:43,,23,1.49,0.332,19.368
2026-09-12 04:28:04,,23,1.494,0.332,19.388
2026-09-12 04:28:25,,23,1.502,0.332,19.396
2026-09-12 04:28:46,,23,1.508,0.332,19.416
2026-09-12 04:29:07,,23,1.506,0.332,19.477
2026-09-12 04:29:28,,23,1.494,0.332,19.495
2026-09-12 04:29:49,,23,1.488,0.333,19.217
2026-09-12 04:30:10,,23,1.489,0.333,19.225
2026-09-12 04:30:31,,23,1.489,0.333,19.246
2026-09-12 04:30:52,,23,1.488,0.332,19.267
2026-09-12 04:31:13,,23,1.49,0.332,19.288
2026-09-12 04:31:34,,23,1.492,0.332,19.304
2026-09-12 04:31:55,,23,1.49,0.332,19.336
2026-09-12 04:32:16,,23,1.49,0.332,19.343
2026-09-12 04:32:37,,23,1.49,0.332,19.385
2026-09-12 04:32:58,,23,1.49,0.332,19.414
2026-09-12 04:33:19,,23,1.49,0.332,19.433
2026-09-12 04:33:40,,23,1.49,0.333,19.455
2026-09-12 04:34:01,,23,1.492,0.333,19.487
2026-09-12 04:34:22,,23,1.492,0.332,19.488
2026-09-12 04:34:43,,23,1.494,0.332,19.432
2026-09-12 04:35:04,,23,1.49,0.332,19.459
2026-09-12 04:35:25,,23,1.494,0.332,19.469
2026-09-12 04:35:46,,23,1.492,0.332,19.496
2026-09-12 04:36:07,,23,1.491,0.332,19.523
2026-09-12 04:36:28,,23,1.491,0.332,19.396
2026-09-12 04:36:49,,23,1.492,0.333,19.389
2026-09-12 04:37:10,,23,1.491,0.333,19.421
2026-09-12 04:37:31,,23,1.499,0.333,19.434
2026-09-12 04:37:52,,23,1.502,0.333,19.461
2026-09-12 04:38:13,,23,1.507,0.333,19.465
2026-09-12 04:38:34,,23,1.507,0.333,19.493
2026-09-12 04:38:55,,23,1.492,0.334,19.513
2026-09-12 04:39:16,,23,1.49,0.334,19.533
2026-09-12 04:39:37,,23,1.49,0.334,19.47
2026-09-12 04:39:58,,23,1.49,0.334,19.374
2026-09-12 04:40:19,,23,1.49,0.334,19.366
2026-09-12 04:40:40,,23,1.49,0.334,19.392
2026-09-12 04:41:01,,23,1.49,0.334,19.411
2026-09-12 04:41:22,,23,1.491,0.334,19.433
2026-09-12 04:41:43,,23,1.489,0.335,19.462
2026-09-12 04:42:04,,23,1.489,0.335,19.477
2026-09-12 04:42:25,,23,1.489,0.335,19.49
2026-09-12 04:42:46,,23,1.483,0.329,19.516
2026-09-12 04:43:07,,23,1.484,0.329,19.526
2026-09-12 04:43:28,,23,1.484,0.329,19.543
2026-09-12 04:43:49,,23,1.483,0.33,19.563
2026-09-12 04:44:10,,23,1.485,0.33,19.575
2026-09-12 04:44:31,,23,1.493,0.33,18.959
2026-09-12 04:44:52,,23,1.492,0.33,18.388
2026-09-12 04:45:13,,23,1.496,0.33,18.175
2026-09-12 04:45:34,,23,1.496,0.33,18.185
2026-09-12 04:45:55,,23,1.493,0.331,18.193
2026-09-12 04:46:16,,23,1.486,0.331,18.206
2026-09-12 04:46:37,,23,1.487,0.331,18.27
2026-09-12 04:46:58,,23,1.49,0.332,18.288
2026-09-12 04:47:19,,23,1.489,0.332,18.31
2026-09-12 04:47:40,,23,1.49,0.333,18.339
2026-09-12 04:48:01,,23,1.489,0.332,18.348
2026-09-12 04:48:22,,23,1.489,0.332,18.357
2026-09-12 04:48:43,,23,1.489,0.333,18.428
2026-09-12 04:49:04,,23,1.488,0.333,18.384
2026-09-12 04:49:25,,23,1.488,0.333,18.379
2026-09-12 04:49:46,,23,1.489,0.333,18.393
2026-09-12 04:50:07,,23,1.487,0.333,18.404
2026-09-12 04:50:28,,23,1.486,0.333,18.433
2026-09-12 04:50:49,,23,1.489,0.334,18.473
2026-09-12 04:51:10,,23,1.492,0.334,18.432
2026-09-12 04:51:31,,23,1.491,0.334,18.334
2026-09-12 04:51:52,,23,1.49,0.334,18.337
2026-09-12 04:52:13,,23,1.49,0.334,18.325
2026-09-12 04:52:34,,23,1.49,0.334,18.343
2026-09-12 04:52:55,,23,1.49,0.334,18.363
2026-09-12 04:53:16,,23,1.494,0.334,18.289
2026-09-12 04:53:37,,23,1.496,0.334,18.338
2026-09-12 04:53:58,,23,1.503,0.334,18.33
2026-09-12 04:54:19,,23,1.509,0.334,18.328
2026-09-12 04:54:40,,23,1.508,0.334,18.355
2026-09-12 04:55:01,,23,1.498,0.334,18.38
2026-09-12 04:55:22,,23,1.491,0.334,18.44
2026-09-12 04:55:43,,23,1.492,0.335,18.491
2026-09-12 04:56:04,,23,1.492,0.335,18.498
2026-09-12 04:56:25,,23,1.491,0.335,18.527
2026-09-12 04:56:46,,23,1.493,0.336,18.556
2026-09-12 04:57:07,,23,1.492,0.336,18.519
2026-09-12 04:57:28,,23,1.495,0.336,18.645
2026-09-12 04:57:49,,23,1.484,0.329,18.58
2026-09-12 04:58:10,,23,1.485,0.329,18.45
2026-09-12 04:58:31,,23,1.485,0.329,18.238
2026-09-12 04:58:52,,23,1.488,0.332,18.23
2026-09-12 04:59:13,,23,1.488,0.332,18.301
2026-09-12 04:59:34,,23,1.49,0.332,18.322
2026-09-12 04:59:55,,23,1.488,0.332,18.351
2026-09-12 05:00:16,,23,1.488,0.332,18.392
2026-09-12 05:00:37,,23,1.49,0.332,18.41
2026-09-12 05:00:58,,23,1.489,0.333,18.444
2026-09-12 05:01:19,,23,1.491,0.333,18.474
2026-09-12 05:01:40,,23,1.491,0.333,18.527
2026-09-12 05:02:01,,23,1.487,0.333,18.546
2026-09-12 05:02:22,,23,1.487,0.333,18.566
2026-09-12 05:02:43,,23,1.489,0.334,18.485
2026-09-12 05:03:04,,23,1.488,0.334,18.518
2026-09-12 05:03:25,,23,1.486,0.334,18.534
2026-09-12 05:03:46,,23,1.487,0.333,18.489
2026-09-12 05:04:07,,23,1.488,0.333,18.498
2026-09-12 05:04:28,,23,1.488,0.333,18.514
2026-09-12 05:04:49,,23,1.489,0.334,18.55
2026-09-12 05:05:10,,23,1.49,0.334,18.554
2026-09-12 05:05:31,,23,1.49,0.334,18.395
2026-09-12 05:05:52,,23,1.491,0.334,18.429
2026-09-12 05:06:13,,23,1.489,0.334,18.399
2026-09-12 05:06:34,,23,1.493,0.334,18.436
2026-09-12 05:06:55,,23,1.492,0.335,18.444
2026-09-12 05:07:16,,23,1.491,0.335,18.476
2026-09-12 05:07:37,,23,1.491,0.335,18.386
2026-09-12 05:07:58,,23,1.491,0.335,18.397
2026-09-12 05:08:19,,23,1.491,0.335,18.436
2026-09-12 05:08:40,,23,1.492,0.335,18.478
2026-09-12 05:09:01,,23,1.493,0.335,18.502
2026-09-12 05:09:22,,23,1.501,0.335,18.514
2026-09-12 05:09:43,,23,1.512,0.335,18.548
2026-09-12 05:10:04,,23,1.513,0.335,18.563
2026-09-12 05:10:25,,23,1.514,0.335,18.46
2026-09-12 05:10:46,,23,1.504,0.335,18.495
2026-09-12 05:11:07,,23,1.494,0.335,18.511
2026-09-12 05:11:28,,23,1.496,0.335,18.53
2026-09-12 05:11:49,,23,1.495,0.336,18.421
2026-09-12 05:12:10,,23,1.494,0.336,18.425
2026-09-12 05:12:31,,23,1.49,0.336,18.443
2026-09-12 05:12:52,,23,1.479,0.328,18.461
2026-09-12 05:13:13,,23,1.48,0.328,18.473
2026-09-12 05:13:33,,23,1.48,0.328,18.466
2026-09-12 05:13:54,,23,1.484,0.331,18.418
2026-09-12 05:14:15,,23,1.484,0.331,18.416
2026-09-12 05:14:36,,23,1.483,0.331,18.441
2026-09-12 05:14:57,,23,1.484,0.332,18.467
2026-09-12 05:15:18,,23,1.487,0.332,18.484
2026-09-12 05:15:39,,23,1.489,0.333,18.523
2026-09-12 05:16:00,,23,1.49,0.333,18.529
2026-09-12 05:16:21,,23,1.49,0.333,18.553
2026-09-12 05:16:42,,23,1.49,0.333,18.474
2026-09-12 05:17:03,,23,1.49,0.333,18.496
2026-09-12 05:17:24,,23,1.493,0.333,18.513
2026-09-12 05:17:45,,23,1.494,0.334,18.531
2026-09-12 05:18:06,,23,1.503,0.334,18.57
2026-09-12 05:18:27,,23,1.509,0.334,18.42
2026-09-12 05:18:48,,23,1.512,0.334,18.437
2026-09-12 05:19:09,,23,1.504,0.334,18.454
2026-09-12 05:19:30,,23,1.491,0.334,18.464
2026-09-12 05:19:51,,23,1.492,0.334,18.54
2026-09-12 05:20:12,,23,1.493,0.334,18.558
2026-09-12 05:20:33,,23,1.492,0.334,18.562
2026-09-12 05:20:54,,23,1.493,0.335,18.58
2026-09-12 05:21:15,,23,1.496,0.335,18.617
2026-09-12 05:21:36,,23,1.495,0.335,18.576
2026-09-12 05:21:57,,23,1.495,0.335,18.483
2026-09-12 05:22:18,,23,1.496,0.335,18.491
2026-09-12 05:22:39,,23,1.496,0.335,18.493
2026-09-12 05:23:00,,23,1.496,0.335,18.514
2026-09-12 05:23:21,,23,1.495,0.335,18.521
2026-09-12 05:23:42,,23,1.496,0.335,18.594
2026-09-12 05:24:03,,23,1.495,0.335,18.61
2026-09-12 05:24:24,,23,1.496,0.335,18.631
2026-09-12 05:24:45,,23,1.498,0.335,18.658
2026-09-12 05:25:06,,23,1.5,0.335,18.669
2026-09-12 05:25:27,,23,1.5,0.335,18.494
2026-09-12 05:25:48,,23,1.497,0.335,18.528
2026-09-12 05:26:09,,23,1.494,0.335,18.502
2026-09-12 05:26:30,,23,1.494,0.335,18.505
2026-09-12 05:26:51,,23,1.497,0.336,18.444
2026-09-12 05:27:12,,23,1.495,0.336,18.459
2026-09-12 05:27:33,,23,1.494,0.336,18.482
2026-09-12 05:27:54,,23,1.487,0.33,18.491
2026-09-12 05:28:15,,23,1.487,0.33,18.507
2026-09-12 05:28:36,,23,1.487,0.33,18.527
2026-09-12 05:28:57,,23,1.489,0.331,18.546
2026-09-12 05:29:18,,23,1.489,0.331,18.619
2026-09-12 05:29:39,,23,1.488,0.332,18.636
2026-09-12 05:30:00,,23,1.491,0.332,18.666
2026-09-12 05:30:21,,23,1.487,0.332,18.673
2026-09-12 05:30:42,,23,1.488,0.332,18.701
2026-09-12 05:31:03,,23,1.487,0.332,18.717
2026-09-12 05:31:24,,23,1.488,0.332,18.615
2026-09-12 05:31:45,,23,1.487,0.332,18.622
2026-09-12 05:32:06,,23,1.487,0.332,18.683
2026-09-12 05:32:27,,23,1.492,0.332,18.707
2026-09-12 05:32:48,,23,1.495,0.333,18.738
2026-09-12 05:33:09,,23,1.505,0.333,18.769
2026-09-12 05:33:30,,23,1.51,0.333,18.791
2026-09-12 05:33:51,,23,1.505,0.333,18.764
2026-09-12 05:34:12,,23,1.49,0.333,18.746
2026-09-12 05:34:33,,23,1.49,0.333,18.755
2026-09-12 05:34:54,,23,1.492,0.334,18.558
2026-09-12 05:35:15,,23,1.492,0.333,18.569
2026-09-12 05:35:36,,23,1.492,0.333,18.575
2026-09-12 05:35:57,,23,1.492,0.334,18.602
2026-09-12 05:36:18,,23,1.493,0.334,18.638
2026-09-12 05:36:39,,23,1.493,0.334,18.563
2026-09-12 05:37:00,,23,1.493,0.334,18.575
2026-09-12 05:37:21,,23,1.493,0.334,18.586
2026-09-12 05:37:42,,23,1.494,0.335,18.58
2026-09-12 05:38:03,,23,1.494,0.335,18.593
2026-09-12 05:38:24,,23,1.493,0.335,18.61
2026-09-12 05:38:45,,23,1.498,0.335,18.631
2026-09-12 05:39:06,,23,1.501,0.335,18.65
2026-09-12 05:39:27,,23,1.497,0.335,18.674
2026-09-12 05:39:48,,23,1.497,0.335,18.696
2026-09-12 05:40:09,,23,1.496,0.335,18.702
2026-09-12 05:40:30,,23,1.493,0.335,18.716
2026-09-12 05:40:51,,23,1.494,0.336,18.739
2026-09-12 05:41:12,,23,1.497,0.336,18.685
2026-09-12 05:41:33,,23,1.496,0.336,18.707
2026-09-12 05:41:54,,23,1.494,0.336,18.713
2026-09-12 05:42:15,,23,1.493,0.336,18.565
2026-09-12 05:42:36,,23,1.494,0.336,18.577
2026-09-12 05:42:57,,23,1.486,0.329,18.579
2026-09-12 05:43:18,,23,1.488,0.329,18.596
2026-09-12 05:43:39,,23,1.489,0.331,18.624
2026-09-12 05:44:00,,23,1.489,0.331,18.642
2026-09-12 05:44:21,,23,1.489,0.331,18.649
2026-09-12 05:44:42,,23,1.493,0.332,18.697
2026-09-12 05:45:03,,23,1.492,0.332,18.721
2026-09-12 05:45:24,,23,1.492,0.332,18.746
2026-09-12 05:45:45,,23,1.492,0.332,18.775
2026-09-12 05:46:06,,23,1.491,0.332,18.781
2026-09-12 05:46:27,,23,1.491,0.332,18.688
2026-09-12 05:46:48,,23,1.492,0.332,18.694
2026-09-12 05:47:09,,23,1.496,0.332,18.793
2026-09-12 05:47:30,,23,1.506,0.332,18.839
2026-09-12 05:47:51,,23,1.512,0.333,18.861
2026-09-12 05:48:12,,23,1.512,0.333,18.878
2026-09-12 05:48:33,,23,1.51,0.333,18.811
2026-09-12 05:48:54,,23,1.497,0.333,18.829
2026-09-12 05:49:15,,23,1.489,0.333,18.701
2026-09-12 05:49:36,,23,1.49,0.333,18.699
2026-09-12 05:49:57,,23,1.491,0.334,18.718
2026-09-12 05:50:18,,23,1.49,0.334,18.657
2026-09-12 05:50:39,,23,1.491,0.334,18.731
2026-09-12 05:51:00,,23,1.492,0.334,18.765
2026-09-12 05:51:21,,23,1.492,0.334,18.781
2026-09-12 05:51:42,,23,1.496,0.335,18.815
2026-09-12 05:52:03,,23,1.494,0.335,18.828
2026-09-12 05:52:24,,23,1.494,0.335,18.788
2026-09-12 05:52:45,,23,1.495,0.335,18.861
2026-09-12 05:53:06,,23,1.494,0.335,18.876
2026-09-12 05:53:27,,23,1.497,0.335,18.897
2026-09-12 05:53:48,,23,1.492,0.335,18.932
2026-09-12 05:54:09,,23,1.491,0.335,18.941
2026-09-12 05:54:30,,23,1.491,0.335,18.894
2026-09-12 05:54:51,,23,1.494,0.336,18.919
2026-09-12 05:55:12,,23,1.494,0.336,18.807
2026-09-12 05:55:33,,23,1.497,0.336,18.819
2026-09-12 05:55:54,,23,1.503,0.336,18.847
2026-09-12 05:56:15,,23,1.508,0.336,18.708
2026-09-12 05:56:36,,23,1.501,0.336,18.717
2026-09-12 05:56:57,,23,1.496,0.336,18.745
2026-09-12 05:57:18,,23,1.496,0.336,18.755
2026-09-12 05:57:39,,23,1.498,0.336,18.784
2026-09-12 05:58:00,,23,1.49,0.329,18.821
2026-09-12 05:58:21,,23,1.491,0.329,18.803
2026-09-12 05:58:42,,23,1.493,0.332,18.836
2026-09-12 05:59:03,,23,1.492,0.332,18.858
2026-09-12 05:59:24,,23,1.492,0.332,18.933
2026-09-12 05:59:45,,23,1.493,0.333,18.952
2026-09-12 06:00:06,,23,1.493,0.333,18.845
2026-09-12 06:00:27,,23,1.493,0.333,18.854
2026-09-12 06:00:48,,23,1.494,0.333,18.875
2026-09-12 06:01:09,,23,1.493,0.332,18.888
2026-09-12 06:01:30,,23,1.495,0.332,18.918
2026-09-12 06:01:51,,23,1.5,0.332,18.958
2026-09-12 06:02:12,,23,1.507,0.332,18.978
2026-09-12 06:02:33,,23,1.51,0.332,18.993
2026-09-12 06:02:54,,23,1.506,0.333,19.008
2026-09-12 06:03:15,,23,1.493,0.333,19.027
2026-09-12 06:03:36,,23,1.492,0.333,19.044
2026-09-12 06:03:57,,23,1.493,0.334,19.071
2026-09-12 06:04:18,,23,1.495,0.334,19.092
2026-09-12 06:04:39,,23,1.495,0.334,19.131
2026-09-12 06:05:00,,23,1.494,0.334,19.047
2026-09-12 06:05:21,,23,1.494,0.334,18.805
2026-09-12 06:05:42,,23,1.495,0.335,18.809
2026-09-12 06:06:03,,23,1.495,0.335,18.826
2026-09-12 06:06:24,,23,1.493,0.335,18.842
2026-09-12 06:06:45,,23,1.493,0.335,18.867
2026-09-12 06:07:06,,23,1.493,0.335,18.887
2026-09-12 06:07:27,,23,1.493,0.335,18.913
2026-09-12 06:07:48,,23,1.494,0.335,18.949
2026-09-12 06:08:09,,23,1.492,0.335,18.963
2026-09-12 06:08:30,,23,1.49,0.335,18.912
2026-09-12 06:08:51,,23,1.491,0.335,18.879
2026-09-12 06:09:12,,23,1.492,0.335,18.908
2026-09-12 06:09:33,,23,1.491,0.335,18.938
2026-09-12 06:09:54,,23,1.494,0.336,18.952
2026-09-12 06:10:15,,23,1.502,0.336,18.976
2026-09-12 06:10:36,,23,1.511,0.336,18.999
2026-09-12 06:10:57,,23,1.514,0.336,19.022
2026-09-12 06:11:18,,23,1.509,0.336,19.038
2026-09-12 06:11:39,,23,1.492,0.336,18.934
2026-09-12 06:12:00,,23,1.493,0.336,18.938
2026-09-12 06:12:21,,23,1.493,0.336,18.954
2026-09-12 06:12:42,,23,1.489,0.332,19.019
2026-09-12 06:13:03,,23,1.49,0.332,19.048
2026-09-12 06:13:24,,23,1.49,0.332,19.102
2026-09-12 06:13:45,,23,1.494,0.332,18.93
2026-09-12 06:14:06,,23,1.493,0.332,18.949
2026-09-12 06:14:27,,23,1.493,0.332,18.952
2026-09-12 06:14:48,,23,1.493,0.333,18.953
2026-09-12 06:15:09,,23,1.493,0.333,18.956
2026-09-12 06:15:30,,23,1.493,0.333,18.977
2026-09-12 06:15:51,,23,1.49,0.333,19.016
2026-09-12 06:16:12,,23,1.49,0.333,19.027
2026-09-12 06:16:33,,23,1.496,0.333,19.054
2026-09-12 06:16:54,,23,1.493,0.333,19.081
2026-09-12 06:17:15,,23,1.493,0.334,19.096
2026-09-12 06:17:36,,23,1.492,0.334,19.112
2026-09-12 06:17:57,,23,1.49,0.334,18.981
2026-09-12 06:18:18,,23,1.49,0.334,18.99
2026-09-12 06:18:39,,23,1.492,0.334,18.885
2026-09-12 06:19:00,,23,1.492,0.335,18.965
2026-09-12 06:19:21,,23,1.493,0.335,18.977
2026-09-12 06:19:42,,23,1.493,0.335,19.012
2026-09-12 06:20:03,,23,1.493,0.335,18.978
2026-09-12 06:20:24,,23,1.494,0.335,18.993
2026-09-12 06:20:45,,23,1.495,0.335,19.049
2026-09-12 06:21:06,,23,1.494,0.335,19.061
2026-09-12 06:21:27,,23,1.498,0.335,19.089
2026-09-12 06:21:48,,23,1.496,0.335,19.107
2026-09-12 06:22:09,,23,1.493,0.335,19.123
2026-09-12 06:22:30,,23,1.493,0.335,19.143
2026-09-12 06:22:51,,23,1.493,0.335,19.239
2026-09-12 06:23:12,,23,1.493,0.335,19.156
2026-09-12 06:23:33,,23,1.492,0.335,19.161
2026-09-12 06:23:54,,23,1.493,0.335,19.036
2026-09-12 06:24:15,,23,1.497,0.335,19.052
2026-09-12 06:24:36,,23,1.506,0.335,18.998
2026-09-12 06:24:57,,23,1.511,0.336,19.02
2026-09-12 06:25:18,,23,1.513,0.336,19.045
2026-09-12 06:25:39,,23,1.507,0.336,19.06
2026-09-12 06:26:00,,23,1.496,0.337,19.083
2026-09-12 06:26:21,,23,1.496,0.337,19.099
2026-09-12 06:26:42,,23,1.496,0.337,19.122
2026-09-12 06:27:03,,23,1.497,0.337,19.146
2026-09-12 06:27:24,,23,1.499,0.337,19.153
2026-09-12 06:27:45,,23,1.496,0.338,19.187
2026-09-12 06:28:06,,23,1.497,0.338,19.102
2026-09-12 06:28:27,,23,1.495,0.338,19.11
2026-09-12 06:28:48,,23,1.49,0.332,19.119
2026-09-12 06:29:09,,23,1.49,0.332,19.19
2026-09-12 06:29:30,,23,1.489,0.332,19.212
2026-09-12 06:29:51,,23,1.488,0.332,19.23
2026-09-12 06:30:12,,23,1.491,0.332,19.271
2026-09-12 06:30:33,,23,1.489,0.332,19.283
2026-09-12 06:30:54,,23,1.492,0.333,19.12
2026-09-12 06:31:15,,23,1.497,0.333,19.137
2026-09-12 06:31:36,,23,1.499,0.333,19.149
2026-09-12 06:31:57,,23,1.494,0.334,19.168
2026-09-12 06:32:18,,23,1.493,0.334,19.179
2026-09-12 06:32:39,,23,1.492,0.334,19.204
2026-09-12 06:33:00,,23,1.496,0.334,19.084
2026-09-12 06:33:21,,23,1.493,0.334,19.101
2026-09-12 06:33:42,,23,1.491,0.335,19.141
2026-09-12 06:34:03,,23,1.489,0.335,19.146
2026-09-12 06:34:24,,23,1.491,0.335,19.16
2026-09-12 06:34:45,,23,1.488,0.334,19.189
2026-09-12 06:35:06,,23,1.488,0.334,19.201
2026-09-12 06:35:27,,23,1.489,0.334,19.22
2026-09-12 06:35:48,,23,1.49,0.334,19.259
2026-09-12 06:36:09,,23,1.492,0.334,19.275
2026-09-12 06:36:30,,23,1.493,0.334,19.296
2026-09-12 06:36:51,,23,1.494,0.335,19.334
2026-09-12 06:37:12,,23,1.494,0.335,19.335
2026-09-12 06:37:33,,23,1.494,0.335,19.251
2026-09-12 06:37:54,,23,1.494,0.335,19.265
2026-09-12 06:38:15,,23,1.496,0.335,19.276
2026-09-12 06:38:36,,23,1.5,0.335,19.29
2026-09-12 06:38:57,,23,1.508,0.336,19.321
2026-09-12 06:39:18,,23,1.511,0.336,19.346
2026-09-12 06:39:39,,23,1.514,0.336,19.376
2026-09-12 06:40:00,,23,1.502,0.336,19.401
2026-09-12 06:40:21,,23,1.494,0.336,19.194
2026-09-12 06:40:42,,23,1.494,0.336,19.189
2026-09-12 06:41:03,,23,1.493,0.336,19.185
2026-09-12 06:41:24,,23,1.494,0.336,19.206
2026-09-12 06:41:45,,23,1.494,0.337,19.254
2026-09-12 06:42:06,,23,1.496,0.337,19.297
2026-09-12 06:42:27,,23,1.496,0.337,19.299
2026-09-12 06:42:48,,23,1.495,0.337,19.203
2026-09-12 06:43:09,,23,1.496,0.337,19.207
2026-09-12 06:43:30,,23,1.496,0.337,19.214
2026-09-12 06:43:51,,23,1.491,0.332,19.24
2026-09-12 06:44:12,,23,1.491,0.332,19.256
2026-09-12 06:44:33,,23,1.491,0.332,19.27
2026-09-12 06:44:54,,23,1.493,0.333,19.294
2026-09-12 06:45:15,,23,1.498,0.333,19.318
2026-09-12 06:45:36,,23,1.5,0.333,19.35
2026-09-12 06:45:57,,23,1.503,0.335,19.238
2026-09-12 06:46:18,,23,1.498,0.335,19.243
2026-09-12 06:46:39,,23,1.494,0.335,19.259
2026-09-12 06:47:00,,23,1.495,0.335,19.286
2026-09-12 06:47:21,,23,1.495,0.335,19.123
2026-09-12 06:47:42,,23,1.494,0.335,18.658
2026-09-12 06:48:03,,23,1.493,0.335,18.232
2026-09-12 06:48:24,,23,1.492,0.335,18.198
2026-09-12 06:48:45,,23,1.493,0.336,18.224
2026-09-12 06:49:06,,23,1.492,0.336,18.265
2026-09-12 06:49:27,,23,1.493,0.336,18.266
2026-09-12 06:49:48,,23,1.492,0.336,18.361
2026-09-12 06:50:09,,23,1.493,0.336,18.39
2026-09-12 06:50:30,,23,1.496,0.336,18.42
2026-09-12 06:50:51,,23,1.492,0.336,18.453
2026-09-12 06:51:12,,23,1.493,0.336,18.416
2026-09-12 06:51:33,,23,1.492,0.336,18.432
2026-09-12 06:51:54,,23,1.492,0.336,18.378
2026-09-12 06:52:15,,23,1.492,0.336,18.193
2026-09-12 06:52:36,,23,1.494,0.336,18.224
2026-09-12 06:52:57,,23,1.496,0.336,18.233
2026-09-12 06:53:18,,23,1.495,0.336,18.261
2026-09-12 06:53:43,,23,1.497,0.336,18.373
2026-09-12 06:54:04,,23,1.495,0.336,18.389
2026-09-12 06:54:25,,23,1.495,0.336,18.399
2026-09-12 06:54:46,,23,1.495,0.337,18.427
2026-09-12 06:55:07,,23,1.495,0.337,18.44
2026-09-12 06:55:28,,23,1.495,0.337,18.464
2026-09-12 06:55:49,,23,1.496,0.337,18.446
2026-09-12 06:56:10,,23,1.494,0.337,18.473
2026-09-12 06:56:31,,23,1.495,0.337,18.488
2026-09-12 06:56:52,,23,1.495,0.337,18.518
2026-09-12 06:57:13,,23,1.495,0.337,18.413
2026-09-12 06:57:34,,23,1.495,0.337,18.421
2026-09-12 06:57:55,,23,1.495,0.337,18.435
2026-09-12 06:58:16,,23,1.5,0.337,18.465
2026-09-12 06:58:37,,23,1.505,0.337,18.485
2026-09-12 06:58:58,,23,1.503,0.329,18.505
2026-09-12 06:59:19,,23,1.505,0.329,18.585
2026-09-12 06:59:40,,23,1.505,0.33,18.604
2026-09-12 07:00:01,,23,1.495,0.332,18.626
2026-09-12 07:00:22,,23,1.488,0.332,18.621
2026-09-12 07:00:43,,23,1.488,0.332,18.631
2026-09-12 07:01:04,,23,1.489,0.333,18.401
2026-09-12 07:01:25,,23,1.493,0.333,18.292
2026-09-12 07:01:46,,23,1.493,0.334,18.329
2026-09-12 07:02:07,,23,1.49,0.334,18.336
2026-09-12 07:02:28,,23,1.49,0.334,18.358
2026-09-12 07:02:49,,23,1.491,0.334,18.376
2026-09-12 07:03:10,,23,1.491,0.334,18.4
2026-09-12 07:03:31,,23,1.492,0.334,18.414
2026-09-12 07:03:52,,23,1.492,0.335,18.452
2026-09-12 07:04:13,,23,1.492,0.335,18.44
2026-09-12 07:04:34,,23,1.492,0.335,18.462
2026-09-12 07:04:55,,23,1.493,0.335,18.483
2026-09-12 07:05:16,,23,1.497,0.335,18.501
2026-09-12 07:05:37,,23,1.497,0.335,18.52
2026-09-12 07:05:58,,23,1.497,0.336,18.547
2026-09-12 07:06:19,,23,1.497,0.336,18.426
2026-09-12 07:06:40,,23,1.495,0.336,18.458
2026-09-12 07:07:01,,23,1.493,0.336,18.493
2026-09-12 07:07:22,,23,1.493,0.336,18.514
2026-09-12 07:07:43,,23,1.495,0.336,18.37
2026-09-12 07:08:04,,23,1.493,0.336,18.405
2026-09-12 07:08:25,,23,1.493,0.336,18.441
2026-09-12 07:08:46,,23,1.493,0.336,18.449
2026-09-12 07:09:07,,23,1.495,0.336,18.467
2026-09-12 07:09:28,,23,1.495,0.336,18.491
2026-09-12 07:09:49,,23,1.499,0.336,18.522
2026-09-12 07:10:10,,23,1.496,0.336,18.547
2026-09-12 07:10:31,,23,1.496,0.336,18.467
2026-09-12 07:10:52,,23,1.497,0.337,18.481
2026-09-12 07:11:13,,23,1.497,0.337,18.472
2026-09-12 07:11:34,,23,1.498,0.337,18.503
2026-09-12 07:11:55,,23,1.497,0.337,18.537
2026-09-12 07:12:16,,23,1.503,0.337,18.56
2026-09-12 07:12:37,,23,1.509,0.337,18.587
2026-09-12 07:12:58,,23,1.511,0.337,18.599
2026-09-12 07:13:19,,23,1.503,0.329,18.601
2026-09-12 07:13:40,,23,1.497,0.329,18.609
2026-09-12 07:14:01,,23,1.491,0.332,18.639
2026-09-12 07:14:22,,23,1.491,0.332,18.66
2026-09-12 07:14:43,,23,1.49,0.332,18.674
2026-09-12 07:15:04,,23,1.49,0.333,18.527
2026-09-12 07:15:25,,23,1.493,0.333,18.544
2026-09-12 07:15:46,,23,1.494,0.334,18.434
2026-09-12 07:16:07,,23,1.492,0.334,18.445
2026-09-12 07:16:28,,23,1.493,0.334,18.465
2026-09-12 07:16:49,,23,1.492,0.334,18.487
2026-09-12 07:17:10,,23,1.493,0.334,18.502
2026-09-12 07:17:31,,23,1.493,0.334,18.53
2026-09-12 07:17:52,,23,1.495,0.335,18.579
2026-09-12 07:18:13,,23,1.498,0.335,18.598
2026-09-12 07:18:34,,23,1.497,0.335,18.623
2026-09-12 07:18:55,,23,1.501,0.335,18.645
2026-09-12 07:19:16,,23,1.503,0.335,18.662
2026-09-12 07:19:37,,23,1.503,0.335,18.682
2026-09-12 07:19:58,,23,1.501,0.335,18.772
2026-09-12 07:20:19,,23,1.494,0.335,18.79
2026-09-12 07:20:40,,23,1.494,0.335,18.809
2026-09-12 07:21:01,,23,1.495,0.335,18.684
2026-09-12 07:21:22,,23,1.496,0.335,18.697
2026-09-12 07:21:43,,23,1.493,0.335,18.671
2026-09-12 07:22:04,,23,1.493,0.335,18.722
2026-09-12 07:22:25,,23,1.493,0.335,18.726
2026-09-12 07:22:46,,23,1.495,0.336,18.795
2026-09-12 07:23:07,,23,1.492,0.335,18.821
2026-09-12 07:23:28,,23,1.496,0.336,18.606
2026-09-12 07:23:49,,23,1.494,0.336,18.625
2026-09-12 07:24:10,,23,1.492,0.336,18.646
2026-09-12 07:24:31,,23,1.493,0.336,18.672
2026-09-12 07:24:52,,23,1.494,0.336,18.709
2026-09-12 07:25:13,,23,1.494,0.336,18.664
2026-09-12 07:25:34,,23,1.497,0.336,18.686
2026-09-12 07:25:55,,23,1.498,0.336,18.568
2026-09-12 07:26:16,,23,1.499,0.336,18.584
2026-09-12 07:26:37,,23,1.493,0.336,18.595
2026-09-12 07:26:58,,23,1.495,0.337,18.639
2026-09-12 07:27:19,,23,1.495,0.337,18.654
2026-09-12 07:27:40,,23,1.496,0.337,18.676
2026-09-12 07:28:01,,23,1.491,0.332,18.694
2026-09-12 07:28:22,,23,1.489,0.332,18.697
2026-09-12 07:28:43,,23,1.49,0.332,18.718
2026-09-12 07:29:04,,23,1.493,0.333,18.731
2026-09-12 07:29:25,,23,1.491,0.333,18.824
2026-09-12 07:29:46,,23,1.492,0.334,18.854
2026-09-12 07:30:07,,23,1.492,0.334,18.753
2026-09-12 07:30:28,,23,1.494,0.334,18.777
2026-09-12 07:30:49,,23,1.493,0.334,18.783
2026-09-12 07:31:10,,23,1.493,0.334,18.8
2026-09-12 07:31:31,,23,1.493,0.334,18.846
2026-09-12 07:31:52,,23,1.496,0.335,18.865
2026-09-12 07:32:13,,23,1.504,0.335,18.693
2026-09-12 07:32:34,,23,1.504,0.335,18.691
2026-09-12 07:32:55,,23,1.507,0.335,18.714
2026-09-12 07:33:16,,23,1.505,0.335,18.732
2026-09-12 07:33:37,,23,1.495,0.335,18.752
2026-09-12 07:33:58,,23,1.494,0.335,18.732
2026-09-12 07:34:19,,23,1.493,0.335,18.74
2026-09-12 07:34:40,,23,1.494,0.335,18.741
2026-09-12 07:35:01,,23,1.493,0.336,18.789
2026-09-12 07:35:22,,23,1.493,0.336,18.663
2026-09-12 07:35:43,,23,1.493,0.336,18.674
2026-09-12 07:36:04,,23,1.493,0.336,18.705
2026-09-12 07:36:25,,23,1.493,0.336,18.719
2026-09-12 07:36:46,,23,1.492,0.336,18.755
2026-09-12 07:37:07,,23,1.493,0.337,18.882
2026-09-12 07:37:28,,23,1.493,0.337,18.858
2026-09-12 07:37:49,,23,1.494,0.337,18.881
2026-09-12 07:38:10,,23,1.494,0.337,18.906
2026-09-12 07:38:31,,23,1.5,0.337,18.647
2026-09-12 07:38:52,,23,1.503,0.337,18.68
2026-09-12 07:39:13,,23,1.507,0.337,18.704
2026-09-12 07:39:34,,23,1.505,0.337,18.723
2026-09-12 07:39:55,,23,1.504,0.337,18.744
2026-09-12 07:40:16,,23,1.494,0.337,18.776
2026-09-12 07:40:37,,23,1.492,0.337,18.801
2026-09-12 07:40:58,,23,1.492,0.337,18.832
2026-09-12 07:41:19,,23,1.489,0.337,18.849
2026-09-12 07:41:40,,23,1.489,0.337,18.871
2026-09-12 07:42:01,,23,1.488,0.337,19.066
2026-09-12 07:42:23,,23,1.49,0.337,19.022
2026-09-12 07:42:44,,23,1.491,0.337,19.134
2026-09-12 07:43:05,,23,1.486,0.33,19.201
2026-09-12 07:43:26,,23,1.485,0.33,19.274
2026-09-12 07:43:47,,23,1.489,0.333,19.361
2026-09-12 07:44:09,,23,1.488,0.333,19.101
2026-09-12 07:44:30,,23,1.488,0.333,18.916
2026-09-12 07:44:51,,23,1.491,0.334,18.982
2026-09-12 07:45:12,,23,1.492,0.334,18.99
2026-09-12 07:45:33,,23,1.492,0.334,18.775
2026-09-12 07:45:54,,23,1.494,0.335,18.809
2026-09-12 07:46:15,,23,1.496,0.335,18.821
2026-09-12 07:46:36,,23,1.498,0.335,18.862
2026-09-12 07:46:57,,23,1.506,0.335,18.97
2026-09-12 07:47:18,,23,1.504,0.335,18.943
2026-09-12 07:47:39,,23,1.5,0.335,18.957
2026-09-12 07:48:00,,23,1.491,0.336,18.96
2026-09-12 07:48:21,,23,1.492,0.336,18.891
2026-09-12 07:48:42,,23,1.492,0.336,18.907
2026-09-12 07:49:04,,23,1.493,0.336,18.995
2026-09-12 07:49:25,,23,1.494,0.336,19.034
2026-09-12 07:49:46,,23,1.493,0.335,19.069
2026-09-12 07:50:07,,23,1.493,0.335,18.894
2026-09-12 07:50:28,,23,1.492,0.335,18.905
2026-09-12 07:50:49,,23,1.494,0.335,18.803
2026-09-12 07:51:10,,23,1.494,0.335,18.813
2026-09-12 07:51:31,,23,1.493,0.335,18.841
2026-09-12 07:51:52,,23,1.497,0.335,18.871
2026-09-12 07:52:13,,23,1.495,0.336,18.426
2026-09-12 07:52:34,,23,1.496,0.336,18.088
2026-09-12 07:52:55,,23,1.502,0.336,18.196
2026-09-12 07:53:16,,23,1.504,0.336,18.209
2026-09-12 07:53:37,,23,1.507,0.336,18.237
2026-09-12 07:53:58,,23,1.5,0.337,18.202
2026-09-12 07:54:19,,23,1.495,0.337,18.229
2026-09-12 07:54:40,,23,1.496,0.337,18.255
2026-09-12 07:55:01,,23,1.495,0.337,18.264
2026-09-12 07:55:22,,23,1.496,0.337,18.291
2026-09-12 07:55:43,,23,1.496,0.337,18.169
2026-09-12 07:56:04,,23,1.495,0.337,18.182
2026-09-12 07:56:25,,23,1.495,0.337,18.213
2026-09-12 07:56:46,,23,1.496,0.337,18.049
2026-09-12 07:57:07,,23,1.496,0.337,18.129
2026-09-12 07:57:28,,23,1.495,0.337,18.134
2026-09-12 07:57:49,,23,1.496,0.338,18.175
2026-09-12 07:58:10,,23,1.494,0.333,18.193
2026-09-12 07:58:31,,23,1.492,0.33,18.208
2026-09-12 07:58:52,,23,1.497,0.333,18.249
2026-09-12 07:59:13,,23,1.495,0.333,18.295
2026-09-12 07:59:34,,23,1.489,0.333,18.267
2026-09-12 07:59:55,,23,1.49,0.334,18.3
2026-09-12 08:00:16,,23,1.491,0.334,18.329
2026-09-12 08:00:37,,23,1.493,0.334,18.186
2026-09-12 08:00:59,,23,1.493,0.335,18.201
2026-09-12 08:01:20,,23,1.493,0.335,18.229
2026-09-12 08:01:41,,23,1.494,0.335,18.242
2026-09-12 08:02:02,,23,1.493,0.334,18.286
2026-09-12 08:02:23,,23,1.492,0.334,18.32
2026-09-12 08:02:44,,23,1.493,0.334,18.332
2026-09-12 08:03:05,,23,1.494,0.334,18.364
2026-09-12 08:03:26,,23,1.494,0.334,18.385
2026-09-12 08:03:47,,23,1.494,0.335,18.191
2026-09-12 08:04:08,,23,1.497,0.335,18.214
2026-09-12 08:04:29,,23,1.5,0.335,18.216
2026-09-12 08:04:50,,23,1.503,0.335,18.226
2026-09-12 08:05:11,,23,1.495,0.335,18.246
2026-09-12 08:05:32,,23,1.495,0.335,18.133
2026-09-12 08:05:53,,23,1.494,0.336,18.159
2026-09-12 08:06:14,,23,1.495,0.336,18.175
2026-09-12 08:06:35,,23,1.495,0.336,18.194
2026-09-12 08:06:56,,23,1.495,0.336,18.236
2026-09-12 08:07:17,,23,1.496,0.336,18.251
2026-09-12 08:07:38,,23,1.495,0.336,18.259
2026-09-12 08:07:59,,23,1.495,0.336,18.295
2026-09-12 08:08:20,,23,1.493,0.336,18.391
2026-09-12 08:08:41,,23,1.494,0.336,18.39
2026-09-12 08:09:02,,23,1.494,0.336,18.398
2026-09-12 08:09:23,,23,1.496,0.336,18.31
2026-09-12 08:09:44,,23,1.496,0.336,18.319
2026-09-12 08:10:05,,23,1.502,0.337,18.352
2026-09-12 08:10:26,,23,1.508,0.337,18.207
2026-09-12 08:10:48,,23,1.512,0.338,18.221
2026-09-12 08:11:09,,23,1.513,0.338,18.237
2026-09-12 08:11:30,,23,1.502,0.338,18.26
2026-09-12 08:11:51,,23,1.5,0.338,18.303
2026-09-12 08:12:12,,23,1.499,0.338,18.331
2026-09-12 08:12:33,,23,1.5,0.338,18.346
2026-09-12 08:12:54,,23,1.502,0.339,18.383
2026-09-12 08:13:15,,23,1.502,0.339,18.418
2026-09-12 08:13:36,,23,1.502,0.339,18.437
2026-09-12 08:13:57,,23,1.497,0.333,18.455
2026-09-12 08:14:18,,23,1.495,0.333,18.328
2026-09-12 08:14:39,,23,1.494,0.333,18.344
2026-09-12 08:15:00,,23,1.496,0.335,18.385
2026-09-12 08:15:21,,23,1.496,0.334,18.408
2026-09-12 08:15:42,,23,1.498,0.335,18.433
2026-09-12 08:16:03,,23,1.502,0.335,18.459
2026-09-12 08:16:24,,23,1.505,0.335,18.463
2026-09-12 08:16:45,,23,1.508,0.335,18.495
2026-09-12 08:17:06,,23,1.505,0.336,18.522
2026-09-12 08:17:27,,23,1.496,0.336,18.54
2026-09-12 08:17:48,,23,1.497,0.336,18.567
2026-09-12 08:18:09,,23,1.497,0.336,18.376
2026-09-12 08:18:30,,23,1.498,0.336,18.4
2026-09-12 08:18:51,,23,1.498,0.337,18.415
2026-09-12 08:19:12,,23,1.498,0.337,18.306
2026-09-12 08:19:33,,23,1.498,0.337,18.31
2026-09-12 08:19:54,,23,1.499,0.337,18.394
2026-09-12 08:20:15,,23,1.499,0.337,18.414
2026-09-12 08:20:36,,23,1.499,0.337,18.445
2026-09-12 08:20:57,,23,1.501,0.337,18.481
2026-09-12 08:21:18,,23,1.502,0.337,18.476
2026-09-12 08:21:39,,23,1.502,0.337,18.435
2026-09-12 08:22:00,,23,1.507,0.337,18.466
2026-09-12 08:22:21,,23,1.509,0.337,18.501
2026-09-12 08:22:42,,23,1.508,0.337,18.516
2026-09-12 08:23:03,,23,1.501,0.337,18.597
2026-09-12 08:23:24,,23,1.498,0.337,18.621
2026-09-12 08:23:45,,23,1.496,0.337,18.654
2026-09-12 08:24:06,,23,1.496,0.337,18.691
2026-09-12 08:24:27,,23,1.496,0.337,18.373
2026-09-12 08:24:48,,23,1.497,0.337,18.379
2026-09-12 08:25:09,,23,1.498,0.337,18.346
2026-09-12 08:25:30,,23,1.499,0.337,18.362
2026-09-12 08:25:51,,23,1.498,0.337,18.385
2026-09-12 08:26:12,,23,1.498,0.337,18.416
2026-09-12 08:26:33,,23,1.497,0.337,18.443
2026-09-12 08:26:54,,23,1.498,0.337,18.468
2026-09-12 08:27:15,,23,1.501,0.337,18.501
2026-09-12 08:27:36,,23,1.503,0.337,18.525
2026-09-12 08:27:57,,23,1.507,0.337,18.552
2026-09-12 08:28:18,,23,1.51,0.337,18.583
2026-09-12 08:28:39,,23,1.516,0.337,18.636
2026-09-12 08:29:00,,23,1.499,0.338,18.663
2026-09-12 08:29:21,,23,1.491,0.33,18.569
2026-09-12 08:29:42,,23,1.493,0.33,18.598
2026-09-12 08:30:03,,23,1.495,0.333,18.636
2026-09-12 08:30:24,,23,1.496,0.333,18.661
2026-09-12 08:30:45,,23,1.495,0.333,18.68
2026-09-12 08:31:06,,23,1.496,0.335,18.716
2026-09-12 08:31:27,,23,1.494,0.335,18.74
2026-09-12 08:31:48,,23,1.496,0.336,18.773
2026-09-12 08:32:09,,23,1.496,0.336,18.526
2026-09-12 08:32:30,,23,1.497,0.336,18.56
2026-09-12 08:32:51,,23,1.498,0.336,18.564
2026-09-12 08:33:12,,23,1.507,0.337,18.588
2026-09-12 08:33:33,,23,1.513,0.337,18.615
2026-09-12 08:33:54,,23,1.509,0.337,18.648
2026-09-12 08:34:15,,23,1.504,0.337,18.491
2026-09-12 08:34:36,,23,1.498,0.337,18.51
2026-09-12 08:34:57,,23,1.501,0.337,18.552
2026-09-12 08:35:18,,23,1.501,0.337,18.565
2026-09-12 08:35:39,,23,1.498,0.337,18.595
2026-09-12 08:36:00,,23,1.499,0.338,18.623
2026-09-12 08:36:21,,23,1.498,0.338,18.639
2026-09-12 08:36:42,,23,1.498,0.338,18.686
2026-09-12 08:37:03,,23,1.499,0.338,18.724
2026-09-12 08:37:24,,23,1.499,0.338,18.747
2026-09-12 08:37:45,,23,1.5,0.338,18.769
2026-09-12 08:38:06,,23,1.501,0.338,18.804
2026-09-12 08:38:27,,23,1.503,0.338,18.826
2026-09-12 08:38:48,,23,1.504,0.338,18.723
2026-09-12 08:39:09,,23,1.508,0.338,18.734
2026-09-12 08:39:30,,23,1.504,0.338,18.545
2026-09-12 08:39:51,,23,1.5,0.338,18.564
2026-09-12 08:40:12,,23,1.502,0.338,18.584
2026-09-12 08:40:33,,23,1.499,0.338,18.608
2026-09-12 08:40:54,,23,1.499,0.338,18.631
2026-09-12 08:41:15,,23,1.499,0.338,18.633
2026-09-12 08:41:36,,23,1.498,0.338,18.651
2026-09-12 08:41:57,,23,1.499,0.338,18.686
2026-09-12 08:42:18,,23,1.499,0.338,18.707
2026-09-12 08:42:39,,23,1.5,0.338,18.749
2026-09-12 08:43:00,,23,1.501,0.338,18.786
2026-09-12 08:43:21,,23,1.5,0.338,18.8
2026-09-12 08:43:42,,23,1.504,0.338,18.888
2026-09-12 08:44:03,,23,1.507,0.338,18.766
2026-09-12 08:44:24,,23,1.508,0.338,18.79
2026-09-12 08:44:45,,23,1.504,0.338,18.817
2026-09-12 08:45:06,,23,1.501,0.339,18.85
2026-09-12 08:45:28,,23,1.501,0.339,18.823
2026-09-12 08:45:49,,23,1.497,0.333,18.849
2026-09-12 08:46:10,,23,1.496,0.333,18.672
2026-09-12 08:46:31,,23,1.495,0.333,18.715
2026-09-12 08:46:52,,23,1.496,0.334,18.746
2026-09-12 08:47:13,,23,1.496,0.334,18.789
2026-09-12 08:47:34,,23,1.495,0.334,18.81
2026-09-12 08:47:55,,23,1.496,0.335,18.835
2026-09-12 08:48:16,,23,1.496,0.334,18.81
2026-09-12 08:48:37,,23,1.503,0.335,18.378
2026-09-12 08:48:58,,23,1.506,0.335,18.156
2026-09-12 08:49:19,,23,1.506,0.335,18.156
2026-09-12 08:49:40,,23,1.513,0.335,18.187
2026-09-12 08:50:01,,23,1.501,0.336,18.219
2026-09-12 08:50:22,,23,1.497,0.336,18.244
2026-09-12 08:50:43,,23,1.5,0.336,18.26
2026-09-12 08:51:04,,23,1.497,0.337,18.346
2026-09-12 08:51:25,,23,1.498,0.337,18.374
2026-09-12 08:51:46,,23,1.498,0.337,18.409
2026-09-12 08:52:07,,23,1.493,0.337,18.253
2026-09-12 08:52:28,,23,1.494,0.337,18.217
2026-09-12 08:52:49,,23,1.495,0.337,18.125
2026-09-12 08:53:10,,23,1.496,0.337,18.257
2026-09-12 08:53:31,,23,1.495,0.337,18.275
2026-09-12 08:53:52,,23,1.498,0.337,18.289
2026-09-12 08:54:14,,23,1.502,0.337,18.304
2026-09-12 08:54:35,,23,1.512,0.337,18.345
2026-09-12 08:54:56,,23,1.514,0.338,18.374
2026-09-12 08:55:17,,23,1.509,0.337,18.363
2026-09-12 08:55:38,,23,1.507,0.337,18.341
2026-09-12 08:55:59,,23,1.502,0.338,18.348
2026-09-12 08:56:20,,23,1.5,0.338,18.39
2026-09-12 08:56:41,,23,1.499,0.338,18.431
2026-09-12 08:57:02,,23,1.499,0.338,18.448
2026-09-12 08:57:23,,23,1.499,0.338,18.328
2026-09-12 08:57:44,,23,1.499,0.338,18.349
2026-09-12 08:58:05,,23,1.499,0.338,18.375
2026-09-12 08:58:26,,23,1.499,0.338,18.395
2026-09-12 08:58:47,,23,1.499,0.339,18.436
2026-09-12 08:59:08,,23,1.5,0.339,18.456
2026-09-12 08:59:29,,23,1.5,0.339,18.32
2026-09-12 08:59:50,,23,1.507,0.339,18.352
2026-09-12 09:00:11,,23,1.511,0.339,18.388
2026-09-12 09:00:32,,23,1.509,0.339,18.418
2026-09-12 09:00:53,,23,1.506,0.333,18.445
2026-09-12 09:01:14,,23,1.496,0.333,18.471
2026-09-12 09:01:35,,23,1.496,0.333,18.464
2026-09-12 09:01:56,,23,1.497,0.335,18.362
2026-09-12 09:02:17,,23,1.497,0.335,18.373
2026-09-12 09:02:38,,23,1.498,0.335,18.402
2026-09-12 09:02:59,,23,1.498,0.336,18.425
2026-09-12 09:03:20,,23,1.497,0.336,18.448
2026-09-12 09:03:41,,23,1.496,0.336,18.468
2026-09-12 09:04:02,,23,1.497,0.336,18.502
2026-09-12 09:04:23,,23,1.5,0.336,18.524
2026-09-12 09:04:44,,23,1.502,0.336,18.548
2026-09-12 09:05:05,,23,1.514,0.337,18.594
2026-09-12 09:05:27,,23,1.517,0.337,18.615
2026-09-12 09:05:48,,23,1.515,0.337,18.423
2026-09-12 09:06:09,,23,1.501,0.337,18.444
2026-09-12 09:06:30,,23,1.499,0.337,18.514
2026-09-12 09:06:51,,23,1.5,0.337,18.358
2026-09-12 09:07:12,,23,1.498,0.337,18.377
2026-09-12 09:07:33,,23,1.498,0.337,18.407
2026-09-12 09:07:54,,23,1.498,0.338,18.433
2026-09-12 09:08:15,,23,1.496,0.337,18.445
2026-09-12 09:08:36,,23,1.496,0.337,18.547
2026-09-12 09:08:57,,23,1.504,0.338,18.579
2026-09-12 09:09:18,,23,1.505,0.337,18.597
2026-09-12 09:09:39,,23,1.508,0.337,18.622
2026-09-12 09:10:00,,23,1.51,0.338,18.594
2026-09-12 09:10:21,,23,1.515,0.338,18.586
2026-09-12 09:10:42,,23,1.506,0.338,18.609
2026-09-12 09:11:03,,23,1.5,0.338,18.511
2026-09-12 09:11:24,,23,1.5,0.338,18.544
2026-09-12 09:11:45,,23,1.5,0.338,18.561
2026-09-12 09:12:06,,23,1.503,0.338,18.6
2026-09-12 09:12:27,,23,1.499,0.338,18.625
2026-09-12 09:12:48,,23,1.499,0.338,18.661
2026-09-12 09:13:09,,23,1.5,0.338,18.684
2026-09-12 09:13:30,,23,1.502,0.338,18.458
2026-09-12 09:13:51,,23,1.505,0.338,18.481
2026-09-12 09:14:12,,23,1.513,0.338,18.495
2026-09-12 09:14:33,,23,1.513,0.338,18.51
2026-09-12 09:14:54,,23,1.515,0.339,18.54
2026-09-12 09:15:15,,23,1.51,0.339,18.577
2026-09-12 09:15:36,,23,1.501,0.339,18.595
2026-09-12 09:15:57,,23,1.503,0.339,18.481
2026-09-12 09:16:18,,23,1.501,0.339,18.488
2026-09-12 09:16:39,,23,1.502,0.339,18.538
2026-09-12 09:17:00,,23,1.493,0.331,18.567
2026-09-12 09:17:21,,23,1.493,0.331,18.596
2026-09-12 09:17:42,,23,1.493,0.331,18.635
2026-09-12 09:18:03,,23,1.497,0.334,18.679
2026-09-12 09:18:24,,23,1.499,0.333,18.695
2026-09-12 09:18:45,,23,1.502,0.333,18.706
2026-09-12 09:19:06,,23,1.51,0.335,18.732
2026-09-12 09:19:27,,23,1.508,0.335,18.76
2026-09-12 09:19:48,,23,1.506,0.336,18.79
2026-09-12 09:20:09,,23,1.498,0.336,18.807
2026-09-12 09:20:30,,23,1.497,0.336,18.616
2026-09-12 09:20:51,,23,1.5,0.336,18.542
2026-09-12 09:21:12,,23,1.499,0.336,18.566
2026-09-12 09:21:33,,23,1.499,0.336,18.597
2026-09-12 09:21:54,,23,1.499,0.337,18.621
2026-09-12 09:22:15,,23,1.499,0.337,18.602
2026-09-12 09:22:36,,23,1.503,0.337,18.635
2026-09-12 09:22:57,,23,1.507,0.337,18.676
2026-09-12 09:23:18,,23,1.509,0.337,18.7
2026-09-12 09:23:39,,23,1.516,0.337,18.729
2026-09-12 09:24:00,,23,1.513,0.337,18.744
2026-09-12 09:24:21,,23,1.509,0.337,18.766
2026-09-12 09:24:42,,23,1.498,0.337,18.801
2026-09-12 09:25:03,,23,1.499,0.337,18.912
2026-09-12 09:25:24,,23,1.5,0.337,18.929
2026-09-12 09:25:45,,23,1.5,0.337,18.958
2026-09-12 09:26:06,,23,1.502,0.337,18.825
2026-09-12 09:26:27,,23,1.501,0.337,18.849
2026-09-12 09:26:48,,23,1.502,0.338,18.835
2026-09-12 09:27:09,,23,1.505,0.338,18.883
2026-09-12 09:27:30,,23,1.511,0.338,18.665
2026-09-12 09:27:51,,23,1.511,0.338,18.684
2026-09-12 09:28:12,,23,1.516,0.338,18.704
2026-09-12 09:28:33,,23,1.516,0.338,18.706
2026-09-12 09:28:54,,23,1.51,0.338,18.727
2026-09-12 09:29:15,,23,1.5,0.338,18.825
2026-09-12 09:29:36,,23,1.499,0.338,18.684
2026-09-12 09:29:57,,23,1.5,0.338,18.71
2026-09-12 09:30:18,,23,1.5,0.338,18.741
2026-09-12 09:30:39,,23,1.507,0.338,18.772
2026-09-12 09:31:00,,23,1.503,0.339,18.36
2026-09-12 09:31:21,,23,1.508,0.339,18.219
2026-09-12 09:31:42,,23,1.51,0.339,18.246
2026-09-12 09:32:03,,23,1.508,0.333,18.274
2026-09-12 09:32:24,,23,1.512,0.333,18.293
2026-09-12 09:32:45,,23,1.513,0.333,18.335
2026-09-12 09:33:06,,23,1.507,0.335,18.385
2026-09-12 09:33:27,,23,1.496,0.335,18.403
2026-09-12 09:33:48,,23,1.496,0.335,18.448
2026-09-12 09:34:09,,23,1.504,0.335,18.242
2026-09-12 09:34:30,,23,1.509,0.335,18.116
2026-09-12 09:34:51,,23,1.522,0.336,18.136
2026-09-12 09:35:12,,23,1.536,0.336,18.179
2026-09-12 09:35:33,,23,1.542,0.336,18.199
2026-09-12 09:35:54,,23,1.541,0.336,18.226
2026-09-12 09:36:15,,23,1.523,0.336,18.251
2026-09-12 09:36:36,,23,1.517,0.336,18.294
2026-09-12 09:36:57,,23,1.513,0.337,18.34
2026-09-12 09:37:18,,23,1.512,0.337,18.376
2026-09-12 09:37:39,,23,1.522,0.337,18.41
2026-09-12 09:38:00,,23,1.528,0.337,18.453
2026-09-12 09:38:21,,23,1.534,0.337,18.476
2026-09-12 09:38:43,,23,1.538,0.337,18.517
2026-09-12 09:39:04,,23,1.535,0.337,18.557
2026-09-12 09:39:25,,23,1.518,0.337,18.573
2026-09-12 09:39:46,,23,1.514,0.337,18.454
2026-09-12 09:40:07,,23,1.507,0.337,18.477
2026-09-12 09:40:28,,23,1.517,0.337,18.321
2026-09-12 09:40:48,,23,1.524,0.337,18.348
2026-09-12 09:41:09,,23,1.537,0.337,18.369
2026-09-12 09:41:30,,23,1.538,0.337,18.392
2026-09-12 09:41:51,,23,1.543,0.337,18.435
2026-09-12 09:42:12,,23,1.528,0.337,18.464
2026-09-12 09:42:33,,23,1.518,0.337,18.506
2026-09-12 09:42:54,,23,1.513,0.338,18.553
2026-09-12 09:43:15,,23,1.516,0.338,18.565
2026-09-12 09:43:36,,23,1.528,0.338,18.527
2026-09-12 09:43:57,,23,1.535,0.338,18.564
2026-09-12 09:44:18,,23,1.537,0.338,18.598
2026-09-12 09:44:40,,23,1.545,0.338,18.48
2026-09-12 09:45:01,,23,1.532,0.338,18.499
2026-09-12 09:45:22,,23,1.518,0.338,18.54
2026-09-12 09:45:43,,23,1.512,0.338,18.598
2026-09-12 09:46:04,,23,1.519,0.339,18.629
2026-09-12 09:46:25,,23,1.521,0.33,18.663
2026-09-12 09:46:46,,23,1.533,0.33,18.706
2026-09-12 09:47:07,,23,1.538,0.333,18.823
2026-09-12 09:47:28,,23,1.546,0.333,18.858
2026-09-12 09:47:49,,23,1.535,0.335,18.9
2026-09-12 09:48:10,,23,1.523,0.335,18.94
2026-09-12 09:48:31,,23,1.513,0.335,18.917
2026-09-12 09:48:52,,23,1.518,0.335,19.026
2026-09-12 09:49:13,,23,1.529,0.335,18.726
2026-09-12 09:49:34,,23,1.541,0.335,18.737
2026-09-12 09:49:55,,23,1.548,0.336,18.769
2026-09-12 09:50:16,,23,1.551,0.336,18.825
2026-09-12 09:50:37,,23,1.547,0.336,18.858
2026-09-12 09:50:58,,23,1.535,0.336,18.902
2026-09-12 09:51:19,,23,1.52,0.336,18.957
2026-09-12 09:51:40,,23,1.521,0.336,18.984
2026-09-12 09:52:01,,23,1.526,0.337,19.012
2026-09-12 09:52:22,,23,1.542,0.337,19.042
2026-09-12 09:52:43,,23,1.552,0.337,18.953
2026-09-12 09:53:04,,23,1.552,0.337,18.981
2026-09-12 09:53:25,,23,1.562,0.337,19.007
2026-09-12 09:53:46,,23,1.543,0.337,19.03
2026-09-12 09:54:07,,23,1.531,0.337,19.069
2026-09-12 09:54:28,,23,1.529,0.337,19.1
2026-09-12 09:54:49,,23,1.533,0.337,19.135
2026-09-12 09:55:10,,23,1.541,0.337,19.162
2026-09-12 09:55:31,,23,1.554,0.337,19.163
2026-09-12 09:55:52,,23,1.558,0.337,18.95
2026-09-12 09:56:13,,23,1.562,0.337,18.982
2026-09-12 09:56:34,,23,1.546,0.337,19.014
2026-09-12 09:56:55,,23,1.53,0.337,18.552
2026-09-12 09:57:16,,23,1.524,0.337,18.415
2026-09-12 09:57:37,,23,1.528,0.337,18.447
2026-09-12 09:57:58,,23,1.539,0.337,18.308
2026-09-12 09:58:19,,23,1.55,0.337,18.346
2026-09-12 09:58:40,,23,1.555,0.337,18.373
2026-09-12 09:59:01,,23,1.56,0.337,18.421
2026-09-12 09:59:22,,23,1.558,0.337,18.525
2026-09-12 09:59:43,,23,1.539,0.337,18.542
2026-09-12 10:00:04,,23,1.526,0.337,18.572
2026-09-12 10:00:25,,23,1.524,0.337,18.603
2026-09-12 10:00:46,,23,1.533,0.337,18.636
2026-09-12 10:01:07,,23,1.544,0.331,18.681
2026-09-12 10:01:28,,23,1.547,0.331,18.706
2026-09-12 10:01:50,,23,1.556,0.334,18.78
2026-09-12 10:02:11,,23,1.563,0.334,18.802
2026-09-12 10:02:32,,23,1.543,0.334,18.657
2026-09-12 10:02:53,,23,1.532,0.335,18.403
2026-09-12 10:03:14,,23,1.525,0.334,18.411
2026-09-12 10:03:35,,23,1.528,0.334,18.446
2026-09-12 10:03:56,,23,1.533,0.335,18.483
2026-09-12 10:04:17,,23,1.531,0.335,18.507
2026-09-12 10:04:38,,23,1.545,0.335,18.555
2026-09-12 10:04:59,,23,1.555,0.336,18.599
2026-09-12 10:05:20,,23,1.564,0.336,18.639
2026-09-12 10:05:41,,23,1.566,0.336,18.667
2026-09-12 10:06:02,,23,1.562,0.337,18.704
2026-09-12 10:06:23,,23,1.547,0.337,18.75
2026-09-12 10:06:44,,23,1.536,0.337,18.78
2026-09-12 10:07:05,,23,1.524,0.337,18.785
2026-09-12 10:07:26,,23,1.532,0.337,18.669
2026-09-12 10:07:47,,23,1.545,0.337,18.695
2026-09-12 10:08:08,,23,1.552,0.337,18.721
2026-09-12 10:08:29,,23,1.563,0.337,18.77
2026-09-12 10:08:50,,23,1.571,0.338,18.798
2026-09-12 10:09:11,,23,1.549,0.337,18.622
2026-09-12 10:09:32,,23,1.537,0.337,18.65
2026-09-12 10:09:53,,23,1.533,0.338,18.695
2026-09-12 10:10:14,,23,1.538,0.337,18.721
2026-09-12 10:10:35,,23,1.553,0.337,18.761
2026-09-12 10:10:56,,23,1.564,0.338,18.806
2026-09-12 10:11:17,,23,1.57,0.337,18.833
2026-09-12 10:11:38,,23,1.574,0.337,18.759
2026-09-12 10:11:59,,23,1.56,0.338,18.774
2026-09-12 10:12:20,,23,1.546,0.338,18.814
2026-09-12 10:12:41,,23,1.535,0.338,18.858
2026-09-12 10:13:02,,23,1.542,0.338,18.908
2026-09-12 10:13:23,,23,1.552,0.338,18.926
2026-09-12 10:13:44,,23,1.563,0.338,18.964
2026-09-12 10:14:05,,23,1.57,0.339,18.984
2026-09-12 10:14:26,,23,1.575,0.339,19.012
2026-09-12 10:14:47,,23,1.559,0.339,19.058
2026-09-12 10:15:08,,23,1.547,0.339,19.131
2026-09-12 10:15:29,,23,1.538,0.339,18.941
2026-09-12 10:15:50,,23,1.539,0.332,18.969
2026-09-12 10:16:11,,23,1.549,0.332,19.0
2026-09-12 10:16:32,,23,1.565,0.332,19.058
2026-09-12 10:16:53,,23,1.571,0.334,18.939
2026-09-12 10:17:14,,23,1.577,0.334,18.525
2026-09-12 10:17:35,,23,1.566,0.334,18.329
2026-09-12 10:17:56,,23,1.549,0.335,18.363
2026-09-12 10:18:17,,23,1.538,0.335,18.397
2026-09-12 10:18:38,,23,1.547,0.335,18.453
2026-09-12 10:18:59,,23,1.56,0.336,18.548
2026-09-12 10:19:20,,23,1.579,0.336,18.586
2026-09-12 10:19:41,,23,1.594,0.336,18.621
2026-09-12 10:20:02,,23,1.6,0.336,18.668
2026-09-12 10:20:24,,23,1.596,0.336,18.714
2026-09-12 10:20:45,,23,1.577,0.336,18.755
2026-09-12 10:21:06,,23,1.562,0.337,18.736
2026-09-12 10:21:27,,23,1.563,0.336,18.779
2026-09-12 10:21:48,,23,1.578,0.336,18.665
2026-09-12 10:22:09,,23,1.591,0.337,18.696
2026-09-12 10:22:30,,23,1.605,0.337,18.733
2026-09-12 10:22:51,,23,1.609,0.337,18.821
2026-09-12 10:23:12,,23,1.605,0.337,18.854
2026-09-12 10:23:33,,23,1.596,0.337,18.877
2026-09-12 10:23:54,,23,1.588,0.337,18.921
2026-09-12 10:24:15,,23,1.592,0.337,18.954
2026-09-12 10:24:36,,23,1.607,0.337,18.624
2026-09-12 10:24:57,,23,1.628,0.337,18.717
2026-09-12 10:25:18,,23,1.631,0.337,18.735
2026-09-12 10:25:39,,23,1.638,0.337,18.774
2026-09-12 10:26:00,,23,1.61,0.337,18.815
2026-09-12 10:26:21,,23,1.588,0.337,18.863
2026-09-12 10:26:42,,23,1.57,0.337,18.747
2026-09-12 10:27:03,,23,1.572,0.337,18.803
2026-09-12 10:27:24,,23,1.589,0.337,18.829
2026-09-12 10:27:45,,23,1.604,0.337,18.85
2026-09-12 10:28:06,,23,1.62,0.338,18.895
2026-09-12 10:28:27,,23,1.623,0.338,18.945
2026-09-12 10:28:48,,23,1.622,0.338,19.003
2026-09-12 10:29:09,,23,1.599,0.338,19.03
2026-09-12 10:29:30,,23,1.586,0.338,19.15
2026-09-12 10:29:51,,23,1.577,0.338,19.196
2026-09-12 10:30:12,,23,1.592,0.338,19.246
2026-09-12 10:30:33,,23,1.616,0.338,19.298
2026-09-12 10:30:54,,23,1.63,0.33,19.34
2026-09-12 10:31:15,,23,1.632,0.33,19.415
2026-09-12 10:31:36,,23,1.643,0.33,19.274
2026-09-12 10:31:57,,23,1.621,0.333,19.318
2026-09-12 10:32:18,,23,1.598,0.333,19.292
2026-09-12 10:32:39,,23,1.59,0.333,19.332
2026-09-12 10:33:00,,23,1.61,0.335,19.397
2026-09-12 10:33:21,,23,1.636,0.335,19.07
2026-09-12 10:33:42,,23,1.659,0.335,18.796
2026-09-12 10:34:03,,23,1.687,0.336,18.85
2026-09-12 10:34:24,,23,1.689,0.336,18.511
2026-09-12 10:34:45,,23,1.68,0.336,18.551
2026-09-12 10:35:06,,23,1.655,0.336,18.602
2026-09-12 10:35:27,,23,1.63,0.336,18.643
2026-09-12 10:35:48,,23,1.614,0.337,18.697
2026-09-12 10:36:09,,23,1.642,0.337,18.746
2026-09-12 10:36:30,,23,1.668,0.337,18.631
2026-09-12 10:36:51,,23,1.691,0.337,18.673
2026-09-12 10:37:12,,23,1.713,0.337,18.744
2026-09-12 10:37:33,,23,1.722,0.337,18.795
2026-09-12 10:37:54,,23,1.704,0.337,18.896
2026-09-12 10:38:15,,23,1.676,0.337,18.921
2026-09-12 10:38:36,,23,1.655,0.337,18.981
2026-09-12 10:38:57,,23,1.654,0.338,19.039
2026-09-12 10:39:18,,23,1.687,0.337,19.094
2026-09-12 10:39:39,,23,1.725,0.337,19.163
2026-09-12 10:40:00,,23,1.764,0.338,19.23
2026-09-12 10:40:21,,23,1.801,0.371,19.285
2026-09-12 10:40:42,,23,1.812,0.382,19.351
2026-09-12 10:41:03,,23,1.788,0.357,19.235
2026-09-12 10:41:24,,23,1.752,0.338,19.058
2026-09-12 10:41:45,,23,1.729,0.338,19.136
2026-09-12 10:42:06,,23,1.711,0.338,19.194
2026-09-12 10:42:28,,23,1.749,0.338,19.257
2026-09-12 10:42:49,,23,1.793,0.362,19.339
2026-09-12 10:43:10,,23,1.833,0.402,19.38
2026-09-12 10:43:31,,23,1.88,0.449,19.459
2026-09-12 10:43:52,,23,1.92,0.489,19.551
2026-09-12 10:44:12,,23,1.922,0.491,19.619
2026-09-12 10:44:33,,23,1.887,0.455,19.7
2026-09-12 10:44:54,,23,1.856,0.425,19.788
2026-09-12 10:45:15,,23,1.827,0.395,19.87
2026-09-12 10:45:36,,23,1.863,0.432,19.94
2026-09-12 10:45:57,,23,1.906,0.474,19.339
2026-09-12 10:46:18,,23,1.954,0.522,18.978
2026-09-12 10:46:39,,23,1.978,0.547,19.074
2026-09-12 10:47:00,,23,1.984,0.557,19.147
2026-09-12 10:47:22,,23,1.973,0.546,19.234
2026-09-12 10:47:43,,23,1.963,0.536,19.296
2026-09-12 10:48:04,,23,1.942,0.513,19.148
2026-09-12 10:48:25,,23,1.964,0.535,19.226
2026-09-12 10:48:46,,23,2.023,0.595,19.324
2026-09-12 10:49:07,,23,2.068,0.638,19.452
2026-09-12 10:49:28,,23,2.071,0.642,19.53
2026-09-12 10:49:49,,23,2.047,0.617,19.492
2026-09-12 10:50:10,,23,1.983,0.552,19.549
2026-09-12 10:50:31,,23,1.928,0.497,19.661
2026-09-12 10:50:52,,23,1.9,0.469,19.79
2026-09-12 10:51:13,,23,1.937,0.506,19.899
2026-09-12 10:51:34,,23,1.943,0.512,19.884
2026-09-12 10:51:55,,15,1.552,0.667,19.626
2026-09-12 10:52:16,,11,9.166,8.554,26.668
2026-09-12 10:52:36,,11,8.73,8.118,26.312
2026-09-12 10:52:57,,11,8.725,8.112,26.341
2026-09-12 10:53:18,,11,8.725,8.112,26.403
2026-09-12 10:53:39,,11,8.725,8.112,26.571
2026-09-12 10:54:00,,11,8.723,8.111,26.626
2026-09-12 10:54:21,,11,8.042,7.43,26.395
2026-09-12 10:54:41,,11,7.379,6.766,26.073
2026-09-12 10:55:02,mars_orbit__benef__search-on,11,5.816,5.204,24.112
2026-09-12 10:55:23,mars_orbit__benef__search-on,10,0.634,0.338,17.659
2026-09-12 10:55:44,mars_orbit__benef__search-on,10,0.631,0.338,17.68
2026-09-12 10:56:05,mars_orbit__benef__search-on,10,0.631,0.338,17.719
2026-09-12 10:56:26,mars_orbit__benef__search-on,10,4.658,4.061,21.707
2026-09-12 10:56:47,mars_orbit__benef__search-on,10,5.718,5.12,22.796
2026-09-12 10:57:08,leo__raw__search-off,11,3.349,2.736,20.564
2026-09-12 10:57:29,leo__raw__search-off,21,3.463,1.76,20.479
2026-09-12 10:57:50,leo__raw__search-off,23,3.735,1.789,20.653
2026-09-12 10:58:11,leo__raw__search-off,23,3.776,1.829,20.673
2026-09-12 10:58:32,leo__raw__search-off,23,3.911,1.965,20.83
2026-09-12 10:58:53,leo__raw__search-off,23,4.124,2.174,21.069
2026-09-12 10:59:14,leo__raw__search-off,23,4.185,2.24,20.981
2026-09-12 10:59:35,leo__raw__search-off,23,4.016,2.22,21.069
2026-09-12 10:59:56,,23,3.468,1.874,21.154
2026-09-12 11:00:17,,23,3.02,1.581,21.242
2026-09-12 11:00:38,,23,2.773,1.345,21.182
2026-09-12 11:00:59,,23,2.592,1.173,20.967
2026-09-12 11:01:20,,23,2.44,1.02,20.568
2026-09-12 11:01:41,,23,2.318,0.898,20.656
2026-09-12 11:02:02,,23,2.22,0.798,20.765
2026-09-12 11:02:23,,23,2.152,0.728,20.86
2026-09-12 11:02:44,,23,2.207,0.784,20.922
2026-09-12 11:03:05,,23,2.302,0.876,21.059
2026-09-12 11:03:26,,23,2.349,0.926,20.519
2026-09-12 11:03:47,,23,2.423,1.001,20.596
2026-09-12 11:04:08,,23,2.519,1.098,20.727
2026-09-12 11:04:29,,23,2.618,1.195,20.841
2026-09-12 11:04:50,,23,2.563,1.14,20.987
2026-09-12 11:05:11,,23,2.455,1.029,21.139
2026-09-12 11:05:32,,23,2.37,0.948,20.765
2026-09-12 11:05:53,,23,2.296,0.871,20.467
2026-09-12 11:06:14,,23,2.243,0.82,20.58
2026-09-12 11:06:35,,23,2.19,0.767,20.535
2026-09-12 11:06:56,,23,2.254,0.829,20.693
2026-09-12 11:07:17,,23,2.374,0.95,20.838
2026-09-12 11:07:38,,23,2.495,1.067,20.525
2026-09-12 11:08:00,,23,2.615,1.19,20.499
2026-09-12 11:08:21,,23,2.729,1.303,20.706
2026-09-12 11:08:42,,23,2.841,1.417,20.832
2026-09-12 11:09:03,,23,2.828,1.402,20.994
2026-09-12 11:09:24,,23,2.685,1.256,21.13
2026-09-12 11:09:45,,23,2.557,1.133,20.713
2026-09-12 11:10:06,,23,2.461,1.033,20.594
2026-09-12 11:10:27,,23,2.395,0.968,20.765
2026-09-12 11:10:48,,23,2.348,0.92,20.771
2026-09-12 11:11:09,,23,2.475,1.047,20.963
2026-09-12 11:11:30,,23,2.632,1.204,20.712
2026-09-12 11:11:51,,23,2.797,1.369,20.746
2026-09-12 11:12:12,,23,2.959,1.532,20.934
2026-09-12 11:12:33,,23,3.131,1.703,21.12
2026-09-12 11:12:55,,23,3.262,1.834,21.328
2026-09-12 11:13:16,,23,3.347,1.919,21.601
2026-09-12 11:13:37,,23,3.337,1.909,21.827
2026-09-12 11:13:58,,23,3.206,1.777,21.722
2026-09-12 11:14:19,,23,3.051,1.622,21.551
2026-09-12 11:14:40,,23,2.9,1.471,21.722
2026-09-12 11:15:01,,23,2.96,1.531,21.074
2026-09-12 11:15:22,,23,3.085,1.656,21.215
2026-09-12 11:15:43,,23,3.189,1.761,21.348
2026-09-12 11:16:04,,23,3.202,1.78,21.474
2026-09-12 11:16:25,,23,3.159,1.737,21.591
2026-09-12 11:16:46,,23,2.939,1.517,21.682
2026-09-12 11:17:07,,23,2.71,1.286,21.114
2026-09-12 11:17:28,,23,2.527,1.102,21.197
2026-09-12 11:17:49,,23,2.372,0.947,21.093
2026-09-12 11:18:10,,11,6.587,5.978,24.756
2026-09-12 11:18:31,,11,8.38,7.771,25.976
2026-09-12 11:18:51,,11,7.472,6.863,24.929
2026-09-12 11:19:12,,11,7.31,6.701,24.965
2026-09-12 11:19:33,,11,7.308,6.698,25.133
2026-09-12 11:19:54,,11,7.308,6.699,25.147
2026-09-12 11:20:15,,11,7.308,6.699,25.136
2026-09-12 11:20:36,,11,6.849,6.24,24.04
2026-09-12 11:20:56,leo__raw__search-off,10,0.628,0.336,17.815
2026-09-12 11:21:17,leo__raw__search-off,10,0.629,0.336,17.828
2026-09-12 11:21:38,leo__raw__search-off,10,3.843,3.248,21.011
2026-09-12 11:21:59,leo__raw__search-on,11,1.206,0.595,18.34
2026-09-12 11:22:19,leo__raw__search-on,13,2.587,1.761,19.668
2026-09-12 11:22:40,leo__raw__search-on,23,3.704,1.765,20.355
2026-09-12 11:23:01,leo__raw__search-on,23,3.726,1.784,20.459
2026-09-12 11:23:22,leo__raw__search-on,23,3.744,1.797,20.689
2026-09-12 11:23:44,leo__raw__search-on,23,3.749,1.801,20.717
2026-09-12 11:24:05,leo__raw__search-on,23,3.772,1.819,20.773
2026-09-12 11:24:26,leo__raw__search-on,23,3.42,1.58,20.802
2026-09-12 11:24:47,leo__raw__search-on,23,2.966,1.341,20.879
2026-09-12 11:25:08,,23,2.687,1.234,20.668
2026-09-12 11:25:29,,23,2.709,1.282,20.77
2026-09-12 11:25:50,,23,2.643,1.216,20.895
2026-09-12 11:26:11,,23,2.447,1.019,20.653
2026-09-12 11:26:32,,23,2.27,0.846,20.286
2026-09-12 11:26:53,,23,2.146,0.72,20.348
2026-09-12 11:27:14,,23,2.034,0.607,20.205
2026-09-12 11:27:35,,23,1.956,0.525,20.246
2026-09-12 11:27:56,,23,1.879,0.448,20.3
2026-09-12 11:28:17,,23,1.816,0.386,20.34
2026-09-12 11:28:38,,23,1.768,0.338,20.18
2026-09-12 11:28:59,,23,1.766,0.339,19.926
2026-09-12 11:29:20,,23,1.793,0.364,19.945
2026-09-12 11:29:41,,23,1.817,0.388,19.998
2026-09-12 11:30:02,,23,1.836,0.406,20.054
2026-09-12 11:30:23,,23,1.862,0.431,20.116
2026-09-12 11:30:44,,23,1.858,0.428,20.165
2026-09-12 11:31:05,,23,1.802,0.38,20.221
2026-09-12 11:31:26,,23,1.751,0.33,20.266
2026-09-12 11:31:47,,23,1.72,0.33,19.818
2026-09-12 11:32:08,,23,1.698,0.333,19.871
2026-09-12 11:32:29,,23,1.667,0.333,19.881
2026-09-12 11:32:51,,23,1.648,0.335,19.747
2026-09-12 11:33:12,,23,1.67,0.335,19.358
2026-09-12 11:33:33,,23,1.705,0.335,19.42
2026-09-12 11:33:54,,23,1.728,0.335,19.503
2026-09-12 11:34:15,,23,1.755,0.335,19.56
2026-09-12 11:34:36,,23,1.788,0.366,19.62
2026-09-12 11:34:57,,23,1.805,0.383,19.684
2026-09-12 11:35:18,,23,1.768,0.345,19.735
2026-09-12 11:35:39,,23,1.736,0.336,19.817
2026-09-12 11:36:00,,23,1.712,0.337,19.889
2026-09-12 11:36:21,,23,1.684,0.337,19.934
2026-09-12 11:36:42,,23,1.673,0.337,19.836
2026-09-12 11:37:04,,23,1.686,0.337,20.009
2026-09-12 11:37:25,,23,1.728,0.337,19.828
2026-09-12 11:37:46,,23,1.769,0.341,19.882
2026-09-12 11:38:07,,23,1.812,0.384,19.951
2026-09-12 11:38:28,,23,1.849,0.421,20.012
2026-09-12 11:38:49,,23,1.892,0.466,20.085
2026-09-12 11:39:10,,23,1.878,0.452,20.171
2026-09-12 11:39:31,,23,1.842,0.414,20.13
2026-09-12 11:39:52,,23,1.813,0.385,19.662
2026-09-12 11:40:13,,23,1.792,0.366,19.615
2026-09-12 11:40:34,,23,1.766,0.341,19.695
2026-09-12 11:40:55,,23,1.791,0.366,19.778
2026-09-12 11:41:16,,23,1.848,0.426,19.85
2026-09-12 11:41:37,,23,1.904,0.479,19.895
2026-09-12 11:41:58,,23,1.966,0.536,19.978
2026-09-12 11:42:19,,23,2.025,0.596,20.127
2026-09-12 11:42:41,,23,2.062,0.634,20.187
2026-09-12 11:43:02,,23,2.042,0.612,20.291
2026-09-12 11:43:23,,23,2.019,0.59,20.38
2026-09-12 11:43:44,,23,1.974,0.543,20.46
2026-09-12 11:44:05,,23,1.951,0.522,20.464
2026-09-12 11:44:26,,23,1.901,0.473,20.376
2026-09-12 11:44:47,,23,1.862,0.436,19.812
2026-09-12 11:45:08,,23,1.877,0.451,19.895
2026-09-12 11:45:29,,23,1.935,0.506,19.978
2026-09-12 11:45:50,,23,1.987,0.564,20.062
2026-09-12 11:46:11,,23,2.044,0.623,19.8
2026-09-12 11:46:32,,23,2.103,0.681,19.899
2026-09-12 11:46:53,,23,2.119,0.7,19.992
2026-09-12 11:47:14,,23,2.043,0.623,20.072
2026-09-12 11:47:35,,23,1.978,0.556,20.159
2026-09-12 11:47:56,,23,1.929,0.506,20.245
2026-09-12 11:48:17,,23,1.881,0.458,20.069
2026-09-12 11:48:38,,23,1.839,0.416,19.802
2026-09-12 11:49:00,,23,1.876,0.451,19.752
2026-09-12 11:49:21,,23,1.924,0.501,19.815
2026-09-12 11:49:42,,23,1.983,0.56,19.84
2026-09-12 11:50:03,,23,2.037,0.616,19.88
2026-09-12 11:50:24,,23,2.103,0.677,19.971
2026-09-12 11:50:45,,23,2.102,0.679,20.047
2026-09-12 11:51:06,,23,2.055,0.632,20.226
2026-09-12 11:51:27,,23,1.991,0.571,20.331
2026-09-12 11:51:48,,23,1.937,0.516,20.383
2026-09-12 11:52:09,,23,1.904,0.478,20.443
2026-09-12 11:52:30,,23,1.878,0.459,20.003
2026-09-12 11:52:51,,23,1.968,0.544,20.051
2026-09-12 11:53:12,,23,2.058,0.634,20.128
2026-09-12 11:53:33,,23,2.152,0.728,20.241
2026-09-12 11:53:54,,23,2.251,0.827,19.893
2026-09-12 11:54:15,,23,2.35,0.925,20.004
2026-09-12 11:54:36,,23,2.411,0.987,20.131
2026-09-12 11:54:57,,23,2.335,0.91,20.301
2026-09-12 11:55:18,,23,2.261,0.836,20.41
2026-09-12 11:55:39,,23,2.196,0.77,20.417
2026-09-12 11:56:00,,23,2.137,0.713,20.023
2026-09-12 11:56:21,,23,2.154,0.728,20.158
2026-09-12 11:56:43,,23,2.262,0.837,20.322
2026-09-12 11:57:04,,23,2.383,0.958,20.47
2026-09-12 11:57:25,,23,2.51,1.086,20.621
2026-09-12 11:57:46,,23,2.639,1.213,20.792
2026-09-12 11:58:07,,23,2.729,1.303,20.966
2026-09-12 11:58:28,,23,2.696,1.27,21.099
2026-09-12 11:58:49,,23,2.587,1.161,20.736
2026-09-12 11:59:10,,23,2.501,1.075,20.608
2026-09-12 11:59:31,,23,2.456,1.029,20.867
2026-09-12 11:59:52,,23,2.349,0.93,20.926
2026-09-12 12:00:13,,23,2.404,0.985,21.057
2026-09-12 12:00:34,,23,2.488,1.068,21.166
2026-09-12 12:00:55,,23,2.57,1.147,20.984
2026-09-12 12:01:16,,23,2.584,1.162,20.635
2026-09-12 12:01:37,,23,2.572,1.149,20.577
2026-09-12 12:01:58,,23,2.47,1.044,20.67
2026-09-12 12:02:19,,23,2.328,0.903,20.76
2026-09-12 12:02:40,,11,7.641,7.031,25.219
2026-09-12 12:03:01,,11,7.474,6.863,25.148
2026-09-12 12:03:22,,11,7.283,6.672,24.956
2026-09-12 12:03:42,,11,7.216,6.604,25.025
2026-09-12 12:04:03,,11,7.208,6.596,25.186
2026-09-12 12:04:24,,11,7.207,6.595,25.284
2026-09-12 12:04:45,,11,7.205,6.593,25.36
2026-09-12 12:05:06,leo__raw__search-on,10,0.631,0.338,18.119
2026-09-12 12:05:26,leo__raw__search-on,10,0.63,0.338,18.177
2026-09-12 12:05:47,leo__raw__search-on,10,0.633,0.338,18.156
2026-09-12 12:06:08,leo__raw__search-on,10,4.1,3.503,21.572
2026-09-12 12:06:29,leo__benef__search-off,11,2.282,1.67,19.761
2026-09-12 12:06:50,leo__benef__search-off,17,3.015,1.761,19.924
2026-09-12 12:07:11,leo__benef__search-off,23,3.69,1.761,20.402
2026-09-12 12:07:32,leo__benef__search-off,23,3.697,1.761,20.419
2026-09-12 12:07:53,leo__benef__search-off,23,3.705,1.764,20.632
2026-09-12 12:08:14,leo__benef__search-off,23,3.713,1.772,20.644
2026-09-12 12:08:35,leo__benef__search-off,23,3.714,1.772,20.721
2026-09-12 12:08:56,leo__benef__search-off,23,3.262,1.476,20.733
2026-09-12 12:09:17,leo__benef__search-off,23,2.782,1.203,20.6
2026-09-12 12:09:38,,23,2.408,0.975,20.616
2026-09-12 12:09:59,,23,2.232,0.801,20.609
2026-09-12 12:10:20,,23,2.082,0.651,20.374
2026-09-12 12:10:41,,23,1.962,0.532,20.107
2026-09-12 12:11:02,,23,1.872,0.441,20.162
2026-09-12 12:11:23,,23,1.792,0.36,20.184
2026-09-12 12:11:44,,23,1.727,0.339,20.226
2026-09-12 12:12:05,,23,1.697,0.339,20.287
2026-09-12 12:12:26,,23,1.672,0.339,20.261
2026-09-12 12:12:47,,23,1.656,0.339,20.025
2026-09-12 12:13:08,,23,1.621,0.339,20.065
2026-09-12 12:13:29,,23,1.617,0.339,20.084
2026-09-12 12:13:50,,23,1.609,0.339,20.137
2026-09-12 12:14:11,,23,1.592,0.339,20.119
2026-09-12 12:14:32,,23,1.6,0.339,19.753
2026-09-12 12:14:53,,23,1.579,0.331,19.492
2026-09-12 12:15:14,,23,1.573,0.331,19.526
2026-09-12 12:15:36,,23,1.587,0.331,19.598
2026-09-12 12:15:57,,23,1.6,0.335,19.67
2026-09-12 12:16:18,,23,1.629,0.335,19.722
2026-09-12 12:16:39,,23,1.653,0.335,19.79
2026-09-12 12:17:00,,23,1.688,0.336,19.865
2026-09-12 12:17:21,,23,1.718,0.336,19.863
2026-09-12 12:17:42,,23,1.706,0.336,19.92
2026-09-12 12:18:03,,23,1.681,0.336,19.997
2026-09-12 12:18:24,,23,1.663,0.336,20.055
2026-09-12 12:18:46,,23,1.637,0.336,20.142
2026-09-12 12:19:07,,23,1.613,0.337,20.203
2026-09-12 12:19:28,,23,1.624,0.337,19.809
2026-09-12 12:19:49,,23,1.633,0.337,19.841
2026-09-12 12:20:10,,23,1.644,0.337,19.875
2026-09-12 12:20:31,,23,1.64,0.337,19.847
2026-09-12 12:20:52,,23,1.618,0.337,19.889
2026-09-12 12:21:13,,23,1.588,0.337,19.923
2026-09-12 12:21:34,,23,1.568,0.337,19.979
2026-09-12 12:21:55,,23,1.544,0.337,20.005
2026-09-12 12:22:17,,23,1.525,0.337,19.571
2026-09-12 12:22:38,,23,1.512,0.337,19.019
2026-09-12 12:22:59,,23,1.507,0.338,18.861
2026-09-12 12:23:20,,23,1.501,0.338,18.871
2026-09-12 12:23:41,,23,1.503,0.338,18.912
2026-09-12 12:24:02,,23,1.516,0.338,18.934
2026-09-12 12:24:23,,23,1.528,0.338,18.791
2026-09-12 12:24:44,,23,1.524,0.338,18.803
2026-09-12 12:25:05,,23,1.522,0.338,18.676
2026-09-12 12:25:26,,23,1.519,0.338,18.708
2026-09-12 12:25:47,,23,1.502,0.338,18.741
2026-09-12 12:26:08,,23,1.501,0.339,18.775
2026-09-12 12:26:29,,23,1.501,0.339,18.755
2026-09-12 12:26:50,,23,1.5,0.339,18.823
2026-09-12 12:27:11,,23,1.5,0.339,18.866
2026-09-12 12:27:32,,23,1.506,0.339,18.893
2026-09-12 12:27:53,,23,1.521,0.339,18.962
2026-09-12 12:28:14,,23,1.523,0.339,18.975
2026-09-12 12:28:35,,23,1.524,0.339,19.005
2026-09-12 12:28:56,,23,1.513,0.331,19.018
2026-09-12 12:29:17,,23,1.495,0.331,18.91
2026-09-12 12:29:38,,23,1.494,0.331,18.947
2026-09-12 12:29:59,,23,1.5,0.334,18.999
2026-09-12 12:30:20,,23,1.497,0.334,19.04
2026-09-12 12:30:41,,23,1.497,0.334,19.074
2026-09-12 12:31:02,,23,1.517,0.335,19.113
2026-09-12 12:31:23,,23,1.519,0.335,19.139
2026-09-12 12:31:44,,23,1.52,0.335,19.174
2026-09-12 12:32:05,,23,1.533,0.336,19.225
2026-09-12 12:32:26,,23,1.519,0.336,19.255
2026-09-12 12:32:47,,23,1.504,0.336,18.936
2026-09-12 12:33:08,,23,1.503,0.337,18.98
2026-09-12 12:33:29,,23,1.507,0.336,19.071
2026-09-12 12:33:50,,23,1.499,0.336,19.097
2026-09-12 12:34:11,,23,1.507,0.337,18.941
2026-09-12 12:34:32,,23,1.521,0.337,18.996
2026-09-12 12:34:53,,23,1.523,0.337,18.976
2026-09-12 12:35:14,,23,1.528,0.337,18.995
2026-09-12 12:35:35,,23,1.53,0.337,19.033
2026-09-12 12:35:56,,23,1.513,0.338,19.08
2026-09-12 12:36:17,,23,1.504,0.337,19.107
2026-09-12 12:36:38,,23,1.509,0.337,19.142
2026-09-12 12:36:59,,23,1.497,0.338,19.167
2026-09-12 12:37:20,,23,1.504,0.337,19.2
2026-09-12 12:37:41,,23,1.514,0.337,19.24
2026-09-12 12:38:02,,23,1.518,0.338,19.278
2026-09-12 12:38:23,,23,1.53,0.338,19.313
2026-09-12 12:38:44,,23,1.536,0.338,19.345
2026-09-12 12:39:05,,23,1.52,0.338,19.131
2026-09-12 12:39:26,,23,1.512,0.338,18.964
2026-09-12 12:39:47,,23,1.511,0.338,18.999
2026-09-12 12:40:08,,23,1.496,0.338,19.035
2026-09-12 12:40:29,,23,1.501,0.338,19.058
2026-09-12 12:40:51,,23,1.513,0.338,19.123
2026-09-12 12:41:12,,23,1.514,0.338,19.153
2026-09-12 12:41:33,,23,1.525,0.338,19.193
2026-09-12 12:41:54,,23,1.537,0.338,19.26
2026-09-12 12:42:15,,23,1.527,0.338,19.289
2026-09-12 12:42:36,,23,1.525,0.338,19.339
2026-09-12 12:42:57,,23,1.511,0.339,19.387
2026-09-12 12:43:18,,23,1.495,0.339,19.406
2026-09-12 12:43:39,,23,1.506,0.339,19.454
2026-09-12 12:44:00,,23,1.498,0.332,19.487
2026-09-12 12:44:21,,23,1.492,0.332,19.283
2026-09-12 12:44:42,,23,1.516,0.332,19.325
2026-09-12 12:45:03,,23,1.521,0.334,19.354
2026-09-12 12:45:24,,23,1.523,0.334,19.392
2026-09-12 12:45:45,,23,1.528,0.334,19.43
2026-09-12 12:46:06,,23,1.513,0.336,19.478
2026-09-12 12:46:27,,23,1.504,0.336,19.508
2026-09-12 12:46:48,,23,1.502,0.336,19.543
2026-09-12 12:47:09,,23,1.492,0.336,19.298
2026-09-12 12:47:30,,23,1.504,0.336,19.301
2026-09-12 12:47:51,,23,1.515,0.336,19.341
2026-09-12 12:48:12,,23,1.515,0.336,19.387
2026-09-12 12:48:33,,23,1.541,0.336,19.264
2026-09-12 12:48:54,,23,1.542,0.337,19.31
2026-09-12 12:49:15,,23,1.537,0.336,19.366
2026-09-12 12:49:36,,23,1.531,0.336,19.403
2026-09-12 12:49:57,,23,1.516,0.337,19.507
2026-09-12 12:50:18,,23,1.505,0.337,19.515
2026-09-12 12:50:39,,23,1.507,0.337,19.589
2026-09-12 12:51:00,,23,1.496,0.337,19.506
2026-09-12 12:51:22,,23,1.519,0.337,19.535
2026-09-12 12:51:43,,23,1.524,0.337,19.313
2026-09-12 12:52:04,,23,1.525,0.337,19.303
2026-09-12 12:52:25,,23,1.543,0.337,18.872
2026-09-12 12:52:46,,23,1.538,0.337,18.746
2026-09-12 12:53:07,,23,1.537,0.337,18.812
2026-09-12 12:53:28,,23,1.52,0.337,18.844
2026-09-12 12:53:49,,23,1.505,0.337,18.873
2026-09-12 12:54:10,,23,1.505,0.337,18.928
2026-09-12 12:54:31,,23,1.501,0.337,18.966
2026-09-12 12:54:52,,23,1.52,0.337,19.013
2026-09-12 12:55:13,,23,1.526,0.337,18.999
2026-09-12 12:55:34,,23,1.527,0.337,19.013
2026-09-12 12:55:55,,23,1.544,0.338,19.08
2026-09-12 12:56:16,,23,1.544,0.338,18.908
2026-09-12 12:56:37,,23,1.536,0.338,18.921
2026-09-12 12:56:58,,23,1.52,0.338,18.965
2026-09-12 12:57:19,,23,1.508,0.338,19.006
2026-09-12 12:57:40,,23,1.51,0.338,19.054
2026-09-12 12:58:01,,23,1.507,0.339,19.103
2026-09-12 12:58:22,,23,1.515,0.331,19.147
2026-09-12 12:58:43,,23,1.522,0.331,19.226
2026-09-12 12:59:04,,23,1.53,0.334,19.269
2026-09-12 12:59:25,,23,1.545,0.334,19.408
2026-09-12 12:59:46,,23,1.534,0.334,19.424
2026-09-12 13:00:07,,23,1.528,0.335,19.483
2026-09-12 13:00:28,,23,1.514,0.334,19.052
2026-09-12 13:00:49,,23,1.508,0.334,18.853
2026-09-12 13:01:10,,23,1.506,0.335,18.909
2026-09-12 13:01:31,,23,1.51,0.335,18.938
2026-09-12 13:01:52,,23,1.535,0.336,19.107
2026-09-12 13:02:13,,23,1.539,0.336,19.2
2026-09-12 13:02:34,,23,1.547,0.336,19.154
2026-09-12 13:02:55,,23,1.554,0.337,19.222
2026-09-12 13:03:16,,23,1.533,0.336,19.254
2026-09-12 13:03:38,,23,1.532,0.336,19.245
2026-09-12 13:03:59,,23,1.512,0.337,19.286
2026-09-12 13:04:20,,23,1.514,0.337,19.324
2026-09-12 13:04:41,,23,1.514,0.337,19.184
2026-09-12 13:05:02,,23,1.52,0.337,19.224
2026-09-12 13:05:23,,23,1.54,0.337,19.272
2026-09-12 13:05:44,,23,1.541,0.337,19.287
2026-09-12 13:06:05,,23,1.557,0.337,19.096
2026-09-12 13:06:26,,23,1.541,0.337,19.106
2026-09-12 13:06:47,,23,1.531,0.337,19.147
2026-09-12 13:07:08,,23,1.517,0.337,19.187
2026-09-12 13:07:29,,23,1.508,0.337,19.211
2026-09-12 13:07:50,,23,1.513,0.337,19.273
2026-09-12 13:08:11,,23,1.518,0.337,19.329
2026-09-12 13:08:32,,23,1.54,0.337,19.394
2026-09-12 13:08:53,,23,1.542,0.338,19.253
2026-09-12 13:09:14,,23,1.554,0.338,19.296
2026-09-12 13:09:35,,23,1.545,0.338,19.291
2026-09-12 13:09:56,,23,1.532,0.338,19.363
2026-09-12 13:10:17,,23,1.52,0.338,19.371
2026-09-12 13:10:38,,23,1.506,0.338,19.398
2026-09-12 13:10:59,,23,1.515,0.338,19.455
2026-09-12 13:11:20,,23,1.517,0.338,19.503
2026-09-12 13:11:41,,23,1.539,0.338,19.573
2026-09-12 13:12:02,,23,1.543,0.339,19.618
2026-09-12 13:12:24,,23,1.555,0.339,19.665
2026-09-12 13:12:45,,23,1.547,0.332,19.673
2026-09-12 13:13:06,,23,1.535,0.334,19.726
2026-09-12 13:13:27,,23,1.52,0.334,19.449
2026-09-12 13:13:48,,23,1.504,0.334,19.011
2026-09-12 13:14:09,,23,1.508,0.335,18.554
2026-09-12 13:14:30,,23,1.516,0.335,18.583
2026-09-12 13:14:51,,23,1.532,0.335,18.627
2026-09-12 13:15:12,,23,1.54,0.335,18.664
2026-09-12 13:15:33,,23,1.55,0.335,18.698
2026-09-12 13:15:54,,23,1.551,0.336,18.734
2026-09-12 13:16:15,,23,1.535,0.336,18.783
2026-09-12 13:16:36,,23,1.522,0.336,18.824
2026-09-12 13:16:57,,23,1.506,0.337,18.889
2026-09-12 13:17:18,,23,1.511,0.336,18.923
2026-09-12 13:17:39,,23,1.52,0.336,18.923
2026-09-12 13:18:00,,23,1.534,0.337,18.979
2026-09-12 13:18:21,,23,1.539,0.337,19.025
2026-09-12 13:18:42,,23,1.554,0.337,19.064
2026-09-12 13:19:03,,23,1.56,0.337,18.911
2026-09-12 13:19:24,,23,1.546,0.336,18.949
2026-09-12 13:19:45,,23,1.534,0.336,18.991
2026-09-12 13:20:06,,23,1.52,0.337,19.092
2026-09-12 13:20:27,,23,1.519,0.337,19.132
2026-09-12 13:20:48,,23,1.519,0.337,19.155
2026-09-12 13:21:09,,23,1.536,0.337,19.211
2026-09-12 13:21:30,,23,1.544,0.337,19.194
2026-09-12 13:21:51,,23,1.558,0.337,19.233
2026-09-12 13:22:12,,23,1.559,0.337,19.281
2026-09-12 13:22:33,,23,1.557,0.337,18.946
2026-09-12 13:22:54,,23,1.539,0.337,19.041
2026-09-12 13:23:15,,23,1.528,0.337,19.09
2026-09-12 13:23:36,,23,1.518,0.337,19.12
2026-09-12 13:23:57,,23,1.523,0.337,19.169
2026-09-12 13:24:18,,23,1.531,0.337,18.981
2026-09-12 13:24:39,,23,1.544,0.337,18.963
2026-09-12 13:25:00,,23,1.554,0.337,19.007
2026-09-12 13:25:21,,23,1.56,0.337,19.041
2026-09-12 13:25:42,,23,1.564,0.337,19.081
2026-09-12 13:26:03,,23,1.542,0.338,19.134
2026-09-12 13:26:24,,23,1.533,0.338,19.187
2026-09-12 13:26:45,,23,1.516,0.338,19.212
2026-09-12 13:27:07,,23,1.522,0.338,19.256
2026-09-12 13:27:27,,23,1.52,0.33,19.269
2026-09-12 13:27:49,,23,1.53,0.33,19.303
2026-09-12 13:28:10,,23,1.548,0.334,19.369
2026-09-12 13:28:31,,23,1.561,0.333,19.422
2026-09-12 13:28:52,,23,1.571,0.335,19.481
2026-09-12 13:29:13,,23,1.565,0.335,19.391
2026-09-12 13:29:34,,23,1.56,0.335,19.449
2026-09-12 13:29:55,,23,1.544,0.336,19.507
2026-09-12 13:30:16,,23,1.531,0.336,19.537
2026-09-12 13:30:37,,23,1.537,0.336,19.606
2026-09-12 13:30:58,,23,1.552,0.336,19.648
2026-09-12 13:31:19,,23,1.565,0.336,19.271
2026-09-12 13:31:40,,23,1.572,0.336,19.346
2026-09-12 13:32:01,,23,1.559,0.336,19.347
2026-09-12 13:32:22,,23,1.547,0.336,19.391
2026-09-12 13:32:43,,23,1.53,0.336,19.421
2026-09-12 13:33:04,,23,1.528,0.337,19.476
2026-09-12 13:33:25,,23,1.518,0.337,19.499
2026-09-12 13:33:46,,23,1.534,0.337,19.329
2026-09-12 13:34:07,,23,1.54,0.337,18.901
2026-09-12 13:34:28,,23,1.56,0.337,18.709
2026-09-12 13:34:49,,23,1.566,0.337,18.738
2026-09-12 13:35:10,,23,1.574,0.337,18.795
2026-09-12 13:35:31,,23,1.548,0.337,18.828
2026-09-12 13:35:52,,23,1.542,0.337,18.887
2026-09-12 13:36:13,,23,1.525,0.337,18.916
2026-09-12 13:36:34,,23,1.525,0.337,18.998
2026-09-12 13:36:55,,23,1.525,0.338,19.031
2026-09-12 13:37:16,,23,1.547,0.337,19.078
2026-09-12 13:37:37,,23,1.551,0.337,19.128
2026-09-12 13:37:58,,23,1.568,0.338,18.892
2026-09-12 13:38:19,,23,1.571,0.338,18.916
2026-09-12 13:38:41,,23,1.566,0.338,18.772
2026-09-12 13:39:02,,23,1.55,0.338,18.817
2026-09-12 13:39:23,,23,1.535,0.338,18.853
2026-09-12 13:39:44,,23,1.526,0.338,18.881
2026-09-12 13:40:05,,23,1.53,0.338,18.936
2026-09-12 13:40:26,,23,1.54,0.338,18.976
2026-09-12 13:40:47,,23,1.552,0.338,19.018
2026-09-12 13:41:08,,23,1.55,0.331,19.061
2026-09-12 13:41:29,,23,1.57,0.331,19.104
2026-09-12 13:41:50,,23,1.567,0.331,19.167
2026-09-12 13:42:11,,23,1.552,0.334,19.221
2026-09-12 13:42:32,,23,1.535,0.334,19.255
2026-09-12 13:42:53,,23,1.53,0.334,19.315
2026-09-12 13:43:14,,23,1.524,0.334,19.351
2026-09-12 13:43:35,,23,1.526,0.334,19.18
2026-09-12 13:43:56,,23,1.543,0.335,19.229
2026-09-12 13:44:17,,23,1.559,0.335,18.994
2026-09-12 13:44:38,,23,1.575,0.335,19.019
2026-09-12 13:44:59,,23,1.576,0.336,19.067
2026-09-12 13:45:20,,23,1.574,0.336,19.105
2026-09-12 13:45:41,,23,1.554,0.336,19.156
2026-09-12 13:46:02,,23,1.545,0.337,19.204
2026-09-12 13:46:23,,23,1.531,0.337,19.268
2026-09-12 13:46:44,,23,1.538,0.337,19.328
2026-09-12 13:47:05,,23,1.55,0.337,19.378
2026-09-12 13:47:26,,23,1.564,0.337,19.497
2026-09-12 13:47:48,,23,1.579,0.337,19.539
2026-09-12 13:48:09,,23,1.584,0.337,19.391
2026-09-12 13:48:30,,23,1.6,0.337,19.443
2026-09-12 13:48:51,,23,1.57,0.337,19.473
2026-09-12 13:49:12,,23,1.559,0.337,19.569
2026-09-12 13:49:33,,23,1.541,0.337,19.591
2026-09-12 13:49:54,,23,1.535,0.337,19.4
2026-09-12 13:50:15,,23,1.552,0.337,19.426
2026-09-12 13:50:36,,23,1.56,0.337,19.406
2026-09-12 13:50:57,,23,1.579,0.337,19.465
2026-09-12 13:51:18,,23,1.588,0.337,19.5
2026-09-12 13:51:39,,23,1.594,0.337,19.549
2026-09-12 13:52:00,,23,1.582,0.338,19.424
2026-09-12 13:52:21,,23,1.564,0.338,19.127
2026-09-12 13:52:42,,23,1.551,0.338,18.816
2026-09-12 13:53:03,,23,1.536,0.338,18.877
2026-09-12 13:53:24,,23,1.542,0.338,18.897
2026-09-12 13:53:45,,23,1.552,0.338,18.943
2026-09-12 13:54:06,,23,1.574,0.338,19.003
2026-09-12 13:54:27,,23,1.593,0.338,18.987
2026-09-12 13:54:48,,23,1.597,0.338,19.022
2026-09-12 13:55:10,,23,1.604,0.339,19.075
2026-09-12 13:55:31,,23,1.583,0.339,19.123
2026-09-12 13:55:52,,23,1.566,0.339,19.169
2026-09-12 13:56:13,,23,1.557,0.339,18.948
2026-09-12 13:56:34,,23,1.552,0.339,18.989
2026-09-12 13:56:55,,23,1.557,0.334,19.041
2026-09-12 13:57:16,,23,1.576,0.334,18.867
2026-09-12 13:57:37,,23,1.592,0.334,18.93
2026-09-12 13:57:58,,23,1.612,0.336,18.944
2026-09-12 13:58:19,,23,1.617,0.335,18.999
2026-09-12 13:58:40,,23,1.604,0.335,19.038
2026-09-12 13:59:01,,23,1.588,0.336,19.096
2026-09-12 13:59:22,,23,1.578,0.336,19.246
2026-09-12 13:59:43,,23,1.561,0.336,19.289
2026-09-12 14:00:04,,23,1.565,0.337,19.352
2026-09-12 14:00:25,,23,1.582,0.337,19.393
2026-09-12 14:00:46,,23,1.602,0.337,19.433
2026-09-12 14:01:07,,23,1.621,0.337,19.491
2026-09-12 14:01:28,,23,1.634,0.337,19.534
2026-09-12 14:01:49,,23,1.645,0.337,19.348
2026-09-12 14:02:10,,23,1.613,0.337,19.403
2026-09-12 14:02:31,,23,1.593,0.337,19.439
2026-09-12 14:02:52,,23,1.581,0.338,19.492
2026-09-12 14:03:13,,23,1.57,0.338,19.559
2026-09-12 14:03:34,,23,1.58,0.338,19.609
2026-09-12 14:03:55,,23,1.617,0.338,19.68
2026-09-12 14:04:16,,23,1.652,0.338,19.763
2026-09-12 14:04:37,,23,1.689,0.338,19.82
2026-09-12 14:04:58,,23,1.731,0.338,19.899
2026-09-12 14:05:19,,23,1.761,0.338,19.521
2026-09-12 14:05:40,,23,1.762,0.338,19.593
2026-09-12 14:06:01,,23,1.737,0.338,19.618
2026-09-12 14:06:22,,23,1.711,0.338,19.699
2026-09-12 14:06:43,,23,1.693,0.338,19.772
2026-09-12 14:07:04,,23,1.695,0.338,19.619
2026-09-12 14:07:25,,23,1.736,0.338,19.697
2026-09-12 14:07:47,,23,1.777,0.35,19.764
2026-09-12 14:08:08,,23,1.82,0.392,19.685
2026-09-12 14:08:29,,23,1.866,0.439,19.256
2026-09-12 14:08:50,,23,1.894,0.466,19.231
2026-09-12 14:09:11,,23,1.879,0.452,19.37
2026-09-12 14:09:32,,23,1.831,0.404,19.437
2026-09-12 14:09:53,,23,1.796,0.368,19.516
2026-09-12 14:10:14,,23,1.765,0.338,19.587
2026-09-12 14:10:35,,23,1.749,0.338,19.668
2026-09-12 14:10:56,,23,1.782,0.363,19.683
2026-09-12 14:11:17,,23,1.833,0.412,19.57
2026-09-12 14:11:38,,23,1.873,0.452,19.344
2026-09-12 14:11:59,,23,1.92,0.495,19.43
2026-09-12 14:12:20,,23,1.938,0.515,19.503
2026-09-12 14:12:41,,23,1.922,0.498,19.573
2026-09-12 14:13:02,,23,1.869,0.445,19.67
2026-09-12 14:13:23,,23,1.846,0.421,19.751
2026-09-12 14:13:44,,23,1.837,0.412,19.828
2026-09-12 14:14:05,,23,1.853,0.428,19.916
2026-09-12 14:14:26,,23,1.905,0.48,20.007
2026-09-12 14:14:47,,23,1.957,0.532,20.085
2026-09-12 14:15:08,,23,2.013,0.588,20.199
2026-09-12 14:15:29,,23,2.034,0.607,20.262
2026-09-12 14:15:50,,23,2.005,0.579,20.332
2026-09-12 14:16:11,,23,1.954,0.528,20.227
2026-09-12 14:16:32,,23,1.911,0.484,20.309
2026-09-12 14:16:53,,23,1.875,0.447,20.412
2026-09-12 14:17:14,,23,1.876,0.45,20.346
2026-09-12 14:17:35,,23,1.939,0.512,20.03
2026-09-12 14:17:56,,23,2.001,0.575,20.119
2026-09-12 14:18:17,,23,2.065,0.638,19.932
2026-09-12 14:18:38,,23,2.137,0.709,20.04
2026-09-12 14:18:59,,23,2.169,0.742,20.149
2026-09-12 14:19:20,,23,2.144,0.716,20.255
2026-09-12 14:19:41,,23,2.082,0.655,20.366
2026-09-12 14:20:03,,23,2.032,0.604,20.488
2026-09-12 14:20:24,,23,2.001,0.573,20.593
2026-09-12 14:20:45,,23,2.063,0.635,20.178
2026-09-12 14:21:06,,23,2.161,0.732,20.146
2026-09-12 14:21:27,,23,2.262,0.834,20.267
2026-09-12 14:21:48,,23,2.35,0.922,20.4
2026-09-12 14:22:09,,23,2.405,0.977,20.555
2026-09-12 14:22:30,,23,2.433,1.005,20.663
2026-09-12 14:22:51,,23,2.346,0.918,20.764
2026-09-12 14:23:12,,23,2.245,0.817,20.852
2026-09-12 14:23:33,,23,2.167,0.74,20.613
2026-09-12 14:23:54,,23,2.163,0.734,20.425
2026-09-12 14:24:15,,23,2.251,0.822,20.53
2026-09-12 14:24:36,,23,2.323,0.894,20.634
2026-09-12 14:24:57,,23,2.332,0.902,20.804
2026-09-12 14:25:18,,23,2.309,0.886,20.887
2026-09-12 14:25:39,,23,2.256,0.834,20.974
2026-09-12 14:26:00,,23,2.142,0.716,21.049
2026-09-12 14:26:21,,11,8.468,7.859,26.431
2026-09-12 14:26:42,,11,8.217,7.609,25.865
2026-09-12 14:27:03,,11,8.064,7.455,25.928
2026-09-12 14:27:24,,11,8.062,7.453,26.016
2026-09-12 14:27:45,,11,8.062,7.453,26.183
2026-09-12 14:28:06,,11,8.06,7.45,26.202
2026-09-12 14:28:27,,11,8.062,7.452,26.268
2026-09-12 14:28:47,,11,7.469,6.86,26.271
2026-09-12 14:29:08,leo__benef__search-off,10,0.628,0.336,18.233
2026-09-12 14:29:29,leo__benef__search-off,10,0.63,0.336,18.411
2026-09-12 14:29:50,leo__benef__search-off,10,0.631,0.336,18.369
2026-09-12 14:30:11,leo__benef__search-off,10,4.261,3.666,21.976
2026-09-12 14:30:32,leo__benef__search-off,10,5.297,4.701,22.722
2026-09-12 14:30:53,leo__benef__search-on,11,3.392,2.781,20.887
2026-09-12 14:31:14,leo__benef__search-on,23,3.687,1.762,20.891
2026-09-12 14:31:35,leo__benef__search-on,23,3.691,1.762,20.948
2026-09-12 14:31:56,leo__benef__search-on,23,3.693,1.761,20.914
2026-09-12 14:32:17,leo__benef__search-on,23,3.684,1.751,20.94
2026-09-12 14:32:38,leo__benef__search-on,23,3.687,1.751,20.658
2026-09-12 14:32:59,leo__benef__search-on,23,3.536,1.616,20.664
2026-09-12 14:33:20,leo__benef__search-on,23,3.004,1.313,20.7
2026-09-12 14:33:41,,23,2.577,1.071,20.701
2026-09-12 14:34:02,,23,2.314,0.882,20.733
2026-09-12 14:34:23,,23,2.149,0.717,20.686
2026-09-12 14:34:44,,23,2.031,0.6,20.446
2026-09-12 14:35:05,,23,1.922,0.49,20.206
2026-09-12 14:35:26,,23,1.833,0.403,20.231
2026-09-12 14:35:47,,23,1.759,0.338,20.256
2026-09-12 14:36:08,,23,1.701,0.338,20.296
2026-09-12 14:36:29,,23,1.651,0.338,20.339
2026-09-12 14:36:50,,23,1.61,0.338,20.381
2026-09-12 14:37:11,,23,1.578,0.338,20.427
2026-09-12 14:37:32,,23,1.554,0.338,20.461
2026-09-12 14:37:53,,23,1.535,0.338,20.272
2026-09-12 14:38:14,,23,1.517,0.339,20.309
2026-09-12 14:38:36,,23,1.511,0.339,19.7
2026-09-12 14:38:57,,23,1.51,0.339,19.562
2026-09-12 14:39:18,,23,1.511,0.339,19.587
2026-09-12 14:39:39,,23,1.512,0.339,19.613
2026-09-12 14:40:00,,23,1.497,0.331,19.653
2026-09-12 14:40:21,,23,1.493,0.331,19.682
2026-09-12 14:40:42,,23,1.49,0.331,19.726
2026-09-12 14:41:03,,23,1.492,0.333,19.757
2026-09-12 14:41:24,,23,1.491,0.333,19.741
2026-09-12 14:41:45,,23,1.491,0.333,19.782
2026-09-12 14:42:06,,23,1.493,0.334,19.843
2026-09-12 14:42:27,,23,1.493,0.334,19.889
2026-09-12 14:42:48,,23,1.493,0.334,19.927
2026-09-12 14:43:09,,23,1.493,0.335,19.751
2026-09-12 14:43:31,,23,1.492,0.335,19.804
2026-09-12 14:43:52,,23,1.493,0.335,19.923
2026-09-12 14:44:13,,23,1.495,0.336,19.943
2026-09-12 14:44:34,,23,1.494,0.336,19.982
2026-09-12 14:44:55,,23,1.494,0.336,20.007
2026-09-12 14:45:16,,23,1.495,0.336,20.037
2026-09-12 14:45:37,,23,1.497,0.336,20.061
2026-09-12 14:45:58,,23,1.502,0.337,19.776
2026-09-12 14:46:19,,23,1.5,0.337,19.664
2026-09-12 14:46:41,,23,1.499,0.337,19.166
2026-09-12 14:47:02,,23,1.501,0.337,19.048
2026-09-12 14:47:23,,23,1.495,0.337,18.942
2026-09-12 14:47:44,,23,1.496,0.337,18.661
2026-09-12 14:48:05,,23,1.495,0.337,18.721
2026-09-12 14:48:26,,23,1.493,0.337,18.768
2026-09-12 14:48:47,,23,1.492,0.337,18.791
2026-09-12 14:49:08,,23,1.493,0.337,18.873
2026-09-12 14:49:29,,23,1.494,0.337,18.899
2026-09-12 14:49:51,,23,1.492,0.337,18.93
2026-09-12 14:50:12,,23,1.497,0.337,18.917
2026-09-12 14:50:33,,23,1.5,0.337,18.948
2026-09-12 14:50:54,,23,1.493,0.337,19.046
2026-09-12 14:51:15,,23,1.498,0.337,19.097
2026-09-12 14:51:36,,23,1.496,0.337,18.94
2026-09-12 14:51:57,,23,1.493,0.338,18.987
2026-09-12 14:52:18,,23,1.502,0.338,19.027
2026-09-12 14:52:39,,23,1.523,0.338,19.02
2026-09-12 14:53:00,,23,1.525,0.338,18.721
2026-09-12 14:53:21,,23,1.534,0.338,18.774
2026-09-12 14:53:42,,23,1.524,0.338,18.795
2026-09-12 14:54:03,,23,1.529,0.339,18.842
2026-09-12 14:54:24,,23,1.518,0.339,18.892
2026-09-12 14:54:45,,23,1.528,0.339,18.955
2026-09-12 14:55:06,,23,1.548,0.339,19.07
2026-09-12 14:55:27,,23,1.549,0.331,19.103
2026-09-12 14:55:48,,23,1.571,0.331,19.175
2026-09-12 14:56:09,,23,1.589,0.334,19.218
2026-09-12 14:56:30,,23,1.591,0.334,19.217
2026-09-12 14:56:51,,23,1.577,0.334,19.031
2026-09-12 14:57:13,,23,1.566,0.335,19.098
2026-09-12 14:57:34,,23,1.551,0.335,19.126
2026-09-12 14:57:55,,23,1.546,0.336,19.19
2026-09-12 14:58:16,,23,1.546,0.336,19.229
2026-09-12 14:58:37,,23,1.553,0.336,19.294
2026-09-12 14:58:58,,23,1.57,0.336,19.345
2026-09-12 14:59:19,,23,1.578,0.336,19.481
2026-09-12 14:59:40,,23,1.588,0.336,19.472
2026-09-12 15:00:01,,23,1.595,0.336,19.529
2026-09-12 15:00:22,,23,1.575,0.336,19.572
2026-09-12 15:00:43,,23,1.549,0.336,19.608
2026-09-12 15:01:04,,23,1.53,0.337,19.217
2026-09-12 15:01:25,,23,1.511,0.337,19.24
2026-09-12 15:01:46,,23,1.5,0.337,19.013
2026-09-12 15:02:07,,23,1.494,0.337,19.046
2026-09-12 15:02:28,,23,1.497,0.337,19.073
2026-09-12 15:02:49,,23,1.496,0.337,19.12
2026-09-12 15:03:10,,23,1.502,0.337,19.166
2026-09-12 15:03:31,,23,1.505,0.337,19.177
2026-09-12 15:03:52,,23,1.502,0.337,19.205
2026-09-12 15:04:13,,23,1.497,0.337,19.255
2026-09-12 15:04:34,,23,1.496,0.337,19.283
2026-09-12 15:04:55,,23,1.497,0.337,19.327
2026-09-12 15:05:16,,23,1.499,0.337,19.364
2026-09-12 15:05:38,,23,1.497,0.337,19.807
2026-09-12 15:05:59,,19,1.132,0.185,18.889
2026-09-12 15:06:20,,21,1.203,0.185,18.756
2026-09-12 15:06:41,,19,1.018,0.074,18.802
2026-09-12 15:07:03,,21,1.053,0.074,18.426
2026-09-12 15:07:24,,21,1.103,0.081,18.258
2026-09-12 15:07:45,,19,1.018,0.076,18.309
2026-09-12 15:08:06,,19,1.019,0.077,18.472
2026-09-12 15:08:28,,19,1.019,0.077,19.02
2026-09-12 15:08:49,,19,1.019,0.078,18.575
2026-09-12 15:09:10,,19,1.02,0.078,18.687
2026-09-12 15:09:31,,19,1.019,0.078,18.928
2026-09-12 15:09:52,,19,1.02,0.078,19.362
2026-09-12 15:10:13,,19,1.021,0.078,18.996
2026-09-12 15:10:34,,19,1.015,0.078,18.77
2026-09-12 15:10:55,,19,0.986,0.078,18.47
2026-09-12 15:11:17,,19,0.944,0.078,18.515
2026-09-12 15:11:38,,21,0.958,0.078,18.756
2026-09-12 15:11:59,,21,0.918,0.078,18.673
2026-09-12 15:12:20,,21,0.879,0.078,19.641
2026-09-12 15:12:42,,21,0.844,0.078,20.251
2026-09-12 15:13:03,,21,0.828,0.078,20.606
2026-09-12 15:13:24,,21,0.8,0.078,20.053
2026-09-12 15:13:45,,21,0.774,0.078,20.137
2026-09-12 15:14:06,,21,0.752,0.081,20.186
2026-09-12 15:14:28,,21,0.734,0.087,20.306
2026-09-12 15:14:50,,21,0.721,0.091,20.76
2026-09-12 15:15:12,,21,0.699,0.091,21.203
2026-09-12 15:15:33,,21,0.684,0.091,19.949
2026-09-12 15:15:54,,21,0.681,0.088,19.493
2026-09-12 15:16:15,,21,0.678,0.085,20.304
2026-09-12 15:16:36,,21,0.666,0.078,19.084
2026-09-12 15:16:58,,19,0.605,0.082,18.725
2026-09-12 15:17:19,,19,0.613,0.087,18.985
2026-09-12 15:17:40,,21,0.709,0.103,19.016
2026-09-12 15:18:01,,19,0.712,0.183,19.173
2026-09-12 15:18:22,,19,0.713,0.187,18.946
2026-09-12 15:18:44,,19,0.713,0.186,19.019
2026-09-12 15:19:05,,19,0.713,0.186,19.128
2026-09-12 15:19:26,,19,0.714,0.186,18.891
2026-09-12 15:19:47,,19,0.715,0.186,18.935
2026-09-12 15:20:08,,19,0.715,0.186,18.942
2026-09-12 15:20:29,,19,0.711,0.186,18.903
2026-09-12 15:20:50,,19,0.688,0.186,18.966
2026-09-12 15:21:11,,19,0.671,0.186,19.008
2026-09-12 15:21:32,,19,0.649,0.186,18.836
2026-09-12 15:21:54,,19,0.626,0.186,18.876
2026-09-12 15:22:15,,19,0.61,0.186,18.862
2026-09-12 15:22:36,,19,0.594,0.186,18.912
2026-09-12 15:22:57,,19,0.581,0.187,18.954
2026-09-12 15:23:18,,19,0.57,0.187,18.981
2026-09-12 15:23:39,,19,0.558,0.187,18.94
2026-09-12 15:24:00,,19,0.56,0.187,19.017
2026-09-12 15:24:21,,19,0.553,0.187,19.089
2026-09-12 15:24:42,,19,0.546,0.187,19.082
2026-09-12 15:25:04,,19,0.541,0.187,18.913
2026-09-12 15:25:25,,19,0.542,0.187,19.037
2026-09-12 15:25:46,,19,0.541,0.187,19.027
2026-09-12 15:26:07,,19,0.544,0.187,19.076
2026-09-12 15:26:28,,19,0.544,0.187,18.758
2026-09-12 15:26:49,,19,0.557,0.187,18.743
2026-09-12 15:27:10,,19,0.558,0.187,18.837
2026-09-12 15:27:31,,19,0.556,0.187,18.937
2026-09-12 15:27:52,,19,0.552,0.187,18.984
2026-09-12 15:28:13,,19,0.551,0.187,18.952
2026-09-12 15:28:34,,19,0.545,0.187,18.931
2026-09-12 15:28:56,,19,0.54,0.187,19.045
2026-09-12 15:29:17,,19,0.536,0.187,19.165
2026-09-12 15:29:38,,19,0.543,0.187,19.08
2026-09-12 15:29:59,,19,0.531,0.187,19.048
2026-09-12 15:30:20,,19,0.516,0.187,18.798
2026-09-12 15:30:41,,19,0.505,0.187,18.865
2026-09-12 15:31:02,,19,0.496,0.187,18.894
2026-09-12 15:31:23,,19,0.492,0.187,18.92
2026-09-12 15:31:44,,19,0.485,0.187,18.96
2026-09-12 15:32:05,,19,0.49,0.187,18.98
2026-09-12 15:32:26,,19,0.49,0.187,19.032
2026-09-12 15:32:47,,19,0.49,0.187,19.072
2026-09-12 15:33:08,,19,0.49,0.187,19.016
2026-09-12 15:33:30,,19,0.491,0.187,18.592
2026-09-12 15:33:51,,19,0.486,0.187,18.583
2026-09-12 15:34:12,,19,0.485,0.187,18.885
2026-09-12 15:34:33,,21,0.609,0.187,19.344
2026-09-12 15:34:55,,21,0.753,0.258,19.857
2026-09-12 15:35:16,,21,0.774,0.275,19.92
2026-09-12 15:35:37,,21,0.777,0.276,19.925
2026-09-12 15:35:58,,21,0.778,0.276,19.476
2026-09-12 15:36:19,,21,0.778,0.276,19.473
2026-09-12 15:36:41,,21,0.784,0.28,19.592
2026-09-12 15:37:02,,21,0.785,0.281,19.655
2026-09-12 15:37:23,,21,0.789,0.281,19.543
2026-09-12 15:37:45,,21,0.79,0.282,19.519
2026-09-12 15:38:06,,21,0.803,0.282,19.591
2026-09-12 15:38:27,,21,0.802,0.283,19.556
2026-09-12 15:38:49,,21,0.802,0.283,19.676
2026-09-12 15:39:10,,21,0.796,0.284,19.688
2026-09-12 15:39:31,,21,0.792,0.284,19.768
2026-09-12 15:39:52,,21,0.785,0.284,19.864
2026-09-12 15:40:14,,21,0.784,0.284,19.918
2026-09-12 15:40:35,,21,0.781,0.284,19.902
2026-09-12 15:40:57,,21,0.783,0.284,19.914
2026-09-12 15:41:18,,21,0.787,0.284,19.606
2026-09-12 15:41:40,,21,0.78,0.284,19.557
2026-09-12 15:42:01,,21,0.775,0.284,19.606
2026-09-12 15:42:23,,21,0.769,0.284,19.758
2026-09-12 15:42:44,,21,0.766,0.285,19.622
2026-09-12 15:43:06,,21,0.764,0.286,19.683
2026-09-12 15:43:27,,21,0.762,0.286,19.764
2026-09-12 15:43:49,,21,0.764,0.287,19.921
2026-09-12 15:44:11,,21,0.766,0.288,19.904
2026-09-12 15:44:32,,21,0.764,0.288,19.882
2026-09-12 15:44:54,,21,0.776,0.288,19.944
2026-09-12 15:45:15,,21,0.782,0.288,20.209
2026-09-12 15:45:37,,21,0.777,0.283,20.159
2026-09-12 15:45:58,,21,0.78,0.284,19.759
2026-09-12 15:46:20,,21,0.782,0.285,19.845
2026-09-12 15:46:41,,21,0.782,0.285,19.893
2026-09-12 15:47:03,,21,0.782,0.285,19.971
2026-09-12 15:47:24,,21,0.783,0.285,19.977
2026-09-12 15:47:46,,21,0.786,0.286,20.044
2026-09-12 15:48:07,,21,0.786,0.286,19.771
2026-09-12 15:48:29,,21,0.799,0.286,19.833
2026-09-12 15:48:50,,21,0.798,0.286,19.96
2026-09-12 15:49:12,,21,0.793,0.287,19.98
2026-09-12 15:49:33,,21,0.789,0.287,20.019
2026-09-12 15:49:55,,21,0.783,0.288,20.049
2026-09-12 15:50:16,,21,0.778,0.288,20.146
2026-09-12 15:50:37,,21,0.768,0.289,20.119
2026-09-12 15:50:59,,21,0.757,0.289,20.196
2026-09-12 15:51:20,,21,0.755,0.289,20.013
2026-09-12 15:51:42,,21,0.758,0.286,20.118
2026-09-12 15:52:03,,21,0.757,0.29,20.224
2026-09-12 15:52:25,,21,0.759,0.29,20.245
2026-09-12 15:52:46,,21,0.76,0.29,19.821
2026-09-12 15:53:07,,21,0.756,0.29,19.877
2026-09-12 15:53:29,,21,0.758,0.29,19.941
2026-09-12 15:53:50,,21,0.758,0.29,19.96
2026-09-12 15:54:12,,21,0.758,0.29,20.006
2026-09-12 15:54:33,,21,0.759,0.29,19.535
2026-09-12 15:54:55,,21,0.761,0.29,19.675
2026-09-12 15:55:16,,21,0.756,0.29,19.712
2026-09-12 15:55:38,,21,0.754,0.29,19.742
2026-09-12 15:55:59,,21,0.751,0.29,19.845
2026-09-12 15:56:20,,21,0.751,0.29,19.557
2026-09-12 15:56:42,,21,0.747,0.291,19.558
2026-09-12 15:57:03,,21,0.748,0.291,19.614
2026-09-12 15:57:25,,21,0.749,0.29,19.627
2026-09-12 15:57:46,,21,0.747,0.291,19.775
2026-09-12 15:58:08,,21,0.766,0.29,19.775
2026-09-12 15:58:29,,21,0.767,0.291,19.802
2026-09-12 15:58:50,,21,0.77,0.29,19.859
2026-09-12 15:59:12,,21,0.77,0.29,19.883
2026-09-12 15:59:33,,21,0.77,0.291,19.587
2026-09-12 15:59:55,,21,0.773,0.29,19.62
2026-09-12 16:00:16,,21,0.773,0.291,19.746
2026-09-12 16:00:37,,21,0.777,0.291,19.594
2026-09-12 16:00:59,,21,0.779,0.291,19.701
2026-09-12 16:01:20,,21,0.794,0.291,19.744
2026-09-12 16:01:42,,21,0.794,0.291,19.796
2026-09-12 16:02:03,,21,0.795,0.292,19.948
2026-09-12 16:02:25,,21,0.793,0.292,19.946
2026-09-12 16:02:46,,21,0.792,0.292,19.957
2026-09-12 16:03:08,,21,0.793,0.292,19.829
2026-09-12 16:03:29,,21,0.79,0.292,19.821
2026-09-12 16:03:50,,21,0.789,0.292,19.874
2026-09-12 16:04:12,,21,0.785,0.292,19.642
2026-09-12 16:04:33,,21,0.792,0.292,19.726
2026-09-12 16:04:55,,21,0.789,0.292,19.73
2026-09-12 16:05:17,,21,0.788,0.291,19.775
2026-09-12 16:05:38,,21,0.782,0.292,19.862
2026-09-12 16:05:59,,21,0.778,0.292,19.846
2026-09-12 16:06:21,,21,0.776,0.291,19.944
2026-09-12 16:06:42,,21,0.774,0.292,20.037
2026-09-12 16:07:04,,21,0.778,0.292,20.111
2026-09-12 16:07:26,,21,0.778,0.292,19.917
2026-09-12 16:07:48,,21,0.795,0.292,19.973
2026-09-12 16:08:09,,21,0.796,0.292,19.998
2026-09-12 16:08:31,,21,0.795,0.292,20.167
2026-09-12 16:08:52,,21,0.794,0.292,20.076
2026-09-12 16:09:13,,21,0.795,0.292,19.805
2026-09-12 16:09:35,,21,0.797,0.292,19.81
2026-09-12 16:09:57,,21,0.797,0.292,19.757
2026-09-12 16:10:18,,21,0.8,0.292,19.822
2026-09-12 16:10:39,,21,0.804,0.292,19.895
2026-09-12 16:11:01,,21,0.819,0.292,19.975
2026-09-12 16:11:22,,21,0.817,0.292,20.114
2026-09-12 16:11:44,,21,0.815,0.292,20.102
2026-09-12 16:12:05,,21,0.812,0.292,20.166
2026-09-12 16:12:27,,21,0.808,0.292,20.093
2026-09-12 16:12:48,,21,0.802,0.292,20.082
2026-09-12 16:13:10,,21,0.799,0.292,20.154
2026-09-12 16:13:31,,21,0.799,0.292,20.138
2026-09-12 16:13:53,,21,0.796,0.29,19.96
2026-09-12 16:14:14,,21,0.805,0.295,20.035
2026-09-12 16:14:35,,21,0.803,0.295,20.066
2026-09-12 16:14:57,,21,0.796,0.295,20.112
2026-09-12 16:15:18,,21,0.79,0.295,20.095
2026-09-12 16:15:39,,21,0.784,0.295,19.811
2026-09-12 16:16:01,,21,0.778,0.295,19.852
2026-09-12 16:16:22,,21,0.78,0.295,19.989
2026-09-12 16:16:44,,21,0.78,0.295,19.525
2026-09-12 16:17:06,,21,0.794,0.295,19.678
2026-09-12 16:17:28,,21,0.795,0.295,19.507
2026-09-12 16:17:49,,21,0.787,0.296,19.489
2026-09-12 16:18:10,,21,0.772,0.296,19.53
2026-09-12 16:18:32,,21,0.765,0.295,19.678
2026-09-12 16:18:53,,21,0.761,0.296,19.716
2026-09-12 16:19:15,,21,0.763,0.295,19.638
2026-09-12 16:19:36,,21,0.763,0.295,19.656
2026-09-12 16:19:57,,21,0.774,0.296,19.685
2026-09-12 16:20:19,,21,0.781,0.296,19.714
2026-09-12 16:20:40,,21,0.773,0.297,19.428
2026-09-12 16:21:01,,21,0.774,0.297,19.421
2026-09-12 16:21:23,,21,0.774,0.297,19.452
2026-09-12 16:21:44,,21,0.776,0.297,19.473
2026-09-12 16:22:05,,21,0.781,0.297,19.177
2026-09-12 16:22:27,,21,0.784,0.297,19.161
2026-09-12 16:22:48,,21,0.799,0.297,19.29
2026-09-12 16:23:09,,21,0.795,0.297,19.147
2026-09-12 16:23:31,,21,0.79,0.297,19.11
2026-09-12 16:23:52,,21,0.786,0.298,19.191
2026-09-12 16:24:14,,21,0.782,0.298,19.174
2026-09-12 16:24:35,,21,0.777,0.298,19.236
2026-09-12 16:24:56,,21,0.779,0.299,19.269
2026-09-12 16:25:18,,21,0.785,0.299,19.35
2026-09-12 16:25:39,,21,0.776,0.299,19.399
2026-09-12 16:26:00,,21,0.763,0.294,19.44
2026-09-12 16:26:22,,21,0.764,0.294,19.431
2026-09-12 16:26:43,,21,0.767,0.297,19.495
2026-09-12 16:27:04,,21,0.77,0.297,19.314
2026-09-12 16:27:26,,21,0.773,0.297,19.003
2026-09-12 16:27:47,,21,0.781,0.298,18.992
2026-09-12 16:28:08,,21,0.795,0.298,19.027
2026-09-12 16:28:30,,21,0.794,0.298,19.086
2026-09-12 16:28:51,,21,0.785,0.298,19.09
2026-09-12 16:29:12,,21,0.77,0.296,19.15
2026-09-12 16:29:34,,21,0.771,0.296,19.163
2026-09-12 16:29:55,,21,0.771,0.296,19.243
2026-09-12 16:30:16,,21,0.77,0.296,19.249
2026-09-12 16:30:38,,21,0.768,0.296,19.3
2026-09-12 16:30:59,,21,0.769,0.297,19.365
2026-09-12 16:31:20,,21,0.769,0.297,19.17
2026-09-12 16:31:42,,21,0.769,0.297,19.229
2026-09-12 16:32:03,,21,0.768,0.297,19.266
2026-09-12 16:32:24,,21,0.768,0.297,19.295
2026-09-12 16:32:46,,21,0.767,0.297,19.374
2026-09-12 16:33:07,,21,0.769,0.297,19.304
2026-09-12 16:33:29,,21,0.771,0.297,19.555
2026-09-12 16:33:50,,21,0.768,0.297,19.446
2026-09-12 16:34:12,,21,0.768,0.297,19.443
2026-09-12 16:34:33,,21,0.769,0.297,19.293
2026-09-12 16:34:55,,21,0.771,0.297,19.342
2026-09-12 16:35:16,,21,0.77,0.297,19.422
2026-09-12 16:35:37,,21,0.787,0.297,19.131
2026-09-12 16:35:59,,21,0.794,0.297,19.311
2026-09-12 16:36:20,,21,0.794,0.297,19.256
2026-09-12 16:36:41,,21,0.794,0.298,19.385
2026-09-12 16:37:03,,21,0.793,0.297,19.542
2026-09-12 16:37:24,,21,0.794,0.297,19.429
2026-09-12 16:37:46,,21,0.793,0.298,19.23
2026-09-12 16:38:07,,21,0.8,0.297,19.328
2026-09-12 16:38:28,,21,0.81,0.297,19.49
2026-09-12 16:38:50,,21,0.811,0.298,19.445
2026-09-12 16:39:11,,21,0.806,0.299,19.573
2026-09-12 16:39:33,,21,0.8,0.299,19.313
2026-09-12 16:39:54,,21,0.796,0.299,19.372
2026-09-12 16:40:16,,21,0.786,0.293,19.5
2026-09-12 16:40:38,,21,0.782,0.293,19.492
2026-09-12 16:40:59,,21,0.795,0.296,19.278
2026-09-12 16:41:20,,21,0.799,0.297,19.396
2026-09-12 16:41:42,,21,0.793,0.297,19.479
2026-09-12 16:42:03,,21,0.793,0.301,19.535
2026-09-12 16:42:24,,21,0.793,0.301,19.531
2026-09-12 16:42:46,,21,0.794,0.302,19.575
2026-09-12 16:43:07,,21,0.794,0.302,19.612
2026-09-12 16:43:29,,21,0.805,0.302,19.663
2026-09-12 16:43:50,,21,0.819,0.302,19.747
2026-09-12 16:44:12,,21,0.819,0.302,19.396
2026-09-12 16:44:33,,21,0.819,0.302,19.454
2026-09-12 16:44:55,,21,0.819,0.302,19.506
2026-09-12 16:45:17,,21,0.82,0.302,19.595
2026-09-12 16:45:38,,21,0.82,0.302,19.571
2026-09-12 16:45:59,,21,0.826,0.302,19.643
2026-09-12 16:46:21,,21,0.837,0.302,19.682
2026-09-12 16:46:43,,21,0.839,0.302,19.77
2026-09-12 16:47:04,,21,0.837,0.302,19.836
2026-09-12 16:47:25,,21,0.836,0.302,19.616
2026-09-12 16:47:47,,21,0.83,0.296,19.677
2026-09-12 16:48:09,,21,0.827,0.298,19.661
2026-09-12 16:48:30,,21,0.827,0.3,19.736
2026-09-12 16:48:52,,21,0.828,0.301,19.844
2026-09-12 16:49:13,,21,0.838,0.301,19.898
2026-09-12 16:49:35,,21,0.832,0.301,19.854
2026-09-12 16:49:56,,21,0.824,0.302,19.963
2026-09-12 16:50:18,,21,0.819,0.302,20.18
2026-09-12 16:50:39,,21,0.816,0.302,20.221
2026-09-12 16:51:01,,21,0.81,0.303,19.498
2026-09-12 16:51:22,,21,0.817,0.303,19.476
2026-09-12 16:51:44,,21,0.825,0.303,19.549
2026-09-12 16:52:05,,21,0.82,0.303,19.636
2026-09-12 16:52:27,,21,0.821,0.303,19.687
2026-09-12 16:52:48,,21,0.821,0.303,19.717
2026-09-12 16:53:10,,21,0.82,0.303,19.773
2026-09-12 16:53:31,,21,0.817,0.303,19.798
2026-09-12 16:53:53,,21,0.828,0.304,19.833
2026-09-12 16:54:14,,21,0.835,0.297,19.867
2026-09-12 16:54:36,,21,0.838,0.298,19.957
2026-09-12 16:54:57,,21,0.839,0.298,20.039
2026-09-12 16:55:19,,21,0.839,0.298,19.477
2026-09-12 16:55:40,,21,0.841,0.299,19.421
2026-09-12 16:56:02,,21,0.843,0.3,19.501
2026-09-12 16:56:23,,21,0.846,0.3,19.555
2026-09-12 16:56:44,,21,0.858,0.301,19.616
2026-09-12 16:57:06,,21,0.856,0.301,19.73
2026-09-12 16:57:27,,21,0.854,0.302,19.809
2026-09-12 16:57:49,,21,0.845,0.301,19.887
2026-09-12 16:58:10,,21,0.844,0.303,19.171
2026-09-12 16:58:31,,21,0.836,0.303,19.186
2026-09-12 16:58:53,,21,0.834,0.305,19.276
2026-09-12 16:59:14,,21,0.839,0.305,19.311
2026-09-12 16:59:36,,21,0.838,0.305,19.357
2026-09-12 16:59:57,,21,0.825,0.299,19.426
2026-09-12 17:00:18,,21,0.825,0.301,19.491
2026-09-12 17:00:40,,21,0.827,0.302,19.566
2026-09-12 17:01:01,,21,0.822,0.303,19.612
2026-09-12 17:01:23,,21,0.828,0.305,19.422
2026-09-12 17:01:44,,21,0.84,0.304,19.498
2026-09-12 17:02:06,,21,0.844,0.305,19.682
2026-09-12 17:02:27,,21,0.843,0.305,19.707
2026-09-12 17:02:48,,21,0.844,0.307,19.602
2026-09-12 17:03:10,,21,0.846,0.307,19.731
2026-09-12 17:03:31,,21,0.848,0.307,19.71
2026-09-12 17:03:52,,21,0.856,0.307,19.819
2026-09-12 17:04:14,,21,0.871,0.308,19.406
2026-09-12 17:04:35,,21,0.871,0.308,19.525
2026-09-12 17:04:56,,21,0.864,0.302,19.898
2026-09-12 17:05:18,,21,0.865,0.303,20.222
2026-09-12 17:05:40,,21,0.866,0.304,20.236
2026-09-12 17:06:02,,21,0.865,0.304,20.656
2026-09-12 17:06:23,,21,0.865,0.305,20.566
2026-09-12 17:06:45,,21,0.875,0.305,20.725
2026-09-12 17:07:06,,21,0.877,0.305,20.839
2026-09-12 17:07:28,,21,0.868,0.306,20.893
2026-09-12 17:07:49,,21,0.859,0.306,20.924
2026-09-12 17:08:10,,21,0.854,0.306,20.998
2026-09-12 17:08:32,,21,0.853,0.306,20.746
2026-09-12 17:08:53,,21,0.848,0.307,20.534
2026-09-12 17:09:14,,21,0.852,0.306,20.592
2026-09-12 17:09:36,,21,0.847,0.306,20.356
2026-09-12 17:09:58,,21,0.84,0.306,20.545
2026-09-12 17:10:19,,21,0.837,0.306,20.473
2026-09-12 17:10:40,,21,0.841,0.308,20.499
2026-09-12 17:11:01,,21,0.844,0.308,20.485
2026-09-12 17:11:23,,21,0.858,0.308,20.505
2026-09-12 17:11:44,,21,0.858,0.309,20.527
2026-09-12 17:12:05,,21,0.855,0.304,20.499
2026-09-12 17:12:27,,21,0.859,0.308,20.634
2026-09-12 17:12:48,,21,0.86,0.308,21.102
2026-09-12 17:13:10,,21,0.864,0.308,21.311
2026-09-12 17:13:31,,21,0.873,0.308,21.271
2026-09-12 17:13:52,,21,0.882,0.309,21.225
2026-09-12 17:14:14,,21,0.883,0.309,21.258
2026-09-12 17:14:35,,21,0.885,0.309,21.333
2026-09-12 17:14:56,,21,0.882,0.309,21.339
2026-09-12 17:15:18,,21,0.884,0.309,20.877
2026-09-12 17:15:41,,21,0.883,0.309,21.182
2026-09-12 17:16:04,,21,0.877,0.309,21.247
2026-09-12 17:16:26,,21,0.889,0.309,21.55
2026-09-12 17:16:47,,21,0.883,0.309,22.115
2026-09-12 17:17:09,,21,0.874,0.309,21.503
2026-09-12 17:17:36,,21,0.861,0.31,21.646
2026-09-12 17:17:58,,23,1.372,0.517,21.698
2026-09-12 17:18:19,,23,0.888,0.31,21.28
2026-09-12 17:18:41,,23,0.882,0.31,21.268
2026-09-12 17:19:02,,23,0.88,0.31,21.203
2026-09-12 17:19:24,,25,0.917,0.311,21.134
2026-09-12 17:19:45,,25,0.909,0.311,21.008
2026-09-12 17:20:06,,25,0.903,0.311,21.327
2026-09-12 17:20:29,,27,0.948,0.311,21.222
2026-09-12 17:20:52,,27,0.948,0.311,21.589
2026-09-12 17:21:19,,27,0.945,0.311,21.798
2026-09-12 17:21:41,,27,0.95,0.312,21.345
2026-09-12 17:22:02,,27,0.958,0.312,21.374
2026-09-12 17:22:24,,25,0.914,0.312,21.48
2026-09-12 17:22:45,,25,0.918,0.312,21.774
2026-09-12 17:23:07,,25,0.916,0.31,21.654
2026-09-12 17:23:29,,25,0.917,0.31,21.466
2026-09-12 17:24:02,,25,0.915,0.311,21.523
2026-09-12 17:24:23,,25,0.923,0.312,21.64
2026-09-12 17:24:45,,25,0.928,0.312,21.75
2026-09-12 17:25:06,,25,0.927,0.312,21.845
2026-09-12 17:25:28,,25,0.922,0.313,21.324
2026-09-12 17:25:49,,25,0.907,0.313,21.388
2026-09-12 17:26:11,,25,0.891,0.314,21.534
2026-09-12 17:26:32,,25,0.882,0.315,21.722
2026-09-12 17:26:54,,25,0.878,0.315,21.829
2026-09-12 17:27:16,,25,0.873,0.315,21.683
2026-09-12 17:27:37,,25,0.867,0.312,21.836
2026-09-12 17:27:59,,25,0.868,0.312,21.877
2026-09-12 17:28:20,,25,0.87,0.313,22.007
2026-09-12 17:28:42,,26,0.894,0.313,21.686
2026-09-12 17:29:03,,25,0.873,0.314,21.741
2026-09-12 17:29:25,,25,0.858,0.314,21.496
2026-09-12 17:29:46,,25,0.852,0.314,21.559
2026-09-12 17:30:08,,25,0.852,0.314,21.593
2026-09-12 17:30:29,,25,0.853,0.315,21.677
2026-09-12 17:30:51,,25,0.852,0.315,21.749
2026-09-12 17:31:12,,25,0.854,0.315,21.797
2026-09-12 17:31:33,,25,0.855,0.315,21.864
2026-09-12 17:31:55,,25,0.858,0.315,21.949
2026-09-12 17:32:17,,25,0.858,0.316,21.741
2026-09-12 17:32:38,,25,0.862,0.316,21.804
2026-09-12 17:33:00,,25,0.867,0.317,21.879
2026-09-12 17:33:21,,25,0.851,0.31,21.621
2026-09-12 17:33:43,,25,0.852,0.312,21.683
2026-09-12 17:34:04,,25,0.853,0.313,21.737
2026-09-12 17:34:26,,25,0.853,0.313,21.802
2026-09-12 17:34:47,,25,0.865,0.313,21.829
2026-09-12 17:35:09,,25,0.872,0.313,21.9
2026-09-12 17:35:30,,25,0.873,0.314,21.941
2026-09-12 17:35:51,,25,0.872,0.314,21.986
2026-09-12 17:36:13,,25,0.868,0.314,22.04
2026-09-12 17:36:34,,25,0.861,0.315,22.071
2026-09-12 17:36:55,,25,0.861,0.315,22.091
2026-09-12 17:37:17,,25,0.86,0.316,21.937
2026-09-12 17:37:38,,25,0.859,0.316,21.948
2026-09-12 17:38:00,,25,0.859,0.316,21.619
2026-09-12 17:38:21,,25,0.86,0.317,21.687
2026-09-12 17:38:43,,25,0.857,0.311,21.783
2026-09-12 17:39:04,,25,0.866,0.313,21.827
2026-09-12 17:39:25,,25,0.873,0.313,21.853
2026-09-12 17:39:47,,25,0.873,0.313,21.92
2026-09-12 17:40:08,,25,0.868,0.314,21.968
2026-09-12 17:40:29,,25,0.865,0.314,21.997
2026-09-12 17:40:51,,25,0.868,0.314,22.04
2026-09-12 17:41:12,,25,0.877,0.315,21.812
2026-09-12 17:41:34,,25,0.877,0.315,21.958
2026-09-12 17:41:55,,25,0.878,0.317,21.715
2026-09-12 17:42:17,,25,0.875,0.317,21.564
2026-09-12 17:42:38,,25,0.873,0.317,21.364
2026-09-12 17:42:59,,25,0.884,0.318,21.461
2026-09-12 17:43:21,,25,0.886,0.318,21.574
2026-09-12 17:43:42,,25,0.889,0.319,21.353
2026-09-12 17:44:04,,25,0.888,0.319,21.419
2026-09-12 17:44:25,,25,0.879,0.313,21.445
2026-09-12 17:44:46,,25,0.872,0.313,21.475
2026-09-12 17:45:08,,25,0.882,0.313,21.507
2026-09-12 17:45:29,,25,0.882,0.314,21.557
2026-09-12 17:45:51,,25,0.875,0.314,21.634
2026-09-12 17:46:12,,25,0.873,0.314,21.315
2026-09-12 17:46:33,,25,0.871,0.314,21.372
2026-09-12 17:46:55,,25,0.874,0.314,21.404
2026-09-12 17:47:16,,25,0.875,0.314,21.549
2026-09-12 17:47:37,,25,0.874,0.314,21.6
2026-09-12 17:47:59,,25,0.874,0.315,21.378
2026-09-12 17:48:20,,25,0.874,0.315,21.4
2026-09-12 17:48:42,,25,0.878,0.315,21.453
2026-09-12 17:49:03,,25,0.882,0.315,21.547
2026-09-12 17:49:24,,25,0.885,0.316,21.575
2026-09-12 17:49:46,,25,0.876,0.316,21.615
2026-09-12 17:50:07,,25,0.875,0.316,21.652
2026-09-12 17:50:28,,25,0.874,0.316,21.703
2026-09-12 17:50:50,,25,0.865,0.316,21.778
2026-09-12 17:51:11,,25,0.856,0.317,21.858
2026-09-12 17:51:33,,25,0.859,0.317,21.431
2026-09-12 17:51:55,,25,0.859,0.318,21.607
2026-09-12 17:52:16,,25,0.859,0.318,21.629
2026-09-12 17:52:37,,25,0.864,0.319,21.7
2026-09-12 17:52:59,,25,0.861,0.313,21.788
2026-09-12 17:53:20,,25,0.864,0.312,21.825
2026-09-12 17:53:41,,25,0.868,0.314,21.878
2026-09-12 17:54:03,,25,0.871,0.316,21.908
2026-09-12 17:54:25,,25,0.871,0.317,22.105
2026-09-12 17:54:46,,25,0.879,0.317,22.343
2026-09-12 17:55:08,,25,0.88,0.317,22.421
2026-09-12 17:55:29,,25,0.873,0.317,22.416
2026-09-12 17:55:51,,25,0.881,0.318,22.577
2026-09-12 17:56:12,,25,0.881,0.318,22.488
2026-09-12 17:56:34,,25,0.879,0.319,22.015
2026-09-12 17:56:55,,25,0.883,0.32,21.88
2026-09-12 17:57:17,,25,0.888,0.323,22.029
2026-09-12 17:57:45,,25,0.899,0.323,22.09
2026-09-12 17:58:07,,25,0.9,0.323,22.116
2026-09-12 17:58:28,,25,0.902,0.325,22.21
2026-09-12 17:58:50,,25,0.892,0.314,22.323
2026-09-12 17:59:11,,25,0.897,0.316,22.415
2026-09-12 17:59:33,,25,0.908,0.316,22.488
2026-09-12 17:59:55,,25,0.918,0.317,22.27
2026-09-12 18:00:16,,25,0.922,0.317,22.32
2026-09-12 18:00:38,,25,0.921,0.318,22.426
2026-09-12 18:00:59,,25,0.918,0.318,22.495
2026-09-12 18:01:21,,25,0.916,0.319,22.6
2026-09-12 18:01:42,,25,0.902,0.319,22.165
2026-09-12 18:02:04,,25,0.894,0.319,22.233
2026-09-12 18:02:25,,25,0.891,0.319,22.231
2026-09-12 18:02:47,,25,0.889,0.32,22.302
2026-09-12 18:03:08,,25,0.889,0.32,22.184
2026-09-12 18:03:30,,27,0.941,0.321,22.38
2026-09-12 18:03:51,,27,0.931,0.321,22.384
2026-09-12 18:04:13,,25,0.876,0.316,22.027
2026-09-12 18:04:34,,25,0.868,0.317,21.955
2026-09-12 18:04:56,,25,0.862,0.317,22.106
2026-09-12 18:05:17,,25,0.861,0.317,22.171
2026-09-12 18:05:39,,25,0.864,0.318,22.071
2026-09-12 18:06:01,,25,0.867,0.319,21.823
2026-09-12 18:06:22,,25,0.872,0.319,21.85
2026-09-12 18:06:44,,25,0.877,0.319,21.846
2026-09-12 18:07:05,,25,0.875,0.32,21.866
2026-09-12 18:07:26,,25,0.872,0.321,22.086
2026-09-12 18:07:48,,25,0.868,0.324,21.959
2026-09-12 18:08:09,,25,0.87,0.324,22.033
2026-09-12 18:08:31,,27,0.903,0.326,22.254
2026-09-12 18:08:52,,27,0.909,0.326,22.345
2026-09-12 18:09:14,,27,0.895,0.316,22.375
2026-09-12 18:09:35,,27,0.892,0.317,22.434
2026-09-12 18:09:57,,27,0.886,0.318,22.319
2026-09-12 18:10:18,,27,0.887,0.318,21.692
2026-09-12 18:10:40,,27,0.897,0.318,21.754
2026-09-12 18:11:01,,27,0.899,0.318,21.787
2026-09-12 18:11:22,,27,0.902,0.32,21.974
2026-09-12 18:11:44,,27,0.902,0.321,22.022
2026-09-12 18:12:05,,27,0.903,0.321,22.062
2026-09-12 18:12:27,,27,0.896,0.321,22.131
2026-09-12 18:12:48,,27,0.892,0.321,22.193
2026-09-12 18:13:09,,27,0.897,0.323,22.137
2026-09-12 18:13:31,,27,0.901,0.324,22.167
2026-09-12 18:13:52,,27,0.903,0.325,22.287
2026-09-12 18:14:14,,27,0.899,0.325,22.326
2026-09-12 18:14:35,,27,0.906,0.326,21.969
2026-09-12 18:14:56,,27,0.896,0.318,22.023
2026-09-12 18:15:18,,27,0.897,0.32,22.122
2026-09-12 18:15:39,,27,0.9,0.32,22.16
2026-09-12 18:16:00,,27,0.901,0.32,21.886
2026-09-12 18:16:22,,27,0.903,0.32,21.944
2026-09-12 18:16:43,,27,0.909,0.321,22.001
2026-09-12 18:17:05,,27,0.912,0.321,22.045
2026-09-12 18:17:26,,27,0.912,0.321,22.1
2026-09-12 18:17:47,,27,0.912,0.322,22.134
2026-09-12 18:18:09,,27,0.913,0.322,22.225
2026-09-12 18:18:30,,27,0.92,0.322,22.336
2026-09-12 18:18:52,,27,0.913,0.322,22.394
2026-09-12 18:19:13,,27,0.917,0.323,22.531
2026-09-12 18:19:35,,27,0.917,0.324,21.94
2026-09-12 18:19:56,,27,0.916,0.324,21.979
2026-09-12 18:20:18,,27,0.921,0.324,22.106
2026-09-12 18:20:39,,27,0.93,0.324,22.129
2026-09-12 18:21:01,,27,0.927,0.324,22.353
2026-09-12 18:21:22,,27,0.924,0.324,22.447
2026-09-12 18:21:44,,27,0.919,0.324,22.5
2026-09-12 18:22:05,,27,0.92,0.324,22.323
2026-09-12 18:22:27,,27,0.927,0.324,22.396
2026-09-12 18:22:48,,27,0.934,0.324,22.454
2026-09-12 18:23:09,,27,0.931,0.324,22.46
2026-09-12 18:23:31,,27,0.931,0.324,22.518
2026-09-12 18:23:52,,27,0.928,0.324,22.542
2026-09-12 18:24:14,,27,0.928,0.324,22.192
2026-09-12 18:24:35,,27,0.929,0.324,22.179
2026-09-12 18:24:57,,27,0.934,0.324,22.239
2026-09-12 18:25:19,,27,0.93,0.325,22.44
2026-09-12 18:25:40,,27,0.936,0.326,22.513
2026-09-12 18:26:02,,27,0.935,0.326,22.546
2026-09-12 18:26:23,,27,0.935,0.326,22.549
2026-09-12 18:26:45,,27,0.942,0.326,22.604
2026-09-12 18:27:06,,27,1.002,0.326,22.663
2026-09-12 18:27:28,,27,1.567,0.648,23.132
2026-09-12 18:27:50,,27,1.723,0.802,23.135
2026-09-12 18:28:11,,27,1.787,0.864,23.242
2026-09-12 18:28:33,,27,1.859,0.937,23.502
2026-09-12 18:28:55,,27,1.857,0.936,23.413
2026-09-12 18:29:16,,27,1.861,0.936,23.048
2026-09-12 18:29:38,,27,1.872,0.936,23.083
2026-09-12 18:29:59,,27,1.872,0.936,22.833
2026-09-12 18:30:21,,27,1.877,0.936,22.895
2026-09-12 18:30:42,,27,1.869,0.936,22.975
2026-09-12 18:31:04,,27,1.858,0.936,22.955
2026-09-12 18:31:25,,27,1.854,0.936,22.994
2026-09-12 18:31:47,,27,1.861,0.936,23.072
2026-09-12 18:32:08,,25,1.837,0.937,23.201
2026-09-12 18:32:30,,25,1.827,0.937,22.734
2026-09-12 18:32:51,,25,1.813,0.937,23.079
2026-09-12 18:33:13,,25,1.811,0.937,23.226
2026-09-12 18:33:34,,25,1.804,0.937,23.257
2026-09-12 18:33:55,,25,1.8,0.937,23.353
2026-09-12 18:34:17,,25,1.802,0.937,23.421
2026-09-12 18:34:38,,25,1.803,0.937,23.064
2026-09-12 18:35:00,,25,1.802,0.937,23.133
2026-09-12 18:35:21,,25,1.803,0.937,23.16
2026-09-12 18:35:43,,25,1.801,0.937,23.289
2026-09-12 18:36:04,,25,1.806,0.938,22.854
2026-09-12 18:36:26,,25,1.804,0.938,22.867
2026-09-12 18:36:47,,25,1.798,0.938,22.882
2026-09-12 18:37:09,,25,1.8,0.938,23.256
2026-09-12 18:37:31,,25,1.8,0.938,23.316
2026-09-12 18:37:52,,25,1.808,0.938,23.3
2026-09-12 18:38:14,,25,1.81,0.938,23.113
2026-09-12 18:38:36,,25,1.815,0.938,22.896
2026-09-12 18:38:57,,25,1.82,0.939,22.981
2026-09-12 18:39:18,,25,1.822,0.939,23.0
2026-09-12 18:39:40,,25,1.823,0.939,23.042
2026-09-12 18:40:01,,25,1.834,0.939,23.122
2026-09-12 18:40:23,,25,1.838,0.939,23.152
2026-09-12 18:40:44,,25,1.841,0.939,23.216
2026-09-12 18:41:06,,25,1.841,0.939,23.283
2026-09-12 18:41:28,,25,1.84,0.939,23.349
2026-09-12 18:41:49,,25,1.83,0.939,23.348
2026-09-12 18:42:11,,25,1.82,0.939,23.419
2026-09-12 18:42:32,,25,1.811,0.939,23.466
2026-09-12 18:42:54,,25,1.809,0.939,23.348
2026-09-12 18:43:16,,25,1.808,0.939,23.195
2026-09-12 18:43:37,,25,1.807,0.939,23.175
2026-09-12 18:43:59,,25,1.808,0.939,23.087
2026-09-12 18:44:20,,25,1.813,0.939,23.273
2026-09-12 18:44:42,,25,1.815,0.939,23.32
2026-09-12 18:45:03,,25,1.819,0.939,23.368
2026-09-12 18:45:25,,25,1.818,0.939,23.105
2026-09-12 18:45:46,,25,1.816,0.939,23.152
2026-09-12 18:46:08,,25,1.822,0.939,23.201
2026-09-12 18:46:29,,25,1.824,0.939,23.21
2026-09-12 18:46:51,,25,1.825,0.939,23.231
2026-09-12 18:47:12,,25,1.822,0.939,23.296
2026-09-12 18:47:34,,25,1.821,0.939,23.367
2026-09-12 18:47:55,,25,1.819,0.939,23.394
2026-09-12 18:48:17,,25,1.825,0.939,23.467
2026-09-12 18:48:39,,25,1.822,0.939,23.554
2026-09-12 18:49:00,,25,1.824,0.939,23.228
2026-09-12 18:49:22,,25,1.819,0.939,23.345
2026-09-12 18:49:43,,25,1.819,0.939,23.427
2026-09-12 18:50:04,,25,1.82,0.939,23.436
2026-09-12 18:50:26,,25,1.825,0.939,23.441
2026-09-12 18:50:48,,25,1.826,0.939,23.499
2026-09-12 18:51:09,,25,1.828,0.939,23.05
2026-09-12 18:51:31,,25,1.829,0.939,22.937
2026-09-12 18:51:52,,25,1.826,0.939,23.015
2026-09-12 18:52:14,,25,1.83,0.939,23.049
2026-09-12 18:52:35,,25,1.821,0.939,23.103
2026-09-12 18:52:57,,25,1.813,0.939,23.191
2026-09-12 18:53:18,,25,1.801,0.939,22.748
2026-09-12 18:53:40,,25,1.801,0.939,22.997
2026-09-12 18:54:02,,25,1.872,1.011,23.179
2026-09-12 18:54:24,,25,1.926,1.049,23.388
2026-09-12 18:54:45,,25,1.924,1.049,23.366
2026-09-12 18:55:07,,23,0.879,0.332,22.178
2026-09-12 18:55:28,,23,0.877,0.331,22.379
2026-09-12 18:55:50,,23,0.874,0.331,22.423
2026-09-12 18:56:11,,23,0.871,0.331,22.489
2026-09-12 18:56:33,,23,0.877,0.331,22.51
2026-09-12 18:56:54,,23,0.882,0.332,21.935
2026-09-12 18:57:16,,23,0.889,0.332,21.969
2026-09-12 18:57:37,,23,0.889,0.332,22.0
2026-09-12 18:57:59,,23,0.889,0.332,22.055
2026-09-12 18:58:20,,23,0.89,0.33,22.101
2026-09-12 18:58:42,,23,0.899,0.33,22.127
2026-09-12 18:59:03,,23,0.905,0.33,22.171
2026-09-12 18:59:25,,23,0.907,0.33,22.169
2026-09-12 18:59:46,,23,0.906,0.331,22.069
2026-09-12 19:00:08,,23,0.907,0.331,22.118
2026-09-12 19:00:29,,23,0.913,0.331,22.107
2026-09-12 19:00:50,,23,0.912,0.332,22.177
2026-09-12 19:01:11,,23,0.918,0.331,22.228
2026-09-12 19:01:33,,23,0.915,0.332,22.305
2026-09-12 19:01:54,,23,0.913,0.332,21.921
2026-09-12 19:02:16,,23,0.907,0.332,22.122
2026-09-12 19:02:38,,23,0.918,0.332,21.951
2026-09-12 19:03:00,,23,0.921,0.332,21.942
2026-09-12 19:03:21,,23,0.918,0.332,22.011
2026-09-12 19:03:43,,23,0.916,0.332,22.063
2026-09-12 19:04:04,,23,0.918,0.332,22.151
2026-09-12 19:04:26,,23,0.922,0.332,22.16
2026-09-12 19:04:47,,23,0.932,0.332,22.329
2026-09-12 19:05:09,,23,0.937,0.332,22.321
2026-09-12 19:05:31,,23,0.939,0.332,22.405
2026-09-12 19:05:52,,23,0.94,0.331,22.479
2026-09-12 19:06:14,,23,0.94,0.331,22.484
2026-09-12 19:06:35,,23,0.947,0.331,22.558
2026-09-12 19:06:57,,23,0.955,0.331,22.59
2026-09-12 19:07:18,,23,0.956,0.331,22.665
2026-09-12 19:07:40,,23,0.955,0.331,22.445
2026-09-12 19:08:02,,23,0.954,0.332,22.339
2026-09-12 19:08:24,,23,0.95,0.332,22.411
2026-09-12 19:08:45,,23,0.948,0.333,22.422
2026-09-12 19:09:07,,23,0.951,0.334,22.535
2026-09-12 19:09:28,,23,0.941,0.334,22.521
2026-09-12 19:09:50,,23,0.931,0.334,22.617
2026-09-12 19:10:12,,23,0.928,0.334,22.256
2026-09-12 19:10:33,,23,0.922,0.334,22.312
2026-09-12 19:10:54,,23,0.926,0.334,22.304
2026-09-12 19:11:16,,23,0.924,0.334,22.432
2026-09-12 19:11:38,,23,0.923,0.334,22.145
2026-09-12 19:11:59,,23,0.921,0.332,22.228
2026-09-12 19:12:21,,23,0.921,0.332,22.247
2026-09-12 19:12:42,,23,0.925,0.332,22.294
2026-09-12 19:13:04,,23,0.932,0.332,22.356
2026-09-12 19:13:25,,23,0.934,0.332,22.41
2026-09-12 19:13:47,,23,0.937,0.332,22.483
2026-09-12 19:14:08,,23,0.938,0.332,22.525
2026-09-12 19:14:30,,23,0.945,0.332,22.462
2026-09-12 19:14:52,,23,0.959,0.332,22.231
2026-09-12 19:15:13,,23,0.961,0.332,22.317
2026-09-12 19:15:35,,23,0.972,0.343,22.519
2026-09-12 19:15:56,,23,0.972,0.343,22.507
2026-09-12 19:16:18,,23,0.973,0.343,22.526
2026-09-12 19:16:39,,23,0.981,0.344,22.106
2026-09-12 19:17:01,,23,0.977,0.344,22.243
2026-09-12 19:17:22,,23,0.971,0.344,22.449
2026-09-12 19:17:44,,23,0.964,0.345,22.541
2026-09-12 19:18:06,,23,0.962,0.345,22.282
2026-09-12 19:18:27,,23,0.954,0.345,22.521
2026-09-12 19:18:49,,23,0.959,0.346,22.089
2026-09-12 19:19:10,,23,0.954,0.346,22.107
2026-09-12 19:19:32,,23,0.947,0.346,22.177
2026-09-12 19:19:53,,23,0.937,0.346,22.188
2026-09-12 19:20:15,,23,0.936,0.346,22.23
2026-09-12 19:20:37,,23,0.935,0.346,22.302
2026-09-12 19:20:58,,23,0.94,0.346,22.015
2026-09-12 19:21:20,,23,0.938,0.346,22.167
2026-09-12 19:21:41,,23,0.937,0.346,22.21
2026-09-12 19:22:03,,23,0.936,0.346,22.243
2026-09-12 19:22:24,,23,0.939,0.346,22.266
2026-09-12 19:22:46,,23,0.954,0.346,22.317
2026-09-12 19:23:07,,23,0.953,0.343,22.373
2026-09-12 19:23:29,,23,0.954,0.343,22.447
2026-09-12 19:23:50,,23,0.954,0.343,22.579
2026-09-12 19:24:12,,23,0.958,0.343,22.598
2026-09-12 19:24:34,,23,0.963,0.343,22.663
2026-09-12 19:24:55,,23,0.973,0.343,22.703
2026-09-12 19:25:17,,23,0.975,0.343,22.783
2026-09-12 19:25:38,,23,0.974,0.343,22.85
2026-09-12 19:26:00,,23,0.971,0.344,22.584
2026-09-12 19:26:21,,23,0.973,0.344,22.629
2026-09-12 19:26:43,,23,0.98,0.344,22.712
2026-09-12 19:27:04,,23,0.971,0.344,22.243
2026-09-12 19:27:26,,23,0.963,0.344,22.299
2026-09-12 19:27:48,,23,0.954,0.344,22.318
2026-09-12 19:28:09,,23,0.954,0.344,22.391
2026-09-12 19:28:31,,23,0.949,0.344,22.377
2026-09-12 19:28:52,,23,0.946,0.344,22.403
2026-09-12 19:29:14,,23,0.938,0.344,22.376
2026-09-12 19:29:35,,23,0.931,0.344,22.364
2026-09-12 19:29:57,,23,0.927,0.343,22.439
2026-09-12 19:30:18,,23,0.928,0.343,22.537
2026-09-12 19:30:40,,23,0.933,0.343,22.639
2026-09-12 19:31:01,,23,0.933,0.343,22.552
2026-09-12 19:31:23,,23,0.932,0.343,22.61
2026-09-12 19:31:44,,23,0.934,0.343,22.658
2026-09-12 19:32:06,,23,0.939,0.343,22.727
2026-09-12 19:32:27,,23,0.947,0.343,22.742
2026-09-12 19:32:49,,23,0.951,0.343,22.818
2026-09-12 19:33:10,,23,0.951,0.343,22.827
2026-09-12 19:33:32,,23,0.955,0.343,22.588
2026-09-12 19:33:53,,23,0.961,0.343,22.201
2026-09-12 19:34:15,,23,0.97,0.343,22.251
2026-09-12 19:34:37,,23,0.974,0.344,22.27
2026-09-12 19:34:59,,23,0.978,0.344,22.464
2026-09-12 19:35:20,,23,0.974,0.344,22.528
2026-09-12 19:35:42,,23,0.975,0.344,22.63
2026-09-12 19:36:03,,23,0.969,0.344,22.671
2026-09-12 19:36:25,,23,0.951,0.344,22.73
2026-09-12 19:36:47,,23,0.928,0.344,22.769
2026-09-12 19:37:09,,23,0.907,0.343,22.274
2026-09-12 19:37:30,,23,0.892,0.343,22.255
2026-09-12 19:37:52,,23,0.89,0.343,22.299
2026-09-12 19:38:13,,23,0.902,0.343,22.377
2026-09-12 19:38:35,,23,0.893,0.343,22.39
2026-09-12 19:38:56,,23,0.883,0.343,22.46
2026-09-12 19:39:18,,23,0.869,0.343,22.42
2026-09-12 19:39:39,,23,0.855,0.343,22.448
2026-09-12 19:40:01,,23,0.85,0.343,22.437
2026-09-12 19:40:23,,23,0.855,0.344,22.085
2026-09-12 19:40:45,,23,0.854,0.344,22.164
2026-09-12 19:41:07,,23,0.856,0.344,22.078
2026-09-12 19:41:29,,23,0.861,0.344,22.231
2026-09-12 19:41:50,,23,0.865,0.344,22.198
2026-09-12 19:42:12,,23,0.881,0.344,22.27
2026-09-12 19:42:33,,23,0.88,0.344,22.335
2026-09-12 19:42:55,,23,0.88,0.344,22.595
2026-09-12 19:43:17,,23,0.88,0.344,22.66
2026-09-12 19:43:38,,23,0.881,0.344,22.349
2026-09-12 19:44:00,,23,0.89,0.345,22.497
2026-09-12 19:44:21,,23,0.895,0.343,22.506
2026-09-12 19:44:43,,23,0.888,0.343,22.499
2026-09-12 19:45:04,,23,0.885,0.344,22.54
2026-09-12 19:45:26,,23,0.888,0.343,22.601
2026-09-12 19:45:47,,23,0.897,0.344,22.645
2026-09-12 19:46:09,,23,0.902,0.344,22.144
2026-09-12 19:46:30,,23,0.902,0.344,22.204
2026-09-12 19:46:52,,23,0.902,0.344,22.226
2026-09-12 19:47:13,,23,0.91,0.344,22.292
2026-09-12 19:47:35,,23,0.92,0.344,22.329
2026-09-12 19:47:57,,23,0.926,0.344,22.065
2026-09-12 19:48:18,,23,0.93,0.344,22.161
2026-09-12 19:48:40,,23,0.935,0.344,22.17
2026-09-12 19:49:01,,23,0.94,0.344,22.244
2026-09-12 19:49:23,,23,0.951,0.344,22.307
2026-09-12 19:49:44,,23,0.955,0.344,22.387
2026-09-12 19:50:06,,23,0.957,0.344,22.45
2026-09-12 19:50:28,,23,0.96,0.344,22.452
2026-09-12 19:50:49,,23,0.966,0.344,22.543
2026-09-12 19:51:11,,23,0.969,0.344,22.631
2026-09-12 19:51:32,,23,0.967,0.344,22.709
2026-09-12 19:51:54,,23,0.962,0.344,22.506
2026-09-12 19:52:15,,23,0.957,0.344,22.535
2026-09-12 19:52:37,,23,0.959,0.344,22.389
2026-09-12 19:52:59,,23,0.954,0.344,22.511
2026-09-12 19:53:20,,23,0.949,0.344,22.556
2026-09-12 19:53:42,,23,0.947,0.344,22.548
2026-09-12 19:54:04,,23,0.944,0.344,22.641
2026-09-12 19:54:25,,23,0.947,0.344,22.883
2026-09-12 19:54:47,,23,0.948,0.345,22.872
2026-09-12 19:55:09,,23,0.949,0.346,22.699
2026-09-12 19:55:31,,23,0.948,0.346,22.481
2026-09-12 19:55:52,,23,0.95,0.347,22.591
2026-09-12 19:56:14,,23,0.962,0.347,22.938
2026-09-12 19:56:36,,23,0.963,0.348,22.912
2026-09-12 19:56:58,,23,0.957,0.348,23.026
2026-09-12 19:57:20,,23,0.947,0.349,22.421
2026-09-12 19:57:41,,23,0.938,0.349,22.686
2026-09-12 19:58:04,,23,0.923,0.345,23.145
2026-09-12 19:58:26,,23,0.906,0.345,22.827
2026-09-12 19:58:48,,23,0.899,0.346,22.836
2026-09-12 19:59:10,,23,0.889,0.347,22.615
2026-09-12 19:59:32,,23,0.887,0.348,22.726
2026-09-12 19:59:53,,23,0.895,0.348,21.756
2026-09-12 20:00:15,,23,0.897,0.348,21.44
2026-09-12 20:00:37,,23,0.888,0.349,21.425
2026-09-12 20:00:59,,23,0.886,0.349,21.452
2026-09-12 20:01:21,,23,0.886,0.349,21.411
2026-09-12 20:01:42,,23,0.896,0.349,21.541
2026-09-12 20:02:04,,23,0.897,0.349,21.517
2026-09-12 20:02:25,,23,0.898,0.349,21.6
2026-09-12 20:02:47,,23,0.895,0.349,21.645
2026-09-12 20:03:08,,23,0.9,0.349,21.321
2026-09-12 20:03:30,,23,0.903,0.349,21.341
2026-09-12 20:03:51,,23,0.91,0.349,21.341
2026-09-12 20:04:13,,23,0.907,0.349,21.378
2026-09-12 20:04:34,,23,0.915,0.346,21.404
2026-09-12 20:04:56,,23,0.923,0.346,21.442
2026-09-12 20:05:17,,23,0.927,0.346,21.406
2026-09-12 20:05:39,,23,0.933,0.346,21.45
2026-09-12 20:06:03,,23,0.935,0.346,22.048
2026-09-12 20:06:25,,23,0.943,0.346,23.126
2026-09-12 20:06:47,,23,0.949,0.346,23.736
2026-09-12 20:07:09,,23,0.953,0.346,23.862
2026-09-12 20:07:30,,23,0.963,0.346,23.353
2026-09-12 20:07:51,,23,0.969,0.346,23.435
2026-09-12 20:08:13,,24,0.987,0.347,23.533
2026-09-12 20:08:35,,23,0.973,0.347,23.762
2026-09-12 20:08:58,,23,0.977,0.348,24.05
2026-09-12 20:09:19,,23,0.981,0.348,23.787
2026-09-12 20:09:41,,23,0.975,0.347,23.713
2026-09-12 20:10:03,,23,0.967,0.347,23.792
2026-09-12 20:10:25,,23,0.966,0.347,23.833
2026-09-12 20:10:47,,23,0.971,0.348,23.798
2026-09-12 20:11:09,,23,0.971,0.347,23.713
2026-09-12 20:11:30,,23,0.98,0.347,23.743
2026-09-12 20:11:52,,23,0.986,0.347,23.778
2026-09-12 20:12:14,,23,0.994,0.347,23.883
2026-09-12 20:12:35,,23,0.993,0.347,23.93
2026-09-12 20:12:57,,23,1.007,0.346,23.99
2026-09-12 20:13:19,,23,1.015,0.347,23.673
2026-09-12 21:27:59,,23,0.573,0.293,19.749
2026-09-12 21:28:21,,23,0.697,0.294,20.04
2026-09-12 21:28:42,,23,0.733,0.294,20.129
2026-09-12 21:29:04,,24,0.765,0.294,20.144
2026-09-12 21:29:25,,24,0.781,0.296,20.089
2026-09-12 21:29:47,,24,0.797,0.296,20.068
2026-09-12 21:30:08,,24,0.818,0.296,20.257
2026-09-12 21:30:30,,24,0.832,0.297,19.962
2026-09-12 21:30:51,,25,0.86,0.297,20.059
2026-09-12 21:31:12,,24,0.856,0.293,20.091
2026-09-12 21:31:34,,24,0.868,0.294,20.146
2026-09-12 21:31:55,,24,0.888,0.294,19.86
2026-09-12 21:32:16,,24,0.904,0.296,20.032
2026-09-12 21:32:38,,24,0.921,0.296,20.028
2026-09-12 21:32:59,,24,0.939,0.295,20.073
2026-09-12 21:33:20,,24,0.958,0.296,20.143
2026-09-12 21:33:42,,24,0.975,0.296,20.131
2026-09-12 21:34:03,,24,0.995,0.296,20.175
2026-09-12 21:34:24,,24,1.016,0.305,20.211
2026-09-12 21:34:46,,24,1.036,0.325,19.837
2026-09-12 21:35:07,,24,1.056,0.343,19.898
2026-09-12 21:35:28,,24,1.075,0.363,19.952
2026-09-12 21:35:50,,24,1.096,0.383,20.025
2026-09-12 21:36:11,,24,1.113,0.402,20.111
2026-09-12 21:36:32,,24,1.137,0.425,20.143
2026-09-12 21:36:54,,24,1.154,0.441,20.259
2026-09-12 21:37:15,,24,1.172,0.459,20.314
2026-09-12 21:37:37,,24,1.187,0.477,20.365
2026-09-12 21:37:58,,24,1.204,0.496,20.634
2026-09-12 21:38:19,,24,1.226,0.516,20.274
2026-09-12 21:38:40,,24,1.24,0.53,20.311
2026-09-12 21:39:02,,24,1.224,0.513,20.355
2026-09-12 21:39:23,,24,1.215,0.504,20.404
2026-09-12 21:39:44,,24,1.202,0.491,20.447
2026-09-12 21:40:06,,24,1.195,0.483,20.489
2026-09-12 21:40:27,,24,1.184,0.473,20.539
2026-09-12 21:40:48,,24,1.172,0.461,20.577
2026-09-12 21:41:10,,24,1.164,0.454,20.615
2026-09-12 21:41:31,,24,1.153,0.443,20.708
2026-09-12 21:41:52,,24,1.14,0.431,20.743
2026-09-12 21:42:14,,24,1.134,0.424,20.82
2026-09-12 21:42:35,,24,1.13,0.419,20.935
2026-09-12 21:42:56,,24,1.121,0.41,20.641
2026-09-12 21:43:18,,24,1.119,0.407,20.664
2026-09-12 21:43:39,,24,1.122,0.409,20.785
2026-09-12 21:44:00,,24,1.144,0.432,20.774
2026-09-12 21:44:21,,24,1.166,0.453,20.811
2026-09-12 21:44:43,,24,1.185,0.472,20.903
2026-09-12 21:45:04,,24,1.206,0.493,20.957
2026-09-12 21:45:25,,24,1.226,0.513,20.987
2026-09-12 21:45:47,,24,1.255,0.541,21.056
2026-09-12 21:46:08,,24,1.281,0.566,21.114
2026-09-12 21:46:30,,24,1.323,0.588,20.914
2026-09-12 21:46:51,,24,1.339,0.605,20.931
2026-09-12 21:47:12,,24,1.314,0.579,21.048
2026-09-12 21:47:34,,24,1.253,0.518,21.162
2026-09-12 21:47:56,,24,1.19,0.456,21.199
2026-09-12 21:48:17,,24,1.13,0.394,21.188
2026-09-12 21:48:38,,24,1.073,0.337,21.287
2026-09-12 21:49:00,,24,1.034,0.299,21.423
2026-09-12 21:49:21,,24,1.023,0.296,21.186
2026-09-12 21:49:42,,24,1.05,0.315,21.233
2026-09-12 21:50:04,,24,1.074,0.338,21.293
2026-09-12 21:50:25,,24,1.067,0.331,21.331
2026-09-12 21:50:46,,24,1.055,0.319,21.399
2026-09-12 21:51:08,,24,1.037,0.301,21.42
2026-09-12 21:51:29,,24,1.047,0.311,21.523
2026-09-12 21:51:51,,24,1.053,0.317,21.642
2026-09-12 21:52:12,,24,1.058,0.322,21.687
2026-09-12 21:52:34,,24,1.063,0.325,21.541
2026-09-12 21:52:55,,24,1.07,0.331,21.535
2026-09-12 21:53:16,,24,1.081,0.343,21.603
2026-09-12 21:53:38,,24,1.087,0.348,21.707
2026-09-12 21:53:59,,24,1.094,0.355,21.635
2026-09-12 21:54:21,,24,1.111,0.373,21.659
2026-09-12 21:54:42,,24,1.14,0.401,21.523
2026-09-12 21:55:03,,24,1.175,0.436,21.374
2026-09-12 21:55:25,,24,1.207,0.469,20.76
2026-09-12 21:55:46,,24,1.236,0.496,20.744
2026-09-12 21:56:07,,24,1.268,0.527,20.79
2026-09-12 21:56:29,,24,1.301,0.561,20.79
2026-09-12 21:56:50,,24,1.336,0.595,20.843
2026-09-12 21:57:11,,24,1.344,0.604,20.914
2026-09-12 21:57:33,,24,1.283,0.544,20.965
2026-09-12 21:57:54,,24,1.209,0.469,21.013
2026-09-12 21:58:15,,24,1.15,0.409,21.08
2026-09-12 21:58:37,,24,1.097,0.357,21.137
2026-09-12 21:58:58,,24,1.061,0.32,21.218
2026-09-12 21:59:19,,24,1.078,0.338,21.312
2026-09-12 21:59:40,,24,1.118,0.377,21.378
2026-09-12 22:00:02,,24,1.162,0.422,21.441
2026-09-12 22:00:23,,24,1.197,0.456,21.166
2026-09-12 22:00:44,,24,1.196,0.455,21.279
2026-09-12 22:01:06,,24,1.209,0.467,21.337
2026-09-12 22:01:27,,26,1.247,0.478,21.794
2026-09-12 22:01:49,,26,1.258,0.489,21.505
2026-09-12 22:02:10,,26,1.281,0.513,21.551
2026-09-12 22:02:31,,26,1.303,0.534,21.623
2026-09-12 22:02:52,,26,1.325,0.556,21.679
2026-09-12 22:03:14,,26,1.348,0.58,21.786
2026-09-12 22:03:35,,26,1.372,0.604,21.863
2026-09-12 22:03:56,,26,1.404,0.636,21.536
2026-09-12 22:04:18,,26,1.469,0.702,21.455
2026-09-12 22:04:39,,26,1.52,0.754,21.481
2026-09-12 22:05:00,,26,1.565,0.799,21.56
2026-09-12 22:05:21,,26,1.626,0.861,21.658
2026-09-12 22:05:43,,26,1.69,0.925,21.74
2026-09-12 22:06:04,,26,1.747,0.984,21.51
2026-09-12 22:06:25,,26,1.796,1.032,21.852
2026-09-12 22:06:47,,26,1.851,1.087,21.882
2026-09-12 22:07:08,,26,1.909,1.146,22.028
2026-09-12 22:07:29,,26,1.972,1.209,22.065
2026-09-12 22:07:50,,26,2.034,1.272,22.165
2026-09-12 22:08:12,,26,2.102,1.341,22.269
2026-09-12 22:08:33,,26,2.163,1.403,22.367
2026-09-12 22:08:54,,26,2.22,1.46,22.08
2026-09-12 22:09:15,,26,2.266,1.507,22.176
2026-09-12 22:09:37,,26,2.306,1.548,22.276
2026-09-12 22:09:58,,28,2.368,1.578,22.466
2026-09-12 22:10:19,,26,2.347,1.59,22.544
2026-09-12 22:10:40,,14,2.429,1.851,22.849
2026-09-12 22:11:01,,14,6.948,6.369,27.104
2026-09-12 22:11:22,,14,9.109,8.529,28.484
2026-09-12 22:11:43,,14,8.417,7.838,27.763
2026-09-12 22:12:04,,14,8.419,7.839,28.094
2026-09-12 22:12:25,,14,8.425,7.845,28.432
2026-09-12 22:12:46,,14,8.418,7.838,28.847
2026-09-12 22:13:07,,14,8.417,7.837,28.801
2026-09-12 22:13:28,,14,8.417,7.837,28.813
2026-09-12 22:13:49,,14,8.423,7.844,29.02
2026-09-12 22:14:10,leo__benef__search-on,14,6.677,6.099,26.721
2026-09-12 22:14:32,leo__benef__search-on,13,0.602,0.298,21.04
2026-09-12 22:14:53,leo__benef__search-on,13,0.603,0.298,20.749
2026-09-12 22:15:14,leo__benef__search-on,13,0.6,0.298,20.85
2026-09-12 22:15:35,leo__benef__search-on,13,4.398,3.821,24.772
2026-09-12 22:15:56,leo__benef__search-on,13,2.676,2.1,22.707
2026-09-12 22:16:17,mars_surface__raw__search-off,14,3.193,2.596,23.393
2026-09-12 22:16:38,mars_surface__raw__search-off,23,3.344,1.762,23.332
2026-09-12 22:17:00,mars_surface__raw__search-off,26,3.729,1.797,22.896
2026-09-12 22:17:21,mars_surface__raw__search-off,26,3.777,1.841,22.817
2026-09-12 22:17:43,mars_surface__raw__search-off,26,3.91,1.973,23.131
2026-09-12 22:18:04,mars_surface__raw__search-off,25,4.013,2.086,23.349
2026-09-12 22:18:26,mars_surface__raw__search-off,25,4.088,2.16,23.442
2026-09-12 22:18:47,mars_surface__raw__search-off,25,4.133,2.206,23.519
2026-09-12 22:19:08,,25,4.175,2.251,23.599
2026-09-12 22:19:30,,25,4.222,2.296,23.639
2026-09-12 22:19:51,,25,4.283,2.353,23.735
2026-09-12 22:20:12,,25,4.329,2.406,23.798
2026-09-12 22:20:34,,25,4.38,2.462,23.432
2026-09-12 22:20:56,,25,4.436,2.515,23.562
2026-09-12 22:21:17,,25,4.495,2.571,23.664
2026-09-12 22:21:38,,25,4.552,2.625,23.744
2026-09-12 22:22:00,,25,4.595,2.667,23.877
2026-09-12 22:22:21,,25,4.449,2.573,23.987
2026-09-12 22:22:42,,25,4.303,2.491,24.047
2026-09-12 22:23:04,,25,4.152,2.405,24.149
2026-09-12 22:23:25,,25,3.994,2.315,24.23
2026-09-12 22:23:47,,25,3.845,2.229,24.307
2026-09-12 22:24:08,,25,3.73,2.172,24.055
2026-09-12 22:24:29,,25,3.739,2.235,23.433
2026-09-12 22:24:51,,25,3.621,2.17,23.063
2026-09-12 22:25:12,,25,3.515,2.114,22.966
2026-09-12 22:25:34,,25,3.542,2.171,23.095
2026-09-12 22:25:55,,25,3.579,2.247,23.25
2026-09-12 22:26:16,,25,3.624,2.33,23.306
2026-09-12 22:26:38,,25,3.543,2.296,23.408
2026-09-12 22:26:59,,25,3.506,2.296,23.501
2026-09-12 22:27:21,,25,3.537,2.368,23.647
2026-09-12 22:27:42,,25,3.582,2.445,23.78
2026-09-12 22:28:04,,25,3.634,2.518,23.923
2026-09-12 22:28:25,,25,3.679,2.594,23.607
2026-09-12 22:28:47,,25,3.739,2.68,23.699
2026-09-12 22:29:08,,25,3.796,2.761,23.811
2026-09-12 22:29:30,,25,3.856,2.842,24.008
2026-09-12 22:29:51,,23,3.893,2.927,24.259
2026-09-12 22:30:12,,23,3.865,2.916,24.388
2026-09-12 22:30:34,,23,3.811,2.881,24.521
2026-09-12 22:30:55,,23,3.781,2.871,24.631
2026-09-12 22:31:17,,23,3.736,2.84,24.268
2026-09-12 22:31:38,,23,3.737,2.861,24.351
2026-09-12 22:31:59,,23,3.741,2.875,24.504
2026-09-12 22:32:21,,23,3.693,2.848,24.613
2026-09-12 22:32:42,,23,3.672,2.835,24.524
2026-09-12 22:33:03,,23,3.686,2.856,24.364
2026-09-12 22:33:25,,23,3.671,2.855,24.564
2026-09-12 22:33:46,,23,3.677,2.875,24.708
2026-09-12 22:34:08,,23,3.67,2.879,24.712
2026-09-12 22:34:29,,23,3.659,2.874,24.441
2026-09-12 22:34:51,,23,3.65,2.868,24.656
2026-09-12 22:35:12,,23,3.634,2.852,24.788
2026-09-12 22:35:33,,23,3.635,2.854,24.94
2026-09-12 22:35:55,,23,3.677,2.896,24.092
2026-09-12 22:36:16,,23,3.824,3.045,24.287
2026-09-12 22:36:38,,23,3.958,3.171,24.6
2026-09-12 22:36:59,,23,4.096,3.307,24.747
2026-09-12 22:37:20,,23,4.132,3.343,24.967
2026-09-12 22:37:42,,23,4.211,3.422,25.143
2026-09-12 22:38:03,,23,4.338,3.549,25.326
2026-09-12 22:38:25,,23,4.432,3.647,25.448
2026-09-12 22:38:46,,23,4.496,3.719,25.766
2026-09-12 22:39:08,,23,4.556,3.787,25.908
2026-09-12 22:39:30,,23,4.595,3.834,25.543
2026-09-12 22:39:51,,23,4.646,3.893,25.614
2026-09-12 22:40:13,,23,4.694,3.948,25.591
2026-09-12 22:40:34,,23,4.661,3.918,25.699
2026-09-12 22:40:56,,23,4.645,3.903,26.034
2026-09-12 22:41:18,,23,4.61,3.868,26.387
2026-09-12 22:41:40,,23,4.552,3.811,26.112
2026-09-12 22:42:02,,23,4.381,3.641,26.195
2026-09-12 22:42:24,,23,4.226,3.486,26.131
2026-09-12 22:42:45,,11,7.401,6.853,27.945
2026-09-12 22:43:06,,11,9.578,9.03,29.872
2026-09-12 22:43:27,,11,7.359,6.812,27.734
2026-09-12 22:43:49,,11,7.368,6.822,27.793
2026-09-12 22:44:11,,12,7.412,6.814,27.89
2026-09-12 22:44:32,,11,7.364,6.818,28.073
2026-09-12 22:44:53,,11,7.359,6.812,27.99
2026-09-12 22:45:15,,11,7.357,6.811,27.963
2026-09-12 22:45:36,,11,7.174,6.628,28.001
2026-09-12 22:45:57,mars_surface__raw__search-off,10,0.568,0.3,20.986
2026-09-12 22:46:18,mars_surface__raw__search-off,10,0.567,0.299,20.763
2026-09-12 22:46:39,mars_surface__raw__search-off,10,0.569,0.299,20.807
2026-09-12 22:47:01,mars_surface__raw__search-off,10,3.553,3.008,23.782
2026-09-12 22:47:22,mars_surface__raw__search-off,10,2.281,1.736,22.44
2026-09-12 22:47:44,mars_surface__raw__search-on,11,3.032,2.469,23.214
2026-09-12 22:48:05,mars_surface__raw__search-on,16,2.871,1.761,22.92
2026-09-12 22:48:26,mars_surface__raw__search-on,23,3.673,1.767,23.266
2026-09-12 22:48:48,mars_surface__raw__search-on,23,3.693,1.784,23.333
2026-09-12 22:49:10,mars_surface__raw__search-on,23,3.702,1.795,23.364
2026-09-12 22:49:32,mars_surface__raw__search-on,23,3.723,1.812,23.504
2026-09-12 22:49:54,mars_surface__raw__search-on,23,3.74,1.83,23.633
2026-09-12 22:50:15,mars_surface__raw__search-on,23,3.781,1.872,23.591
2026-09-12 22:50:37,,23,3.881,1.971,23.75
2026-09-12 22:50:59,,23,3.954,2.043,23.914
2026-09-12 22:51:21,,23,4.024,2.112,24.141
2026-09-12 22:51:42,,23,4.051,2.138,24.108
2026-09-12 22:52:04,,23,4.058,2.145,24.129
2026-09-12 22:52:26,,23,4.068,2.162,23.673
2026-09-12 22:52:48,,23,4.069,2.16,23.766
2026-09-12 22:53:09,,23,4.048,2.14,23.78
2026-09-12 22:53:31,,23,3.932,2.026,23.827
2026-09-12 22:53:53,,23,3.808,1.945,23.986
2026-09-12 22:54:14,,23,3.689,1.899,23.935
2026-09-12 22:54:36,,23,3.521,1.806,23.962
2026-09-12 22:54:58,,23,3.472,1.824,24.003
2026-09-12 22:55:19,,23,3.419,1.833,23.734
2026-09-12 22:55:41,,23,3.37,1.847,23.764
2026-09-12 22:56:03,,23,3.271,1.803,23.811
2026-09-12 22:56:25,,23,3.127,1.71,24.028
2026-09-12 22:56:46,,23,2.993,1.623,24.076
2026-09-12 22:57:08,,23,2.876,1.533,24.055
2026-09-12 22:57:30,,23,2.765,1.456,23.87
2026-09-12 22:57:51,,23,2.642,1.374,23.681
2026-09-12 22:58:13,,23,2.523,1.3,23.74
2026-09-12 22:58:35,,23,2.404,1.227,23.413
2026-09-12 22:58:57,,23,2.297,1.162,23.415
2026-09-12 22:59:19,,23,2.207,1.097,23.424
2026-09-12 22:59:41,,23,2.13,1.04,23.543
2026-09-12 23:00:03,,23,2.039,0.983,23.669
2026-09-12 23:00:25,,23,1.973,0.938,23.626
2026-09-12 23:00:47,,23,1.901,0.89,23.506
2026-09-12 23:01:09,,23,1.853,0.864,23.729
2026-09-12 23:01:31,,23,1.801,0.831,23.748
2026-09-12 23:01:53,,23,1.765,0.808,23.947
2026-09-12 23:02:14,,23,1.725,0.79,23.783
2026-09-12 23:02:36,,23,1.676,0.761,23.803
2026-09-12 23:02:58,,23,1.632,0.734,23.811
2026-09-12 23:03:19,,23,1.593,0.715,23.799
2026-09-12 23:03:41,,23,1.55,0.688,23.842
2026-09-12 23:04:02,,23,1.514,0.665,23.824
2026-09-12 23:04:24,,23,1.476,0.645,23.908
2026-09-12 23:04:46,,23,1.453,0.631,23.971
2026-09-12 23:05:07,,23,1.417,0.61,23.053
2026-09-12 23:05:29,,23,1.388,0.595,23.031
2026-09-12 23:05:50,,23,1.361,0.577,23.059
2026-09-12 23:06:12,,23,1.357,0.579,23.117
2026-09-12 23:06:33,,23,1.373,0.595,22.624
2026-09-12 23:06:55,,23,1.387,0.612,22.671
2026-09-12 23:07:16,,23,1.395,0.623,22.699
2026-09-12 23:07:37,,23,1.418,0.645,22.752
2026-09-12 23:07:59,,23,1.436,0.663,22.806
2026-09-12 23:08:21,,23,1.474,0.687,22.838
2026-09-12 23:08:42,,23,1.488,0.705,23.164
2026-09-12 23:09:04,,23,1.503,0.726,23.172
2026-09-12 23:09:26,,23,1.518,0.742,23.128
2026-09-12 23:09:47,,23,1.533,0.764,23.204
2026-09-12 23:10:09,,23,1.55,0.781,23.441
2026-09-12 23:10:30,,23,1.563,0.805,23.506
2026-09-12 23:10:52,,23,1.579,0.825,23.472
2026-09-12 23:11:14,,23,1.594,0.848,23.475
2026-09-12 23:11:35,,23,1.613,0.872,23.489
2026-09-12 23:11:57,,23,1.63,0.893,23.597
2026-09-12 23:12:18,,23,1.607,0.872,23.932
2026-09-12 23:12:40,,23,1.594,0.858,23.974
2026-09-12 23:13:02,,23,1.558,0.823,23.403
2026-09-12 23:13:23,,23,1.524,0.79,23.523
2026-09-12 23:13:45,,23,1.509,0.776,23.41
2026-09-12 23:14:07,,23,1.488,0.755,23.256
2026-09-12 23:14:28,,23,1.463,0.73,22.926
2026-09-12 23:14:50,,23,1.438,0.706,23.28
2026-09-12 23:15:12,,23,1.411,0.679,23.33
2026-09-12 23:15:34,,23,1.389,0.658,23.372
2026-09-12 23:15:55,,23,1.378,0.644,23.318
2026-09-12 23:16:17,,23,1.363,0.632,23.358
2026-09-12 23:16:39,,23,1.346,0.617,23.358
2026-09-12 23:17:01,,23,1.332,0.603,23.489
2026-09-12 23:17:22,,23,1.34,0.611,23.662
2026-09-12 23:17:44,,23,1.333,0.608,23.679
2026-09-12 23:18:06,,23,1.327,0.598,23.751
2026-09-12 23:18:28,,23,1.33,0.595,23.357
2026-09-12 23:18:49,,23,1.325,0.593,23.355
2026-09-12 23:19:11,,23,1.336,0.599,23.58
2026-09-12 23:19:33,,23,1.362,0.628,23.293
2026-09-12 23:19:55,,23,1.394,0.66,23.129
2026-09-12 23:20:16,,23,1.425,0.689,22.852
2026-09-12 23:20:38,,23,1.46,0.723,22.774
2026-09-12 23:21:00,,23,1.493,0.754,22.898
2026-09-12 23:21:21,,23,1.525,0.79,22.931
2026-09-12 23:21:43,,23,1.555,0.819,22.961
2026-09-12 23:22:04,,23,1.591,0.855,22.991
2026-09-12 23:22:26,,23,1.627,0.89,23.045
2026-09-12 23:22:48,,23,1.656,0.922,23.089
2026-09-12 23:23:09,,23,1.692,0.96,23.218
2026-09-12 23:23:31,,23,1.723,0.987,23.256
2026-09-12 23:23:53,,23,1.76,1.023,22.96
2026-09-12 23:24:14,,23,1.791,1.059,23.014
2026-09-12 23:24:36,,23,1.822,1.091,23.063
2026-09-12 23:24:57,,23,1.862,1.127,23.127
2026-09-12 23:25:19,,23,1.893,1.161,23.178
2026-09-12 23:25:41,,23,1.914,1.183,23.193
2026-09-12 23:26:02,,23,1.929,1.198,23.202
2026-09-12 23:26:24,,23,1.914,1.181,22.692
2026-09-12 23:26:45,,23,1.884,1.153,22.542
2026-09-12 23:27:07,,23,1.864,1.133,22.371
2026-09-12 23:27:28,,23,1.829,1.101,22.502
2026-09-12 23:27:50,,23,1.806,1.075,23.265
2026-09-12 23:28:12,,23,1.806,1.076,23.35
2026-09-12 23:28:33,,23,1.785,1.057,23.033
2026-09-12 23:28:55,,23,1.771,1.04,23.217
2026-09-12 23:29:17,,23,1.74,1.011,23.037
2026-09-12 23:29:39,,23,1.72,0.997,23.126
2026-09-12 23:30:01,,23,1.699,0.982,23.211
2026-09-12 23:30:22,,23,1.695,0.977,23.326
2026-09-12 23:30:44,,23,1.71,0.99,23.33
2026-09-12 23:31:06,,23,1.735,1.017,23.167
2026-09-12 23:31:28,,23,1.763,1.047,23.353
2026-09-12 23:31:49,,23,1.799,1.082,23.11
2026-09-12 23:32:11,,23,1.839,1.121,23.216
2026-09-12 23:32:33,,23,1.882,1.161,23.292
2026-09-12 23:32:55,,23,1.923,1.203,23.333
2026-09-12 23:33:17,,23,1.964,1.245,23.41
2026-09-12 23:33:39,,23,2.008,1.289,23.632
2026-09-12 23:34:01,,23,2.048,1.33,23.451
2026-09-12 23:34:22,,23,2.102,1.383,23.623
2026-09-12 23:34:44,,23,2.153,1.433,23.688
2026-09-12 23:35:06,,23,2.201,1.482,23.765
2026-09-12 23:35:27,,23,2.26,1.541,23.858
2026-09-12 23:35:51,,23,2.308,1.588,24.203
2026-09-12 23:36:12,,23,2.346,1.626,23.784
2026-09-12 23:36:34,,23,2.366,1.646,23.964
2026-09-12 23:36:56,,23,2.375,1.657,23.896
2026-09-12 23:37:18,,23,2.359,1.64,24.003
2026-09-12 23:37:39,,23,2.371,1.65,24.123
2026-09-12 23:38:01,,23,2.357,1.636,24.212
2026-09-12 23:38:22,,23,2.343,1.622,24.314
2026-09-12 23:38:44,,23,2.319,1.598,24.068
2026-09-12 23:39:06,,23,2.295,1.574,23.602
2026-09-12 23:39:28,,23,2.266,1.545,23.606
2026-09-12 23:39:50,,25,2.305,1.532,23.735
2026-09-12 23:40:11,,23,2.246,1.524,23.821
2026-09-12 23:40:33,,23,2.209,1.487,24.024
2026-09-12 23:40:55,,23,2.213,1.49,24.042
2026-09-12 23:41:17,,23,2.246,1.522,23.909
2026-09-12 23:41:38,,23,2.285,1.561,23.996
2026-09-12 23:42:00,,23,2.333,1.61,24.181
2026-09-12 23:42:21,,23,2.401,1.678,24.254
2026-09-12 23:42:43,,23,2.463,1.74,24.367
2026-09-12 23:43:05,,23,2.534,1.811,24.402
2026-09-12 23:43:26,,23,2.598,1.876,24.468
2026-09-12 23:43:48,,23,2.669,1.948,24.616
2026-09-12 23:44:10,,23,2.738,2.017,24.72
2026-09-12 23:44:31,,23,2.806,2.086,24.794
2026-09-12 23:44:53,,23,2.869,2.149,24.551
2026-09-12 23:45:15,,23,2.919,2.202,24.716
2026-09-12 23:45:37,,23,2.967,2.251,24.867
2026-09-12 23:45:59,,23,2.933,2.216,25.493
2026-09-12 23:46:21,,23,2.905,2.189,25.072
2026-09-12 23:46:43,,23,2.882,2.165,25.06
2026-09-12 23:47:04,,23,2.852,2.135,24.754
2026-09-12 23:47:26,,23,2.811,2.093,24.96
2026-09-12 23:47:48,,23,2.855,2.137,24.889
2026-09-12 23:48:10,,23,2.919,2.201,24.963
2026-09-12 23:48:31,,23,2.982,2.264,25.073
2026-09-12 23:48:53,,23,3.045,2.326,25.144
2026-09-12 23:49:15,,23,3.101,2.382,25.219
2026-09-12 23:49:36,,23,3.15,2.431,25.313
2026-09-12 23:49:58,,23,3.15,2.432,25.402
2026-09-12 23:50:20,,23,3.106,2.387,25.235
2026-09-12 23:50:41,,23,3.025,2.307,25.338
2026-09-12 23:51:03,,11,6.947,6.396,28.43
2026-09-12 23:51:24,,11,9.378,8.827,30.634
2026-09-12 23:51:45,,11,7.203,6.651,28.608
2026-09-12 23:52:06,,11,7.156,6.604,28.603
2026-09-12 23:52:28,,11,7.135,6.584,28.539
2026-09-12 23:52:49,,11,7.083,6.532,28.549
2026-09-12 23:53:11,,11,7.091,6.538,28.742
2026-09-12 23:53:32,,11,7.089,6.536,28.925
2026-09-12 23:53:53,mars_surface__raw__search-on,10,0.578,0.306,22.167
2026-09-12 23:54:14,mars_surface__raw__search-on,10,0.576,0.306,21.592
2026-09-12 23:54:35,mars_surface__raw__search-on,10,0.577,0.306,21.632
2026-09-12 23:54:57,mars_surface__raw__search-on,10,4.17,3.618,25.336
2026-09-12 23:55:18,mars_surface__raw__search-on,10,4.41,3.858,25.62
2026-09-12 23:55:40,mars_surface__benef__search-off,11,2.847,2.277,23.936
2026-09-12 23:56:01,mars_surface__benef__search-off,14,2.661,1.761,23.932
2026-09-12 23:56:23,mars_surface__benef__search-off,23,3.655,1.761,24.524
2026-09-12 23:56:44,mars_surface__benef__search-off,23,3.662,1.761,24.517
2026-09-12 23:57:06,mars_surface__benef__search-off,23,3.671,1.765,24.619
2026-09-12 23:57:28,mars_surface__benef__search-off,23,3.679,1.773,25.022
2026-09-12 23:57:50,mars_surface__benef__search-off,23,3.681,1.773,25.439
2026-09-12 23:58:11,mars_surface__benef__search-off,23,3.684,1.776,25.403
2026-09-12 23:58:33,,23,3.688,1.785,25.364
2026-09-12 23:58:55,,23,3.689,1.785,25.597
2026-09-12 23:59:17,,23,3.693,1.787,25.398
2026-09-12 23:59:39,,23,3.7,1.796,25.497
2026-09-13 00:00:00,,23,3.7,1.796,25.65
2026-09-13 00:00:22,,23,3.704,1.799,26.02
2026-09-13 00:00:44,,23,3.712,1.808,25.843
2026-09-13 00:01:06,,23,3.702,1.796,25.742
2026-09-13 00:01:28,,23,3.702,1.793,25.952
2026-09-13 00:01:50,,23,3.56,1.692,25.583
2026-09-13 00:02:11,,23,3.378,1.585,25.282
2026-09-13 00:02:33,,23,3.269,1.546,24.428
2026-09-13 00:02:55,,23,3.172,1.519,24.934
2026-09-13 00:03:16,,23,3.022,1.433,24.502
2026-09-13 00:03:38,,23,2.897,1.368,24.479
2026-09-13 00:03:59,,23,2.76,1.281,24.56
2026-09-13 00:04:21,,23,2.65,1.227,24.704
2026-09-13 00:04:42,,23,2.549,1.173,24.745
2026-09-13 00:05:03,,23,2.472,1.126,24.567
2026-09-13 00:05:25,,23,2.387,1.077,24.481
2026-09-13 00:05:46,,23,2.311,1.04,24.324
2026-09-13 00:06:08,,23,2.238,1.009,24.032
2026-09-13 00:06:29,,23,2.169,0.982,24.092
2026-09-13 00:06:52,,23,2.091,0.942,24.266
2026-09-13 00:07:13,,23,2.031,0.918,24.319
2026-09-13 00:07:35,,23,1.984,0.887,24.363
2026-09-13 00:07:57,,23,1.925,0.861,24.455
2026-09-13 00:08:18,,23,1.874,0.832,24.466
2026-09-13 00:08:40,,23,1.82,0.802,24.193
2026-09-13 00:09:01,,23,1.756,0.76,24.22
2026-09-13 00:09:23,,23,1.693,0.724,24.248
2026-09-13 00:09:45,,23,1.638,0.691,24.223
2026-09-13 00:10:06,,23,1.587,0.661,24.156
2026-09-13 00:10:28,,23,1.524,0.622,23.977
2026-09-13 00:10:49,,23,1.467,0.584,24.084
2026-09-13 00:11:11,,23,1.436,0.575,24.151
2026-09-13 00:11:32,,23,1.395,0.552,24.179
2026-09-13 00:11:54,,23,1.365,0.536,24.239
2026-09-13 00:12:16,,23,1.326,0.512,23.79
2026-09-13 00:12:37,,23,1.281,0.482,23.853
2026-09-13 00:12:59,,23,1.274,0.487,23.915
2026-09-13 00:13:20,,23,1.267,0.495,23.879
2026-09-13 00:13:41,,23,1.26,0.503,23.924
2026-09-13 00:14:03,,23,1.252,0.505,23.935
2026-09-13 00:14:25,,23,1.245,0.507,23.982
2026-09-13 00:14:46,,23,1.247,0.514,24.013
2026-09-13 00:15:08,,23,1.254,0.522,24.214
2026-09-13 00:15:30,,23,1.259,0.529,24.203
2026-09-13 00:15:52,,23,1.261,0.531,24.221
2026-09-13 00:16:14,,23,1.272,0.533,23.765
2026-09-13 00:16:35,,23,1.277,0.539,23.789
2026-09-13 00:16:57,,23,1.285,0.55,23.483
2026-09-13 00:17:19,,23,1.288,0.555,23.107
2026-09-13 00:17:41,,23,1.283,0.551,23.006
2026-09-13 00:18:03,,23,1.267,0.535,23.079
2026-09-13 00:18:25,,23,1.243,0.512,23.099
2026-09-13 00:18:46,,23,1.22,0.486,23.191
2026-09-13 00:19:08,,23,1.198,0.463,23.209
2026-09-13 00:19:29,,23,1.168,0.434,23.13
2026-09-13 00:19:51,,23,1.149,0.416,22.768
2026-09-13 00:20:12,,23,1.133,0.404,22.813
2026-09-13 00:20:34,,23,1.109,0.381,22.838
2026-09-13 00:20:55,,23,1.083,0.357,22.928
2026-09-13 00:21:17,,23,1.068,0.341,22.957
2026-09-13 00:21:38,,23,1.065,0.335,22.993
2026-09-13 00:22:00,,23,1.045,0.315,23.045
2026-09-13 00:22:22,,23,1.025,0.307,23.072
2026-09-13 00:22:43,,23,1.013,0.307,23.049
2026-09-13 00:23:04,,23,1.003,0.307,23.109
2026-09-13 00:23:26,,23,0.986,0.307,23.14
2026-09-13 00:23:48,,23,0.972,0.307,23.128
2026-09-13 00:24:09,,23,0.972,0.308,22.943
2026-09-13 00:24:31,,23,0.964,0.308,22.997
2026-09-13 00:24:52,,23,0.948,0.308,23.102
2026-09-13 00:25:14,,23,0.937,0.308,23.151
2026-09-13 00:25:35,,23,0.93,0.308,23.214
2026-09-13 00:25:57,,23,0.925,0.308,23.205
2026-09-13 00:26:18,,23,0.925,0.308,23.231
2026-09-13 00:26:40,,23,0.922,0.308,23.229
2026-09-13 00:27:01,,23,0.936,0.308,22.957
2026-09-13 00:27:23,,23,0.941,0.308,22.98
2026-09-13 00:27:44,,23,0.942,0.308,22.964
2026-09-13 00:28:06,,23,0.95,0.308,23.041
2026-09-13 00:28:27,,23,0.961,0.308,23.146
2026-09-13 00:28:49,,23,0.962,0.308,22.904
2026-09-13 00:29:10,,23,0.968,0.308,22.536
2026-09-13 00:29:32,,23,0.986,0.308,22.493
2026-09-13 00:29:53,,23,0.993,0.308,22.452
2026-09-13 00:30:15,,23,0.993,0.308,22.38
2026-09-13 00:30:36,,23,1.0,0.308,22.452
2026-09-13 00:30:57,,23,1.012,0.308,22.488
2026-09-13 00:31:19,,23,1.011,0.308,22.518
2026-09-13 00:31:40,,23,0.994,0.308,22.502
2026-09-13 00:32:02,,23,0.958,0.308,22.183
2026-09-13 00:32:23,,23,0.92,0.308,22.207
2026-09-13 00:32:45,,23,0.883,0.308,22.206
2026-09-13 00:33:06,,23,0.862,0.308,22.193
2026-09-13 00:33:28,,23,0.845,0.308,22.24
2026-09-13 00:33:49,,23,0.825,0.308,22.248
2026-09-13 00:34:11,,23,0.82,0.308,22.283
2026-09-13 00:34:32,,23,0.837,0.308,22.337
2026-09-13 00:34:54,,23,0.841,0.308,22.549
2026-09-13 00:35:16,,23,0.841,0.309,22.73
2026-09-13 00:35:38,,23,0.838,0.309,22.412
2026-09-13 00:35:59,,23,0.833,0.309,22.524
2026-09-13 00:36:21,,23,0.817,0.309,22.498
2026-09-13 00:36:42,,23,0.818,0.309,22.567
2026-09-13 00:37:04,,23,0.811,0.309,22.729
2026-09-13 00:37:26,,23,0.802,0.309,22.744
2026-09-13 00:37:48,,23,0.8,0.309,22.78
2026-09-13 00:38:10,,23,0.806,0.309,22.824
2026-09-13 00:38:32,,23,0.812,0.309,22.893
2026-09-13 00:38:54,,23,0.815,0.308,22.658
2026-09-13 00:39:16,,23,0.817,0.308,22.709
2026-09-13 00:39:38,,23,0.824,0.308,22.755
2026-09-13 00:40:00,,23,0.814,0.308,22.794
2026-09-13 00:40:22,,23,0.803,0.308,22.844
2026-09-13 00:40:44,,23,0.803,0.308,22.873
2026-09-13 00:41:06,,23,0.801,0.308,22.912
2026-09-13 00:41:28,,23,0.801,0.308,22.97
2026-09-13 00:41:50,,23,0.8,0.308,23.014
2026-09-13 00:42:12,,23,0.797,0.309,23.089
2026-09-13 00:42:34,,23,0.798,0.309,22.758
2026-09-13 00:42:56,,23,0.807,0.308,22.834
2026-09-13 00:43:19,,23,0.812,0.308,22.832
2026-09-13 00:43:40,,23,0.814,0.308,22.864
2026-09-13 00:44:03,,23,0.816,0.308,22.909
2026-09-13 00:44:25,,23,0.823,0.308,23.0
2026-09-13 00:44:47,,23,0.826,0.308,23.055
2026-09-13 00:45:09,,23,0.834,0.309,23.066
2026-09-13 00:45:30,,23,0.84,0.309,23.128
2026-09-13 00:45:52,,23,0.853,0.309,23.127
2026-09-13 00:46:14,,23,0.858,0.309,22.69
2026-09-13 00:46:36,,23,0.862,0.309,22.276
2026-09-13 00:46:58,,23,0.865,0.309,22.437
2026-09-13 00:47:20,,23,0.87,0.309,22.437
2026-09-13 00:47:41,,23,0.874,0.309,22.496
2026-09-13 00:48:05,,23,0.878,0.309,22.54
2026-09-13 00:48:27,,23,0.876,0.308,22.644
2026-09-13 00:48:49,,23,0.884,0.308,22.643
2026-09-13 00:49:11,,23,0.889,0.308,22.674
2026-09-13 00:49:33,,23,0.894,0.308,22.695
2026-09-13 00:49:55,,23,0.891,0.309,22.805
2026-09-13 00:50:17,,23,0.882,0.308,22.85
2026-09-13 00:50:39,,23,0.873,0.308,22.861
2026-09-13 00:51:01,,23,0.874,0.309,22.925
2026-09-13 00:51:23,,23,0.872,0.309,22.986
2026-09-13 00:51:45,,23,0.869,0.308,22.651
2026-09-13 00:52:07,,23,0.863,0.309,22.762
2026-09-13 00:52:29,,23,0.863,0.309,22.791
2026-09-13 00:52:51,,23,0.862,0.309,22.85
2026-09-13 00:53:13,,23,0.856,0.309,22.85
2026-09-13 00:53:34,,23,0.851,0.309,22.793
2026-09-13 00:53:56,,23,0.846,0.309,22.911
2026-09-13 00:54:20,,23,0.849,0.31,23.3
2026-09-13 00:54:42,,23,0.85,0.308,23.502
2026-09-13 00:55:04,,23,0.855,0.309,23.562
2026-09-13 00:55:26,,23,0.866,0.309,23.037
2026-09-13 00:55:48,,23,0.872,0.308,23.073
2026-09-13 00:56:10,,23,0.875,0.309,23.064
2026-09-13 00:56:33,,23,0.88,0.309,23.492
2026-09-13 00:56:55,,23,0.886,0.309,23.6
2026-09-13 00:57:19,,23,0.892,0.31,23.891
2026-09-13 00:57:41,,23,0.897,0.31,23.874
2026-09-13 00:58:04,,23,0.902,0.31,23.919
2026-09-13 00:58:26,,23,0.914,0.31,23.841
2026-09-13 00:58:48,,23,0.921,0.31,23.791
2026-09-13 00:59:10,,23,0.924,0.31,23.376
2026-09-13 00:59:32,,23,0.929,0.31,23.418
2026-09-13 00:59:54,,23,0.929,0.31,23.471
2026-09-13 01:00:16,,23,0.929,0.31,23.511
2026-09-13 01:00:38,,23,0.924,0.31,23.408
2026-09-13 01:01:00,,23,0.923,0.309,23.548
2026-09-13 01:01:22,,23,0.931,0.309,23.608
2026-09-13 01:01:44,,23,0.929,0.31,23.707
2026-09-13 01:02:06,,23,0.924,0.31,23.735
2026-09-13 01:02:28,,23,0.921,0.31,23.817
2026-09-13 01:02:50,,23,0.916,0.31,23.808
2026-09-13 01:03:12,,23,0.913,0.31,23.465
2026-09-13 01:03:33,,23,0.909,0.31,23.418
2026-09-13 01:03:55,,23,0.911,0.31,23.498
2026-09-13 01:04:17,,23,0.91,0.31,23.573
2026-09-13 01:04:39,,23,0.911,0.31,23.646
2026-09-13 01:05:01,,23,0.912,0.31,23.681
2026-09-13 01:05:23,,23,0.918,0.31,23.731
2026-09-13 01:05:45,,23,0.927,0.31,23.789
2026-09-13 01:06:07,,23,0.934,0.31,23.826
2026-09-13 01:06:29,,23,0.944,0.31,24.181
2026-09-13 01:06:52,,23,0.947,0.31,24.541
2026-09-13 01:07:15,,23,0.953,0.31,24.84
2026-09-13 01:07:37,,23,0.961,0.309,24.41
2026-09-13 01:07:59,,23,0.964,0.31,24.404
2026-09-13 01:08:21,,23,0.974,0.309,24.378
2026-09-13 01:08:43,,23,0.976,0.31,24.421
2026-09-13 01:09:05,,23,0.982,0.31,24.015
2026-09-13 01:09:27,,23,0.98,0.31,24.018
2026-09-13 01:09:49,,23,0.977,0.31,24.086
2026-09-13 01:10:11,,23,0.965,0.31,24.009
2026-09-13 01:10:33,,23,0.968,0.31,24.061
2026-09-13 01:10:55,,23,0.972,0.31,24.073
2026-09-13 01:11:17,,23,0.963,0.31,23.709
2026-09-13 01:11:39,,23,0.957,0.31,23.749
2026-09-13 01:12:00,,23,0.966,0.31,23.851
2026-09-13 01:12:22,,23,0.96,0.31,23.857
2026-09-13 01:12:44,,23,0.959,0.31,23.777
2026-09-13 01:13:06,,23,0.957,0.31,23.806
2026-09-13 01:13:28,,23,0.953,0.31,23.83
2026-09-13 01:13:50,,23,0.945,0.31,23.811
2026-09-13 01:14:12,,23,0.956,0.31,23.816
2026-09-13 01:14:34,,23,0.957,0.309,23.767
2026-09-13 01:14:56,,23,0.958,0.31,23.796
2026-09-13 01:15:18,,23,0.963,0.309,23.823
2026-09-13 01:15:40,,23,0.975,0.309,23.902
2026-09-13 01:16:02,,23,0.984,0.31,23.541
2026-09-13 01:16:24,,23,0.988,0.31,23.548
2026-09-13 01:16:46,,23,1.001,0.31,23.633
2026-09-13 01:17:08,,23,1.01,0.31,23.645
2026-09-13 01:17:30,,23,1.012,0.31,23.714
2026-09-13 01:17:52,,23,1.019,0.31,23.56
2026-09-13 01:18:13,,23,1.018,0.31,23.613
2026-09-13 01:18:35,,23,1.012,0.31,23.639
2026-09-13 01:18:57,,23,1.011,0.31,23.708
2026-09-13 01:19:19,,23,1.009,0.31,23.709
2026-09-13 01:19:41,,23,1.003,0.31,23.744
2026-09-13 01:20:03,,23,1.008,0.31,23.792
2026-09-13 01:20:25,,23,1.0,0.31,23.697
2026-09-13 01:20:47,,23,1.002,0.31,23.757
2026-09-13 01:21:09,,23,0.996,0.31,23.81
2026-09-13 01:21:31,,23,0.996,0.31,23.829
2026-09-13 01:21:53,,23,0.992,0.31,23.933
2026-09-13 01:22:15,,23,0.996,0.31,24.235
2026-09-13 01:22:37,,23,0.992,0.311,23.773
2026-09-13 01:22:59,,23,0.998,0.311,23.86
2026-09-13 01:23:21,,23,1.001,0.311,23.846
2026-09-13 01:23:43,,23,1.006,0.311,23.852
2026-09-13 01:24:05,,23,1.017,0.311,23.9
2026-09-13 01:24:27,,23,1.018,0.311,23.979
2026-09-13 01:24:50,,23,1.03,0.316,24.061
2026-09-13 01:25:11,,23,1.036,0.324,24.023
2026-09-13 01:25:34,,23,1.042,0.33,24.079
2026-09-13 01:25:55,,23,1.051,0.34,24.099
2026-09-13 01:26:17,,23,1.058,0.344,24.123
2026-09-13 01:26:39,,23,1.053,0.34,23.764
2026-09-13 01:27:01,,23,1.052,0.337,23.967
2026-09-13 01:27:23,,23,1.046,0.33,24.085
2026-09-13 01:27:45,,23,1.052,0.335,24.111
2026-09-13 01:28:07,,23,1.049,0.335,24.089
2026-09-13 01:28:29,,23,1.044,0.331,24.207
2026-09-13 01:28:51,,23,1.046,0.331,24.252
2026-09-13 01:29:13,,23,1.036,0.32,24.315
2026-09-13 01:29:36,,23,1.022,0.312,24.066
2026-09-13 01:29:58,,23,1.013,0.313,24.09
2026-09-13 01:30:20,,23,1.005,0.313,24.065
2026-09-13 01:30:42,,23,0.999,0.312,24.126
2026-09-13 01:31:04,,23,0.996,0.313,23.934
2026-09-13 01:31:27,,23,0.998,0.313,23.932
2026-09-13 01:31:49,,23,0.994,0.313,23.555
2026-09-13 01:32:11,,23,0.994,0.314,23.621
2026-09-13 01:32:33,,23,1.0,0.313,23.633
2026-09-13 01:32:55,,23,1.004,0.313,23.591
2026-09-13 01:33:18,,23,1.014,0.314,23.713
2026-09-13 01:33:40,,23,1.017,0.314,23.749
2026-09-13 01:34:03,,24,1.044,0.314,23.903
2026-09-13 01:34:25,,23,1.036,0.319,23.529
2026-09-13 01:34:47,,23,1.041,0.325,23.568
2026-09-13 01:35:09,,23,1.036,0.322,23.626
2026-09-13 01:35:31,,23,1.037,0.325,23.669
2026-09-13 01:35:53,,23,1.032,0.32,23.761
2026-09-13 01:36:15,,23,1.027,0.314,23.801
2026-09-13 01:36:37,,23,0.999,0.313,23.78
2026-09-13 01:36:59,,23,0.989,0.314,23.942
2026-09-13 01:37:21,,23,0.957,0.314,23.602
2026-09-13 01:37:43,,23,0.931,0.314,23.619
2026-09-13 01:38:05,,24,0.956,0.314,23.761
2026-09-13 01:38:27,,23,0.943,0.315,23.887
2026-09-13 01:38:50,,23,0.922,0.317,23.748
2026-09-13 01:39:12,,23,0.914,0.317,23.869
2026-09-13 01:39:34,,23,0.904,0.317,23.891
2026-09-13 01:39:56,,23,0.894,0.319,24.058
2026-09-13 01:40:18,,23,0.885,0.319,24.048
2026-09-13 01:40:40,,23,0.88,0.315,23.85
2026-09-13 01:41:03,,23,0.887,0.315,23.923
2026-09-13 01:41:25,,23,0.892,0.315,24.001
2026-09-13 01:41:47,,23,0.895,0.316,24.054
2026-09-13 01:42:09,,23,0.903,0.316,24.043
2026-09-13 01:42:31,,23,0.907,0.316,24.115
2026-09-13 01:42:53,,23,0.906,0.316,24.152
2026-09-13 01:43:15,,23,0.916,0.316,23.749
2026-09-13 01:43:37,,23,0.917,0.316,23.789
2026-09-13 01:43:59,,23,0.924,0.317,24.16
2026-09-13 01:44:21,,23,0.922,0.317,24.906
2026-09-13 01:44:44,,23,0.922,0.317,25.104
2026-09-13 01:45:06,,23,0.926,0.317,24.875
2026-09-13 01:45:29,,23,0.924,0.317,25.413
2026-09-13 01:45:51,,23,0.927,0.317,25.039
2026-09-13 01:46:13,,23,0.929,0.317,25.063
2026-09-13 01:46:36,,23,0.933,0.317,25.07
2026-09-13 01:46:58,,23,0.94,0.317,25.114
2026-09-13 01:47:20,,23,0.949,0.317,25.239
2026-09-13 01:47:41,,23,0.965,0.317,24.728
2026-09-13 01:48:03,,23,0.972,0.315,24.783
2026-09-13 01:48:25,,23,0.975,0.315,24.772
2026-09-13 01:48:47,,23,0.988,0.315,24.325
2026-09-13 01:49:09,,23,0.996,0.315,24.409
2026-09-13 01:49:30,,23,1.009,0.315,24.459
2026-09-13 01:49:52,,23,1.01,0.315,24.593
2026-09-13 01:50:14,,23,1.014,0.315,24.657
2026-09-13 01:50:36,,23,1.027,0.315,24.683
2026-09-13 01:50:58,,23,1.033,0.315,24.801
2026-09-13 01:51:20,,23,1.029,0.315,24.819
2026-09-13 01:51:42,,23,1.033,0.316,24.87
2026-09-13 01:52:04,,23,1.023,0.315,24.425
2026-09-13 01:52:26,,23,1.022,0.315,24.46
2026-09-13 01:52:48,,23,1.017,0.315,24.557
2026-09-13 01:53:10,,23,1.008,0.315,24.544
2026-09-13 01:53:31,,23,1.006,0.316,24.641
2026-09-13 01:53:53,,23,1.005,0.316,24.632
2026-09-13 01:54:15,,23,1.011,0.316,24.784
2026-09-13 01:54:37,,23,1.021,0.318,24.856
2026-09-13 01:54:59,,23,1.019,0.31,24.932
2026-09-13 01:55:20,,23,1.026,0.315,24.907
2026-09-13 01:55:42,,23,1.038,0.327,24.968
2026-09-13 01:56:04,,23,1.046,0.333,24.492
2026-09-13 01:56:26,,23,1.061,0.347,24.491
2026-09-13 01:56:47,,23,1.068,0.354,24.57
2026-09-13 01:57:09,,23,1.081,0.366,24.608
2026-09-13 01:57:31,,23,1.093,0.376,24.733
2026-09-13 01:57:53,,23,1.097,0.38,24.78
2026-09-13 01:58:14,,23,1.098,0.382,24.926
2026-09-13 01:58:37,,23,1.096,0.379,25.24
2026-09-13 01:58:59,,23,1.087,0.368,25.156
2026-09-13 01:59:21,,23,1.083,0.367,25.054
2026-09-13 01:59:43,,23,1.076,0.359,24.924
2026-09-13 02:00:05,,23,1.071,0.355,24.993
2026-09-13 02:00:26,,23,1.074,0.356,24.296
2026-09-13 02:00:49,,23,1.063,0.345,24.177
2026-09-13 02:01:11,,23,1.056,0.338,24.404
2026-09-13 02:01:33,,23,1.047,0.33,24.658
2026-09-13 02:01:54,,23,1.038,0.321,24.777
2026-09-13 02:02:16,,23,1.047,0.329,24.842
2026-09-13 02:02:38,,23,1.043,0.324,24.892
2026-09-13 02:03:00,,23,1.043,0.325,25.013
2026-09-13 02:03:22,,23,1.056,0.337,25.055
2026-09-13 02:03:44,,23,1.049,0.332,25.088
2026-09-13 02:04:06,,23,1.053,0.336,24.603
2026-09-13 02:04:27,,23,1.07,0.351,24.612
2026-09-13 02:04:49,,23,1.079,0.36,24.708
2026-09-13 02:05:11,,23,1.092,0.375,24.293
2026-09-13 02:05:33,,23,1.102,0.385,24.31
2026-09-13 02:05:54,,23,1.114,0.397,24.337
2026-09-13 02:06:16,,23,1.122,0.403,24.39
2026-09-13 02:06:38,,23,1.131,0.412,24.442
2026-09-13 02:07:00,,23,1.142,0.424,24.524
2026-09-13 02:07:22,,23,1.141,0.424,24.952
2026-09-13 02:07:44,,23,1.143,0.426,25.01
2026-09-13 02:08:06,,23,1.143,0.424,25.117
2026-09-13 02:08:28,,23,1.139,0.42,25.161
2026-09-13 02:08:50,,23,1.139,0.419,25.208
2026-09-13 02:09:12,,23,1.125,0.406,25.412
2026-09-13 02:09:33,,23,1.117,0.398,25.448
2026-09-13 02:09:55,,23,1.112,0.392,25.022
2026-09-13 02:10:17,,23,1.097,0.376,25.177
2026-09-13 02:10:39,,23,1.102,0.382,24.716
2026-09-13 02:11:01,,23,1.085,0.368,24.419
2026-09-13 02:11:22,,23,1.077,0.36,24.521
2026-09-13 02:11:44,,23,1.083,0.364,24.538
2026-09-13 02:12:06,,23,1.084,0.364,24.602
2026-09-13 02:12:27,,23,1.09,0.372,24.16
2026-09-13 02:12:49,,23,1.093,0.375,24.058
2026-09-13 02:13:11,,23,1.107,0.39,24.087
2026-09-13 02:13:32,,23,1.115,0.396,24.118
2026-09-13 02:13:54,,23,1.13,0.412,24.212
2026-09-13 02:14:16,,23,1.138,0.421,24.239
2026-09-13 02:14:37,,23,1.154,0.437,23.839
2026-09-13 02:14:59,,23,1.162,0.443,23.919
2026-09-13 02:15:21,,23,1.171,0.452,23.911
2026-09-13 02:15:42,,23,1.186,0.468,23.96
2026-09-13 02:16:04,,23,1.189,0.471,24.007
2026-09-13 02:16:26,,23,1.201,0.482,24.073
2026-09-13 02:16:47,,23,1.194,0.475,24.074
2026-09-13 02:17:09,,23,1.204,0.486,24.103
2026-09-13 02:17:31,,23,1.197,0.479,24.149
2026-09-13 02:17:52,,23,1.214,0.493,24.215
2026-09-13 02:18:14,,23,1.201,0.481,24.225
2026-09-13 02:18:35,,23,1.197,0.478,24.287
2026-09-13 02:18:57,,23,1.187,0.467,24.325
2026-09-13 02:19:19,,23,1.191,0.471,24.353
2026-09-13 02:19:40,,23,1.172,0.452,23.865
2026-09-13 02:20:02,,23,1.166,0.448,23.926
2026-09-13 02:20:24,,23,1.165,0.447,23.846
2026-09-13 02:20:45,,23,1.163,0.443,23.821
2026-09-13 02:21:07,,23,1.161,0.44,23.876
2026-09-13 02:21:29,,23,1.165,0.446,23.923
2026-09-13 02:21:50,,23,1.173,0.456,23.996
2026-09-13 02:22:12,,23,1.188,0.469,24.017
2026-09-13 02:22:34,,23,1.202,0.481,24.078
2026-09-13 02:22:56,,23,1.212,0.493,24.137
2026-09-13 02:23:17,,23,1.217,0.5,24.247
2026-09-13 02:23:39,,23,1.239,0.518,24.24
2026-09-13 02:24:01,,23,1.247,0.524,24.01
2026-09-13 02:24:22,,23,1.263,0.543,24.043
2026-09-13 02:24:44,,23,1.261,0.542,24.048
2026-09-13 02:25:06,,23,1.27,0.549,24.132
2026-09-13 02:25:27,,23,1.268,0.545,24.177
2026-09-13 02:25:49,,23,1.262,0.543,24.22
2026-09-13 02:26:11,,23,1.259,0.541,24.264
2026-09-13 02:26:33,,23,1.239,0.518,24.281
2026-09-13 02:26:54,,23,1.188,0.466,24.259
2026-09-13 02:27:16,,23,1.156,0.436,23.743
2026-09-13 02:27:38,,23,1.114,0.394,23.754
2026-09-13 02:28:00,,23,1.127,0.405,23.435
2026-09-13 02:28:21,,23,1.112,0.391,23.473
2026-09-13 02:28:43,,23,1.091,0.372,23.509
2026-09-13 02:29:05,,23,1.083,0.361,23.584
2026-09-13 02:29:26,,23,1.025,0.317,23.618
2026-09-13 02:29:48,,23,0.977,0.317,23.708
2026-09-13 02:30:10,,23,0.94,0.317,23.767
2026-09-13 02:30:32,,23,0.957,0.317,23.823
2026-09-13 02:30:53,,23,0.968,0.317,23.822
2026-09-13 02:31:15,,23,0.959,0.317,23.876
2026-09-13 02:31:37,,23,0.953,0.317,23.945
2026-09-13 02:31:59,,23,0.933,0.317,23.965
2026-09-13 02:32:21,,23,0.912,0.317,23.97
2026-09-13 02:32:42,,23,0.901,0.317,23.629
2026-09-13 02:33:04,,23,0.918,0.317,23.671
2026-09-13 02:33:26,,23,0.934,0.317,23.735
2026-09-13 02:33:47,,23,0.934,0.317,23.751
2026-09-13 02:34:09,,23,0.931,0.317,23.781
2026-09-13 02:34:31,,23,0.93,0.317,23.863
2026-09-13 02:34:53,,23,0.92,0.318,23.89
2026-09-13 02:35:14,,23,0.921,0.318,23.868
2026-09-13 02:35:36,,23,0.934,0.318,23.949
2026-09-13 02:35:58,,23,0.946,0.318,23.977
2026-09-13 02:36:20,,23,0.947,0.318,23.94
2026-09-13 02:36:42,,23,0.952,0.319,23.776
2026-09-13 02:37:03,,23,0.959,0.319,23.866
2026-09-13 02:37:25,,23,0.963,0.319,23.959
2026-09-13 02:37:47,,23,0.96,0.319,23.97
2026-09-13 02:38:09,,23,0.982,0.319,24.015
2026-09-13 02:38:30,,23,1.004,0.319,24.185
2026-09-13 02:38:52,,23,1.024,0.319,24.406
2026-09-13 02:39:14,,23,1.046,0.321,24.29
2026-09-13 02:39:36,,23,1.058,0.332,24.213
2026-09-13 02:39:58,,23,1.062,0.336,23.758
2026-09-13 02:40:20,,23,1.048,0.323,23.79
2026-09-13 02:40:41,,23,1.065,0.339,23.905
2026-09-13 02:41:03,,23,1.062,0.335,23.929
2026-09-13 02:41:25,,23,1.081,0.354,23.544
2026-09-13 02:41:47,,23,1.104,0.377,23.581
2026-09-13 02:42:09,,23,1.127,0.4,23.678
2026-09-13 02:42:31,,23,1.151,0.423,23.762
2026-09-13 02:42:52,,23,1.17,0.444,23.802
2026-09-13 02:43:14,,23,1.193,0.466,23.881
2026-09-13 02:43:36,,23,1.216,0.489,23.896
2026-09-13 02:43:58,,23,1.23,0.503,23.932
2026-09-13 02:44:20,,23,1.247,0.519,23.942
2026-09-13 02:44:42,,23,1.258,0.531,24.205
2026-09-13 02:45:04,,23,1.276,0.548,24.066
2026-09-13 02:45:26,,23,1.294,0.567,24.124
2026-09-13 02:45:47,,23,1.317,0.59,24.286
2026-09-13 02:46:09,,23,1.331,0.604,24.017
2026-09-13 02:46:31,,23,1.322,0.594,23.962
2026-09-13 02:46:53,,23,1.271,0.544,24.011
2026-09-13 02:47:15,,23,1.292,0.565,24.052
2026-09-13 02:47:37,,23,1.318,0.59,24.122
2026-09-13 02:47:58,,23,1.319,0.591,24.196
2026-09-13 02:48:20,,23,1.332,0.604,24.264
2026-09-13 02:48:42,,23,1.291,0.563,24.264
2026-09-13 02:49:03,,23,1.256,0.528,24.329
2026-09-13 02:49:25,,23,1.202,0.473,24.41
2026-09-13 02:49:47,,23,1.18,0.451,24.572
2026-09-13 02:50:09,,23,1.173,0.443,24.747
2026-09-13 02:50:30,,23,1.183,0.453,24.381
2026-09-13 02:50:52,,23,1.201,0.472,24.344
2026-09-13 02:51:14,,23,1.229,0.5,24.525
2026-09-13 02:51:35,,23,1.233,0.504,24.497
2026-09-13 02:51:57,,23,1.212,0.482,24.512
2026-09-13 02:52:19,,23,1.219,0.489,24.572
2026-09-13 02:52:41,,23,1.215,0.485,24.681
2026-09-13 02:53:03,,23,1.191,0.462,24.585
2026-09-13 02:53:25,,23,1.188,0.459,24.662
2026-09-13 02:53:46,,23,1.215,0.485,24.709
2026-09-13 02:54:08,,23,1.185,0.456,24.447
2026-09-13 02:54:30,,23,1.162,0.433,23.999
2026-09-13 02:54:52,,23,1.149,0.42,24.052
2026-09-13 02:55:14,,23,1.144,0.414,23.71
2026-09-13 02:55:35,,23,1.098,0.369,23.763
2026-09-13 02:55:57,,23,1.104,0.376,23.894
2026-09-13 02:56:19,,23,1.134,0.405,23.891
2026-09-13 02:56:40,,23,1.163,0.434,24.043
2026-09-13 02:57:02,,23,1.185,0.455,24.052
2026-09-13 02:57:24,,23,1.203,0.473,24.068
2026-09-13 02:57:46,,23,1.218,0.489,24.123
2026-09-13 02:58:07,,23,1.235,0.505,24.251
2026-09-13 02:58:29,,23,1.21,0.48,24.278
2026-09-13 02:58:51,,23,1.213,0.483,24.442
2026-09-13 02:59:13,,23,1.222,0.492,24.442
2026-09-13 02:59:34,,23,1.259,0.528,24.516
2026-09-13 02:59:56,,23,1.289,0.559,24.603
2026-09-13 03:00:18,,23,1.295,0.564,24.648
2026-09-13 03:00:40,,23,1.277,0.547,24.264
2026-09-13 03:01:02,,23,1.267,0.538,24.345
2026-09-13 03:01:24,,23,1.255,0.525,24.401
2026-09-13 03:01:46,,23,1.229,0.498,24.488
2026-09-13 03:02:08,,23,1.237,0.508,24.628
2026-09-13 03:02:29,,23,1.278,0.548,24.863
2026-09-13 03:02:51,,23,1.325,0.595,24.632
2026-09-13 03:03:13,,23,1.378,0.648,24.722
2026-09-13 03:03:35,,23,1.396,0.665,24.461
2026-09-13 03:03:57,,23,1.397,0.666,24.554
2026-09-13 03:04:18,,23,1.379,0.648,24.677
2026-09-13 03:04:40,,23,1.351,0.62,24.829
2026-09-13 03:05:02,,23,1.331,0.599,24.898
2026-09-13 03:05:24,,23,1.347,0.616,24.751
2026-09-13 03:05:45,,23,1.413,0.682,24.143
2026-09-13 03:06:07,,23,1.48,0.749,24.306
2026-09-13 03:06:29,,23,1.558,0.826,24.388
2026-09-13 03:06:51,,23,1.611,0.878,24.452
2026-09-13 03:07:13,,23,1.612,0.88,24.533
2026-09-13 03:07:34,,23,1.628,0.895,24.622
2026-09-13 03:07:56,,23,1.666,0.934,24.833
2026-09-13 03:08:18,,23,1.726,0.993,24.851
2026-09-13 03:08:40,,23,1.678,0.944,24.607
2026-09-13 03:09:01,,23,1.744,1.01,24.747
2026-09-13 03:09:23,,23,1.805,1.071,24.954
2026-09-13 03:09:45,,23,1.867,1.133,25.003
2026-09-13 03:10:07,,23,1.875,1.14,25.001
2026-09-13 03:10:29,,23,1.875,1.14,25.151
2026-09-13 03:10:50,,23,1.817,1.082,25.242
2026-09-13 03:11:12,,23,1.736,1.002,25.294
2026-09-13 03:11:34,,23,1.628,0.894,25.4
2026-09-13 03:11:55,,23,1.512,0.779,24.911
2026-09-13 03:12:17,,23,1.47,0.735,25.031
2026-09-13 03:12:39,,23,1.526,0.791,25.133
2026-09-13 03:13:01,,23,1.553,0.817,24.843
2026-09-13 03:13:23,,23,1.545,0.809,24.908
2026-09-13 03:13:44,,23,1.542,0.807,25.024
2026-09-13 03:14:06,,23,1.509,0.772,25.122
2026-09-13 03:14:27,,11,7.011,6.447,30.474
2026-09-13 03:14:48,,11,8.902,8.338,31.586
2026-09-13 03:15:10,,11,8.225,7.661,30.266
2026-09-13 03:15:31,,11,8.101,7.537,30.242
2026-09-13 03:15:52,,11,8.098,7.534,30.311
2026-09-13 03:16:14,,11,8.102,7.538,30.294
2026-09-13 03:16:35,,11,8.095,7.531,30.41
2026-09-13 03:16:56,,11,8.101,7.537,30.508
2026-09-13 03:17:18,mars_surface__benef__search-off,10,0.588,0.318,22.443
2026-09-13 03:17:40,mars_surface__benef__search-off,10,0.586,0.319,22.207
2026-09-13 03:18:01,mars_surface__benef__search-off,10,0.589,0.319,22.179
2026-09-13 03:18:23,mars_surface__benef__search-off,10,0.604,0.319,22.261
2026-09-13 03:18:44,mars_surface__benef__search-off,10,4.489,3.925,26.117
2026-09-13 03:19:06,mars_surface__benef__search-off,10,3.894,3.331,25.678
2026-09-13 03:19:27,mars_surface__benef__search-on,11,2.996,2.414,24.654
2026-09-13 03:19:49,mars_surface__benef__search-on,15,2.777,1.761,24.177
2026-09-13 03:20:11,mars_surface__benef__search-on,23,3.666,1.762,24.803
2026-09-13 03:20:32,mars_surface__benef__search-on,23,3.657,1.751,24.8
2026-09-13 03:20:54,mars_surface__benef__search-on,23,3.657,1.749,24.81
2026-09-13 03:21:16,mars_surface__benef__search-on,23,3.658,1.749,24.882
2026-09-13 03:21:38,mars_surface__benef__search-on,23,3.659,1.749,24.95
2026-09-13 03:22:00,mars_surface__benef__search-on,23,3.333,1.523,24.914
2026-09-13 03:22:22,,23,2.947,1.305,25.041
2026-09-13 03:22:44,,23,2.503,1.058,25.064
2026-09-13 03:23:06,,23,2.313,0.91,25.021
2026-09-13 03:23:28,,23,2.139,0.737,24.827
2026-09-13 03:23:50,,23,2.031,0.626,24.713
2026-09-13 03:24:11,,23,1.915,0.51,24.63
2026-09-13 03:24:33,,23,1.829,0.425,24.599
2026-09-13 03:24:55,,23,1.758,0.354,24.149
2026-09-13 03:25:17,,23,1.698,0.321,24.128
2026-09-13 03:25:39,,23,1.666,0.321,24.298
2026-09-13 03:26:01,,23,1.616,0.321,23.974
2026-09-13 03:26:23,,23,1.573,0.321,24.057
2026-09-13 03:26:45,,23,1.541,0.321,24.071
2026-09-13 03:27:06,,23,1.512,0.321,24.103
2026-09-13 03:27:28,,23,1.488,0.318,23.829
2026-09-13 03:27:50,,23,1.473,0.318,23.748
2026-09-13 03:28:12,,23,1.47,0.318,23.741
2026-09-13 03:28:34,,23,1.469,0.318,23.769
2026-09-13 03:28:56,,23,1.468,0.318,23.875
2026-09-13 03:29:17,,23,1.465,0.318,23.48
2026-09-13 03:29:39,,23,1.462,0.318,23.502
2026-09-13 03:30:01,,23,1.462,0.318,23.58
2026-09-13 03:30:23,,23,1.462,0.318,23.634
2026-09-13 03:30:45,,23,1.463,0.318,23.651
2026-09-13 03:31:07,,23,1.464,0.318,23.688
2026-09-13 03:31:29,,23,1.454,0.326,23.823
2026-09-13 03:31:51,,23,1.419,0.326,23.757
2026-09-13 03:32:13,,23,1.379,0.326,24.07
2026-09-13 03:32:35,,23,1.337,0.326,24.555
2026-09-13 03:32:57,,23,1.294,0.326,24.363
2026-09-13 03:33:19,,23,1.256,0.326,24.548
2026-09-13 03:33:41,,23,1.226,0.326,24.645
2026-09-13 03:34:03,,23,1.211,0.326,23.977
2026-09-13 03:34:25,,23,1.19,0.326,23.457
2026-09-13 03:34:47,,23,1.163,0.326,23.459
2026-09-13 03:35:09,,23,1.146,0.326,23.102
2026-09-13 03:35:31,,23,1.123,0.326,23.137
2026-09-13 03:35:53,,23,1.098,0.326,23.146
2026-09-13 03:36:14,,23,1.073,0.326,23.218
2026-09-13 03:36:36,,23,1.054,0.326,23.372
2026-09-13 03:36:58,,23,1.036,0.326,23.45
2026-09-13 03:37:20,,23,1.021,0.326,23.193
2026-09-13 03:37:42,,23,1.005,0.326,23.195
2026-09-13 03:38:04,,23,0.991,0.326,23.338
2026-09-13 03:38:26,,23,0.975,0.326,23.405
2026-09-13 03:38:48,,23,0.955,0.326,23.48
2026-09-13 03:39:11,,23,0.942,0.326,23.303
2026-09-13 03:39:33,,23,0.932,0.326,23.294
2026-09-13 03:39:54,,23,0.921,0.328,23.536
2026-09-13 03:40:17,,23,0.912,0.329,23.2
2026-09-13 03:40:38,,23,0.898,0.331,23.319
2026-09-13 03:41:00,,23,0.885,0.329,23.613
2026-09-13 03:41:22,,23,0.873,0.329,23.499
2026-09-13 03:41:45,,23,0.872,0.33,23.294
2026-09-13 03:42:07,,23,0.877,0.33,23.355
2026-09-13 03:42:29,,23,0.878,0.33,23.574
2026-09-13 03:42:51,,23,0.877,0.33,23.683
2026-09-13 03:43:13,,23,0.869,0.33,23.642
2026-09-13 03:43:35,,23,0.862,0.331,23.516
2026-09-13 03:43:57,,23,0.857,0.331,22.878
2026-09-13 03:44:19,,23,0.856,0.331,22.738
2026-09-13 03:44:41,,23,0.869,0.331,22.587
2026-09-13 03:45:03,,23,0.869,0.331,22.566
2026-09-13 03:45:24,,23,0.869,0.331,22.604
2026-09-13 03:45:46,,23,0.869,0.331,22.649
2026-09-13 03:46:08,,23,0.875,0.331,22.713
2026-09-13 03:46:30,,23,0.887,0.331,22.859
2026-09-13 03:46:52,,23,0.884,0.331,22.871
2026-09-13 03:47:13,,23,0.879,0.331,22.902
2026-09-13 03:47:35,,23,0.889,0.331,22.49
2026-09-13 03:47:57,,23,0.879,0.328,22.505
2026-09-13 03:48:18,,23,0.87,0.328,22.639
2026-09-13 03:48:40,,23,0.857,0.328,22.639
2026-09-13 03:49:02,,23,0.877,0.328,22.682
2026-09-13 03:49:24,,23,0.89,0.328,22.787
2026-09-13 03:49:46,,23,0.908,0.328,22.779
2026-09-13 03:50:07,,23,0.891,0.328,22.852
2026-09-13 03:50:29,,23,0.884,0.328,22.894
2026-09-13 03:50:51,,23,0.871,0.328,22.963
2026-09-13 03:51:12,,23,0.867,0.328,22.988
2026-09-13 03:51:34,,23,0.866,0.328,23.055
2026-09-13 03:51:56,,23,0.878,0.328,22.635
2026-09-13 03:52:18,,23,0.894,0.328,22.752
2026-09-13 03:52:39,,23,0.908,0.328,22.824
2026-09-13 03:53:01,,23,0.93,0.328,22.797
2026-09-13 03:53:23,,23,0.939,0.328,22.786
2026-09-13 03:53:44,,23,0.946,0.328,22.924
2026-09-13 03:54:06,,23,0.917,0.328,22.917
2026-09-13 03:54:28,,23,0.906,0.328,23.011
2026-09-13 03:54:50,,23,0.886,0.328,23.004
2026-09-13 03:55:11,,23,0.876,0.328,22.683
2026-09-13 03:55:33,,23,0.873,0.328,22.758
2026-09-13 03:55:55,,23,0.886,0.328,22.761
2026-09-13 03:56:16,,23,0.891,0.329,22.851
2026-09-13 03:56:38,,23,0.909,0.329,22.929
2026-09-13 03:57:00,,23,0.915,0.329,22.933
2026-09-13 03:57:22,,23,0.909,0.329,23.005
2026-09-13 03:57:43,,23,0.886,0.33,23.029
2026-09-13 03:58:05,,23,0.865,0.33,23.099
2026-09-13 03:58:27,,23,0.851,0.33,23.205
2026-09-13 03:58:48,,23,0.839,0.33,23.282
2026-09-13 03:59:10,,23,0.838,0.331,23.277
2026-09-13 03:59:32,,23,0.838,0.331,23.417
2026-09-13 03:59:54,,23,0.839,0.331,22.986
2026-09-13 04:00:15,,23,0.838,0.331,22.944
2026-09-13 04:00:37,,23,0.839,0.331,22.961
2026-09-13 04:00:59,,23,0.841,0.331,23.023
2026-09-13 04:01:21,,23,0.841,0.331,23.102
2026-09-13 04:01:43,,23,0.84,0.331,23.217
2026-09-13 04:02:05,,23,0.841,0.331,23.43
2026-09-13 04:02:26,,23,0.84,0.331,23.526
2026-09-13 04:02:48,,23,0.843,0.331,23.424
2026-09-13 04:03:10,,23,0.841,0.331,23.41
2026-09-13 04:03:31,,23,0.842,0.331,22.791
2026-09-13 04:03:53,,23,0.842,0.331,22.925
2026-09-13 04:04:15,,23,0.842,0.331,22.908
2026-09-13 04:04:37,,23,0.842,0.331,23.01
2026-09-13 04:04:58,,23,0.843,0.331,23.057
2026-09-13 04:05:20,,23,0.842,0.329,23.02
2026-09-13 04:05:42,,23,0.845,0.33,23.084
2026-09-13 04:06:03,,23,0.846,0.33,23.197
2026-09-13 04:06:25,,23,0.85,0.329,23.283
2026-09-13 04:06:47,,23,0.849,0.328,23.324
2026-09-13 04:07:09,,23,0.842,0.328,23.372
2026-09-13 04:07:30,,23,0.837,0.328,22.826
2026-09-13 04:07:52,,23,0.837,0.328,22.973
2026-09-13 04:08:14,,23,0.838,0.328,22.92
2026-09-13 04:08:36,,23,0.837,0.328,22.955
2026-09-13 04:08:57,,23,0.838,0.328,23.009
2026-09-13 04:09:19,,23,0.839,0.328,23.099
2026-09-13 04:09:41,,23,0.839,0.328,23.112
2026-09-13 04:10:02,,23,0.84,0.328,23.143
2026-09-13 04:10:24,,23,0.84,0.328,23.164
2026-09-13 04:10:46,,23,0.839,0.328,23.287
2026-09-13 04:11:07,,23,0.839,0.328,22.908
2026-09-13 04:11:30,,23,0.838,0.328,23.015
2026-09-13 04:11:52,,23,0.839,0.329,23.251
2026-09-13 04:12:14,,23,0.843,0.33,23.331
2026-09-13 04:12:36,,23,0.84,0.33,23.405
2026-09-13 04:12:57,,23,0.841,0.33,22.955
2026-09-13 04:13:20,,23,0.841,0.33,23.148
2026-09-13 04:13:42,,23,0.84,0.329,23.176
2026-09-13 04:14:04,,23,0.84,0.329,23.135
2026-09-13 04:14:26,,23,0.841,0.33,23.42
2026-09-13 04:14:47,,23,0.841,0.33,22.996
2026-09-13 04:15:09,,23,0.84,0.33,23.092
2026-09-13 04:15:32,,23,0.843,0.331,23.267
2026-09-13 04:15:54,,23,0.844,0.332,23.481
2026-09-13 04:16:17,,23,0.841,0.332,23.652
2026-09-13 04:16:39,,23,0.843,0.332,23.12
2026-09-13 04:17:01,,24,0.859,0.332,23.234
2026-09-13 04:17:23,,23,0.847,0.333,23.141
2026-09-13 04:17:44,,23,0.845,0.333,22.683
2026-09-13 04:18:06,,23,0.846,0.333,22.725
2026-09-13 04:18:28,,23,0.844,0.332,22.825
2026-09-13 04:18:50,,23,0.844,0.332,22.861
2026-09-13 04:19:11,,23,0.845,0.332,22.858
2026-09-13 04:19:33,,23,0.845,0.332,22.926
2026-09-13 04:19:55,,23,0.846,0.332,22.957
2026-09-13 04:20:17,,23,0.844,0.331,23.051
2026-09-13 04:20:38,,23,0.846,0.331,22.599
2026-09-13 04:21:00,,23,0.844,0.331,22.632
2026-09-13 04:21:22,,23,0.846,0.332,22.738
2026-09-13 04:21:44,,23,0.845,0.332,22.804
2026-09-13 04:22:05,,23,0.846,0.332,22.711
2026-09-13 04:22:27,,23,0.844,0.333,22.84
2026-09-13 04:22:49,,23,0.843,0.333,22.889
2026-09-13 04:23:10,,23,0.843,0.334,22.989
2026-09-13 04:23:32,,23,0.843,0.334,23.047
2026-09-13 04:23:54,,23,0.845,0.335,23.079
2026-09-13 04:24:15,,23,0.845,0.335,23.099
2026-09-13 04:24:37,,23,0.841,0.331,23.195
2026-09-13 04:24:59,,23,0.842,0.332,23.228
2026-09-13 04:25:20,,23,0.842,0.332,22.707
2026-09-13 04:25:42,,23,0.842,0.332,22.69
2026-09-13 04:26:03,,23,0.843,0.332,22.782
2026-09-13 04:26:25,,23,0.844,0.332,22.847
2026-09-13 04:26:47,,23,0.846,0.332,22.894
2026-09-13 04:27:08,,23,0.845,0.332,22.927
2026-09-13 04:27:30,,23,0.845,0.332,23.012
2026-09-13 04:27:51,,23,0.846,0.332,23.047
2026-09-13 04:28:13,,23,0.847,0.332,23.116
2026-09-13 04:28:35,,23,0.846,0.332,23.171
2026-09-13 04:28:56,,23,0.847,0.332,23.194
2026-09-13 04:29:18,,23,0.845,0.332,23.236
2026-09-13 04:29:40,,23,0.844,0.332,22.662
2026-09-13 04:30:01,,23,0.845,0.332,22.96
2026-09-13 04:30:23,,23,0.846,0.332,22.967
2026-09-13 04:30:44,,23,0.846,0.332,23.014
2026-09-13 04:31:06,,23,0.846,0.332,23.067
2026-09-13 04:31:28,,23,0.848,0.332,23.106
2026-09-13 04:31:49,,23,0.853,0.332,23.189
2026-09-13 04:32:11,,23,0.855,0.332,22.729
2026-09-13 04:32:32,,23,0.859,0.332,22.706
2026-09-13 04:32:54,,23,0.857,0.332,22.661
2026-09-13 04:33:16,,23,0.851,0.333,22.749
2026-09-13 04:33:37,,23,0.845,0.333,22.832
2026-09-13 04:33:59,,23,0.846,0.333,22.893
2026-09-13 04:34:21,,23,0.845,0.333,22.964
2026-09-13 04:34:42,,23,0.846,0.333,23.023
2026-09-13 04:35:04,,23,0.847,0.333,23.005
2026-09-13 04:35:25,,23,0.847,0.333,23.049
2026-09-13 04:35:47,,23,0.852,0.333,23.166
2026-09-13 04:36:09,,23,0.849,0.333,23.168
2026-09-13 04:36:30,,23,0.853,0.333,22.696
2026-09-13 04:36:52,,23,0.851,0.333,22.757
2026-09-13 04:37:13,,23,0.851,0.333,22.797
2026-09-13 04:37:35,,23,0.85,0.332,22.85
2026-09-13 04:37:56,,23,0.851,0.332,22.833
2026-09-13 04:38:18,,23,0.851,0.332,22.889
2026-09-13 04:38:40,,23,0.851,0.332,22.915
2026-09-13 04:39:01,,23,0.851,0.332,22.962
2026-09-13 04:39:23,,23,0.851,0.332,23.042
2026-09-13 04:39:44,,23,0.852,0.332,23.132
2026-09-13 04:40:06,,23,0.852,0.333,23.213
2026-09-13 04:40:28,,23,0.851,0.332,23.265
2026-09-13 04:40:49,,23,0.851,0.332,22.754
2026-09-13 04:41:11,,23,0.851,0.333,22.789
2026-09-13 04:41:32,,23,0.848,0.332,22.832
2026-09-13 04:41:54,,23,0.849,0.332,22.955
2026-09-13 04:42:16,,23,0.849,0.332,22.962
2026-09-13 04:42:37,,23,0.848,0.332,22.954
2026-09-13 04:42:59,,23,0.849,0.332,23.012
2026-09-13 04:43:20,,23,0.85,0.333,23.077
2026-09-13 04:43:42,,23,0.851,0.333,23.126
2026-09-13 04:44:04,,23,0.853,0.333,23.197
2026-09-13 04:44:25,,23,0.853,0.333,23.239
2026-09-13 04:44:47,,23,0.854,0.332,23.289
2026-09-13 04:45:08,,23,0.852,0.333,22.757
2026-09-13 04:45:30,,23,0.852,0.333,22.803
2026-09-13 04:45:52,,23,0.851,0.332,22.885
2026-09-13 04:46:13,,23,0.852,0.333,22.921
2026-09-13 04:46:35,,23,0.852,0.333,22.993
2026-09-13 04:46:56,,23,0.852,0.333,23.068
2026-09-13 04:47:18,,23,0.852,0.333,23.075
2026-09-13 04:47:40,,23,0.852,0.333,23.111
2026-09-13 04:48:01,,23,0.854,0.333,23.187
2026-09-13 04:48:23,,23,0.853,0.333,23.204
2026-09-13 04:48:45,,23,0.855,0.333,23.266
2026-09-13 04:49:06,,23,0.856,0.333,22.768
2026-09-13 04:49:28,,23,0.858,0.333,22.815
2026-09-13 04:49:50,,23,0.857,0.333,22.868
2026-09-13 04:50:11,,23,0.848,0.333,22.928
2026-09-13 04:50:33,,23,0.849,0.333,22.963
2026-09-13 04:50:55,,23,0.847,0.333,23.06
2026-09-13 04:51:16,,23,0.847,0.333,23.035
2026-09-13 04:51:38,,23,0.848,0.333,23.133
2026-09-13 04:52:00,,23,0.848,0.333,23.15
2026-09-13 04:52:21,,23,0.85,0.333,23.167
2026-09-13 04:52:43,,23,0.853,0.333,23.229
2026-09-13 04:53:04,,23,0.848,0.333,23.349
2026-09-13 04:53:26,,23,0.849,0.333,22.825
2026-09-13 04:53:47,,23,0.849,0.333,22.868
2026-09-13 04:54:09,,23,0.849,0.333,22.918
2026-09-13 04:54:31,,23,0.847,0.333,22.997
2026-09-13 04:54:52,,23,0.848,0.333,22.985
2026-09-13 04:55:14,,23,0.849,0.333,22.988
2026-09-13 04:55:36,,23,0.849,0.333,23.031
2026-09-13 04:55:57,,23,0.849,0.333,23.09
2026-09-13 04:56:19,,23,0.85,0.333,23.2
2026-09-13 04:56:41,,23,0.852,0.334,23.275
2026-09-13 04:57:02,,23,0.851,0.334,23.281
2026-09-13 04:57:24,,23,0.851,0.334,22.762
2026-09-13 04:57:45,,23,0.851,0.334,22.838
2026-09-13 04:58:07,,23,0.853,0.333,22.872
2026-09-13 04:58:29,,23,0.852,0.333,22.892
2026-09-13 04:58:50,,23,0.855,0.333,22.945
2026-09-13 04:59:12,,23,0.854,0.333,23.008
2026-09-13 04:59:33,,23,0.852,0.333,23.024
2026-09-13 04:59:55,,23,0.853,0.333,23.165
2026-09-13 05:00:17,,23,0.854,0.333,23.256
2026-09-13 05:00:38,,23,0.851,0.333,23.311
2026-09-13 05:01:00,,23,0.852,0.333,23.368
2026-09-13 05:01:22,,23,0.852,0.333,23.419
2026-09-13 05:01:43,,23,0.852,0.333,23.461
2026-09-13 05:02:05,,23,0.851,0.333,22.91
2026-09-13 05:02:26,,23,0.852,0.333,22.998
2026-09-13 05:02:48,,23,0.852,0.333,23.037
2026-09-13 05:03:10,,23,0.853,0.333,23.07
2026-09-13 05:03:31,,23,0.853,0.333,23.149
2026-09-13 05:03:53,,23,0.854,0.333,23.092
2026-09-13 05:04:14,,23,0.853,0.333,23.119
2026-09-13 05:04:36,,23,0.855,0.333,23.22
2026-09-13 05:04:57,,23,0.854,0.333,23.325
2026-09-13 05:05:19,,23,0.853,0.333,23.421
2026-09-13 05:05:41,,23,0.853,0.333,23.433
2026-09-13 05:06:02,,23,0.854,0.333,23.475
2026-09-13 05:06:24,,23,0.854,0.333,22.976
2026-09-13 05:06:46,,23,0.854,0.333,23.05
2026-09-13 05:07:07,,23,0.855,0.334,23.062
2026-09-13 05:07:29,,23,0.855,0.333,23.08
2026-09-13 05:07:50,,23,0.856,0.333,23.19
2026-09-13 05:08:12,,23,0.862,0.333,23.219
2026-09-13 05:08:34,,23,0.867,0.333,23.271
2026-09-13 05:08:55,,23,0.874,0.333,23.349
2026-09-13 05:09:17,,23,0.872,0.334,23.338
2026-09-13 05:09:38,,23,0.868,0.334,22.898
2026-09-13 05:10:00,,23,0.86,0.334,23.033
2026-09-13 05:10:21,,23,0.853,0.334,23.111
2026-09-13 05:10:43,,23,0.854,0.334,23.105
2026-09-13 05:11:04,,23,0.855,0.334,23.159
2026-09-13 05:11:26,,23,0.853,0.334,23.169
2026-09-13 05:11:47,,23,0.855,0.334,23.264
2026-09-13 05:12:09,,23,0.851,0.334,23.284
2026-09-13 05:12:30,,23,0.849,0.333,23.319
2026-09-13 05:12:52,,23,0.85,0.333,23.374
2026-09-13 05:13:14,,23,0.849,0.333,23.401
2026-09-13 05:13:35,,23,0.849,0.333,22.928
2026-09-13 05:13:57,,23,0.848,0.333,22.932
2026-09-13 05:14:18,,23,0.849,0.333,23.002
2026-09-13 05:14:40,,23,0.85,0.333,23.064
2026-09-13 05:15:01,,23,0.852,0.333,23.103
2026-09-13 05:15:23,,23,0.856,0.333,23.165
2026-09-13 05:15:44,,23,0.857,0.333,23.22
2026-09-13 05:16:06,,23,0.857,0.333,23.188
2026-09-13 05:16:28,,23,0.857,0.334,23.326
2026-09-13 05:16:49,,23,0.86,0.334,23.307
2026-09-13 05:17:11,,23,0.86,0.334,23.051
2026-09-13 05:17:33,,23,0.862,0.334,22.663
2026-09-13 05:17:54,,23,0.859,0.334,22.624
2026-09-13 05:18:16,,23,0.859,0.334,22.591
2026-09-13 05:18:37,,23,0.857,0.334,22.637
2026-09-13 05:18:59,,23,0.86,0.334,22.679
2026-09-13 05:19:20,,23,0.853,0.334,22.732
2026-09-13 05:19:42,,23,0.851,0.333,22.765
2026-09-13 05:20:03,,23,0.851,0.333,22.801
2026-09-13 05:20:25,,23,0.85,0.333,22.912
2026-09-13 05:20:47,,23,0.85,0.333,22.968
2026-09-13 05:21:08,,23,0.85,0.333,23.011
2026-09-13 05:21:30,,23,0.851,0.333,23.028
2026-09-13 05:21:51,,23,0.853,0.333,22.518
2026-09-13 05:22:13,,23,0.853,0.333,22.554
2026-09-13 05:22:34,,23,0.859,0.333,22.67
2026-09-13 05:22:56,,23,0.856,0.333,22.722
2026-09-13 05:23:17,,23,0.856,0.333,22.747
2026-09-13 05:23:39,,23,0.859,0.333,22.792
2026-09-13 05:24:00,,23,0.857,0.333,22.862
2026-09-13 05:24:22,,23,0.858,0.333,22.908
2026-09-13 05:24:44,,23,0.858,0.334,22.985
2026-09-13 05:25:05,,23,0.858,0.334,23.041
2026-09-13 05:25:27,,23,0.856,0.334,23.058
2026-09-13 05:25:48,,23,0.859,0.334,23.099
2026-09-13 05:26:10,,23,0.871,0.334,23.149
2026-09-13 05:26:31,,23,0.874,0.334,22.605
2026-09-13 05:26:53,,23,0.87,0.334,22.642
2026-09-13 05:27:14,,23,0.865,0.334,22.706
2026-09-13 05:27:36,,23,0.856,0.334,22.751
2026-09-13 05:27:57,,23,0.857,0.334,22.78
2026-09-13 05:28:19,,23,0.857,0.334,22.852
2026-09-13 05:28:40,,23,0.857,0.334,22.908
2026-09-13 05:29:02,,23,0.856,0.334,22.99
2026-09-13 05:29:24,,23,0.86,0.334,23.074
2026-09-13 05:29:45,,23,0.852,0.334,22.661
2026-09-13 05:30:07,,23,0.852,0.334,22.697
2026-09-13 05:30:28,,23,0.852,0.334,22.656
2026-09-13 05:30:50,,23,0.852,0.334,22.767
2026-09-13 05:31:11,,23,0.855,0.334,22.823
2026-09-13 05:31:33,,23,0.853,0.334,22.861
2026-09-13 05:31:54,,23,0.855,0.334,22.937
2026-09-13 05:32:16,,23,0.854,0.334,22.992
2026-09-13 05:32:37,,23,0.859,0.334,22.958
2026-09-13 05:32:59,,23,0.856,0.334,22.998
2026-09-13 05:33:20,,23,0.856,0.334,23.059
2026-09-13 05:33:42,,23,0.856,0.334,23.144
2026-09-13 05:34:03,,23,0.855,0.334,23.128
2026-09-13 05:34:25,,23,0.857,0.335,22.604
2026-09-13 05:34:46,,23,0.858,0.335,22.642
2026-09-13 05:35:08,,23,0.862,0.335,22.693
2026-09-13 05:35:29,,23,0.862,0.335,22.741
2026-09-13 05:35:51,,23,0.865,0.335,22.793
2026-09-13 05:36:12,,23,0.862,0.335,22.84
2026-09-13 05:36:34,,23,0.856,0.335,22.914
2026-09-13 05:36:55,,23,0.856,0.335,23.045
2026-09-13 05:37:17,,23,0.857,0.335,23.07
2026-09-13 05:37:38,,23,0.856,0.335,23.162
2026-09-13 05:38:00,,23,0.856,0.335,23.198
2026-09-13 05:38:21,,23,0.858,0.335,23.223
2026-09-13 05:38:43,,23,0.857,0.335,22.631
2026-09-13 05:39:04,,23,0.862,0.335,22.695
2026-09-13 05:39:26,,23,0.855,0.335,22.828
2026-09-13 05:39:47,,23,0.855,0.335,22.946
2026-09-13 05:40:09,,23,0.856,0.335,23.139
2026-09-13 05:40:31,,23,0.857,0.336,22.795
2026-09-13 05:40:52,,23,0.859,0.337,23.034
2026-09-13 05:41:14,,23,0.856,0.335,23.256
2026-09-13 05:41:35,,23,0.857,0.335,22.899
2026-09-13 05:41:57,,23,0.854,0.335,22.885
2026-09-13 05:42:18,,23,0.855,0.336,23.011
2026-09-13 05:42:40,,23,0.86,0.336,23.241
2026-09-13 05:43:02,,23,0.873,0.337,23.295
2026-09-13 05:43:23,,25,0.897,0.337,22.868
2026-09-13 05:43:45,,25,0.898,0.337,22.891
2026-09-13 05:44:06,,25,0.893,0.337,22.933
2026-09-13 05:44:28,,25,0.882,0.337,22.98
2026-09-13 05:44:49,,25,0.883,0.337,23.026
2026-09-13 05:45:11,,25,0.883,0.337,23.078
2026-09-13 05:45:32,,25,0.884,0.337,23.114
2026-09-13 05:45:54,,25,0.884,0.337,23.171
2026-09-13 05:46:15,,25,0.882,0.337,23.203
2026-09-13 05:46:37,,25,0.88,0.337,23.249
2026-09-13 05:46:59,,25,0.882,0.337,23.278
2026-09-13 05:47:20,,25,0.88,0.337,22.858
2026-09-13 05:47:42,,25,0.881,0.337,22.875
2026-09-13 05:48:03,,25,0.882,0.338,23.005
2026-09-13 05:48:25,,25,0.883,0.338,23.006
2026-09-13 05:48:46,,25,0.88,0.336,23.06
2026-09-13 05:49:08,,25,0.881,0.337,23.084
2026-09-13 05:49:30,,25,0.887,0.337,23.124
2026-09-13 05:49:51,,25,0.884,0.337,23.195
2026-09-13 05:50:13,,25,0.886,0.337,23.166
2026-09-13 05:50:34,,25,0.886,0.337,23.217
2026-09-13 05:50:56,,25,0.886,0.337,23.281
2026-09-13 05:51:17,,25,0.884,0.337,23.317
2026-09-13 05:51:39,,25,0.886,0.337,22.807
2026-09-13 05:52:00,,25,0.885,0.337,22.887
2026-09-13 05:52:22,,25,0.878,0.337,22.901
2026-09-13 05:52:43,,25,0.878,0.337,22.941
2026-09-13 05:53:05,,25,0.879,0.337,23.027
2026-09-13 05:53:26,,25,0.879,0.337,23.052
2026-09-13 05:53:48,,25,0.88,0.337,23.099
2026-09-13 05:54:10,,25,0.881,0.337,23.219
2026-09-13 05:54:31,,25,0.885,0.337,23.208
2026-09-13 05:54:53,,25,0.883,0.337,23.302
2026-09-13 05:55:14,,25,0.887,0.337,23.306
2026-09-13 05:55:36,,25,0.886,0.337,23.366
2026-09-13 05:55:57,,25,0.884,0.337,22.865
2026-09-13 05:56:19,,25,0.884,0.337,22.924
2026-09-13 05:56:40,,25,0.885,0.337,22.973
2026-09-13 05:57:02,,25,0.885,0.337,23.012
2026-09-13 05:57:23,,25,0.885,0.337,23.061
2026-09-13 05:57:45,,25,0.889,0.338,23.095
2026-09-13 05:58:06,,25,0.9,0.338,23.162
2026-09-13 05:58:28,,25,0.902,0.337,23.233
2026-09-13 05:58:49,,25,0.905,0.337,23.332
2026-09-13 05:59:11,,25,0.901,0.337,23.427
2026-09-13 05:59:32,,25,0.889,0.337,23.493
2026-09-13 05:59:54,,25,0.885,0.337,23.519
2026-09-13 06:00:15,,23,0.856,0.338,22.924
2026-09-13 06:00:37,,23,0.853,0.338,22.986
2026-09-13 06:00:58,,23,0.86,0.338,22.991
2026-09-13 06:01:20,,23,0.856,0.338,23.05
2026-09-13 06:01:41,,23,0.857,0.338,22.804
2026-09-13 06:02:03,,23,0.857,0.338,22.721
2026-09-13 06:02:24,,23,0.857,0.338,22.716
2026-09-13 06:02:46,,23,0.856,0.338,22.785
2026-09-13 06:03:07,,23,0.856,0.338,22.817
2026-09-13 06:03:29,,23,0.857,0.338,22.858
2026-09-13 06:03:50,,23,0.857,0.338,22.896
2026-09-13 06:04:12,,23,0.856,0.338,22.944
2026-09-13 06:04:34,,23,0.856,0.338,22.999
2026-09-13 06:04:55,,23,0.856,0.338,22.519
2026-09-13 06:05:17,,23,0.858,0.338,22.615
2026-09-13 06:05:38,,23,0.858,0.338,22.649
2026-09-13 06:06:00,,23,0.862,0.337,22.716
2026-09-13 06:06:21,,23,0.87,0.337,22.725
2026-09-13 06:06:43,,23,0.876,0.338,22.79
2026-09-13 06:07:04,,23,0.874,0.338,22.91
2026-09-13 06:07:26,,23,0.862,0.338,22.975
2026-09-13 06:07:47,,23,0.856,0.338,23.025
2026-09-13 06:08:09,,23,0.857,0.338,23.014
2026-09-13 06:08:31,,23,0.857,0.338,22.528
2026-09-13 06:08:52,,23,0.859,0.338,22.633
2026-09-13 06:09:14,,23,0.857,0.338,22.683
2026-09-13 06:09:35,,23,0.86,0.338,22.744
2026-09-13 06:09:57,,23,0.858,0.338,22.793
2026-09-13 06:10:18,,23,0.859,0.338,22.844
2026-09-13 06:10:40,,23,0.859,0.338,22.892
2026-09-13 06:11:01,,23,0.859,0.338,22.878
2026-09-13 06:11:23,,23,0.86,0.338,22.983
2026-09-13 06:11:44,,23,0.856,0.338,23.05
2026-09-13 06:12:06,,23,0.858,0.338,23.078
2026-09-13 06:12:27,,23,0.859,0.338,23.121
2026-09-13 06:12:49,,23,0.859,0.338,22.618
2026-09-13 06:13:10,,23,0.859,0.338,22.641
2026-09-13 06:13:32,,23,0.857,0.337,22.763
2026-09-13 06:13:53,,23,0.857,0.338,22.762
2026-09-13 06:14:15,,23,0.856,0.338,22.83
2026-09-13 06:14:36,,23,0.854,0.338,22.918
2026-09-13 06:14:58,,23,0.855,0.338,22.963
2026-09-13 06:15:19,,23,0.856,0.338,22.962
2026-09-13 06:15:41,,23,0.855,0.338,23.034
2026-09-13 06:16:02,,23,0.856,0.338,23.056
2026-09-13 06:16:24,,23,0.856,0.338,23.12
2026-09-13 06:16:45,,23,0.856,0.338,23.208
2026-09-13 06:17:07,,23,0.856,0.338,23.235
2026-09-13 06:17:28,,23,0.856,0.338,22.735
2026-09-13 06:17:50,,23,0.857,0.338,22.723
2026-09-13 06:18:11,,23,0.857,0.338,22.784
2026-09-13 06:18:33,,23,0.855,0.338,22.869
2026-09-13 06:18:54,,23,0.856,0.338,22.931
2026-09-13 06:19:16,,23,0.868,0.338,22.979
2026-09-13 06:19:37,,23,0.879,0.338,22.985
2026-09-13 06:19:59,,23,0.879,0.338,23.059
2026-09-13 06:20:20,,23,0.878,0.338,23.106
2026-09-13 06:20:42,,23,0.868,0.339,23.139
2026-09-13 06:21:03,,23,0.859,0.339,23.235
2026-09-13 06:21:25,,23,0.86,0.339,23.257
2026-09-13 06:21:46,,23,0.863,0.339,22.724
2026-09-13 06:22:08,,23,0.858,0.339,22.749
2026-09-13 06:22:29,,23,0.855,0.338,22.849
2026-09-13 06:22:51,,23,0.856,0.338,22.88
2026-09-13 06:23:12,,23,0.856,0.338,22.916
2026-09-13 06:23:34,,23,0.859,0.339,23.018
2026-09-13 06:23:55,,23,0.861,0.339,23.059
2026-09-13 06:24:17,,23,0.861,0.339,23.086
2026-09-13 06:24:38,,23,0.866,0.339,23.173
2026-09-13 06:25:00,,23,0.861,0.339,23.204
2026-09-13 06:25:21,,23,0.861,0.339,23.227
2026-09-13 06:25:43,,23,0.862,0.339,23.275
2026-09-13 06:26:04,,23,0.863,0.339,22.694
2026-09-13 06:26:26,,23,0.865,0.339,22.778
2026-09-13 06:26:47,,23,0.87,0.339,22.837
2026-09-13 06:27:09,,23,0.879,0.339,22.911
2026-09-13 06:27:30,,23,0.867,0.339,22.929
2026-09-13 06:27:52,,23,0.859,0.339,22.958
2026-09-13 06:28:13,,23,0.86,0.339,23.063
2026-09-13 06:28:35,,23,0.86,0.339,23.193
2026-09-13 06:28:56,,23,0.861,0.339,23.323
2026-09-13 06:29:18,,23,0.861,0.339,22.964
2026-09-13 06:29:39,,23,0.869,0.338,22.994
2026-09-13 06:30:01,,23,0.862,0.338,22.974
2026-09-13 06:30:23,,23,0.862,0.338,23.014
2026-09-13 06:30:44,,23,0.862,0.338,23.071
2026-09-13 06:31:06,,23,0.861,0.338,23.078
2026-09-13 06:31:27,,23,0.862,0.338,23.121
2026-09-13 06:31:49,,23,0.864,0.338,23.261
2026-09-13 06:32:10,,23,0.874,0.338,23.309
2026-09-13 06:32:32,,23,0.872,0.338,23.321
2026-09-13 06:32:53,,23,0.873,0.338,23.362
2026-09-13 06:33:15,,23,0.875,0.338,23.373
2026-09-13 06:33:36,,23,0.871,0.338,22.828
2026-09-13 06:33:58,,23,0.859,0.338,22.857
2026-09-13 06:34:19,,23,0.866,0.338,23.005
2026-09-13 06:34:41,,24,0.876,0.338,23.219
2026-09-13 06:35:03,,23,0.861,0.339,23.219
2026-09-13 06:35:24,,23,0.861,0.339,23.334
2026-09-13 06:35:46,,23,0.862,0.339,23.407
2026-09-13 06:36:07,,23,0.862,0.339,23.373
2026-09-13 06:36:29,,23,0.862,0.339,23.478
2026-09-13 06:36:50,,23,0.869,0.339,22.954
2026-09-13 06:37:12,,23,0.864,0.338,22.98
2026-09-13 06:37:33,,23,0.863,0.338,23.014
2026-09-13 06:37:55,,23,0.863,0.338,23.032
2026-09-13 06:38:16,,23,0.865,0.338,23.083
2026-09-13 06:38:38,,23,0.866,0.338,23.127
2026-09-13 06:38:59,,23,0.868,0.338,23.185
2026-09-13 06:39:21,,23,0.881,0.338,23.249
2026-09-13 06:39:42,,23,0.88,0.338,23.36
2026-09-13 06:40:04,,23,0.88,0.338,23.408
2026-09-13 06:40:25,,23,0.878,0.338,23.485
2026-09-13 06:40:47,,23,0.869,0.338,23.56
2026-09-13 06:41:08,,23,0.87,0.339,23.18
2026-09-13 06:41:30,,23,0.87,0.339,23.235
2026-09-13 06:41:52,,23,0.884,0.339,23.417
2026-09-13 06:42:13,,23,0.88,0.34,23.473
2026-09-13 06:42:35,,23,0.877,0.34,23.552
2026-09-13 06:42:57,,23,0.868,0.34,23.594
2026-09-13 06:43:18,,23,0.864,0.34,23.484
2026-09-13 06:43:40,,23,0.863,0.34,22.851
2026-09-13 06:44:01,,23,0.865,0.34,22.824
2026-09-13 06:44:23,,23,0.864,0.34,22.795
2026-09-13 06:44:45,,23,0.862,0.339,22.866
2026-09-13 06:45:06,,23,0.862,0.339,22.931
2026-09-13 06:45:27,,23,0.862,0.339,23.053
2026-09-13 06:45:49,,23,0.862,0.339,23.121
2026-09-13 06:46:10,,23,0.863,0.34,23.117
2026-09-13 06:46:32,,23,0.864,0.34,23.15
2026-09-13 06:46:53,,23,0.863,0.34,23.224
2026-09-13 06:47:15,,23,0.863,0.34,23.299
2026-09-13 06:47:36,,23,0.863,0.34,23.322
2026-09-13 06:47:57,,23,0.863,0.34,22.732
2026-09-13 06:48:19,,23,0.867,0.34,22.724
2026-09-13 06:48:40,,23,0.874,0.34,22.768
2026-09-13 06:49:02,,23,0.882,0.34,22.805
2026-09-13 06:49:24,,23,0.884,0.34,22.887
2026-09-13 06:49:45,,23,0.884,0.34,22.872
2026-09-13 06:50:06,,23,0.873,0.34,22.919
2026-09-13 06:50:28,,23,0.866,0.34,22.96
2026-09-13 06:50:49,,23,0.866,0.34,23.01
2026-09-13 06:51:11,,23,0.863,0.34,23.082
2026-09-13 06:51:32,,23,0.862,0.34,23.129
2026-09-13 06:51:54,,23,0.863,0.34,23.186
2026-09-13 06:52:15,,23,0.863,0.34,22.637
2026-09-13 06:52:37,,23,0.863,0.34,22.663
2026-09-13 06:52:58,,23,0.863,0.34,22.798
2026-09-13 06:53:20,,23,0.866,0.34,22.868
2026-09-13 06:53:41,,23,0.863,0.34,22.896
2026-09-13 06:54:02,,23,0.864,0.34,22.92
2026-09-13 06:54:24,,23,0.867,0.34,22.97
2026-09-13 06:54:45,,23,0.873,0.34,23.017
2026-09-13 06:55:07,,23,0.877,0.34,23.074
2026-09-13 06:55:28,,23,0.877,0.34,23.151
2026-09-13 06:55:50,,23,0.864,0.34,23.173
2026-09-13 06:56:11,,23,0.863,0.339,23.232
2026-09-13 06:56:33,,23,0.863,0.339,23.293
2026-09-13 06:56:54,,23,0.862,0.339,22.757
2026-09-13 06:57:16,,23,0.862,0.339,22.81
2026-09-13 06:57:37,,23,0.861,0.339,22.847
2026-09-13 06:57:58,,23,0.862,0.339,22.904
2026-09-13 06:58:20,,23,0.862,0.339,22.954
2026-09-13 06:58:41,,23,0.862,0.339,22.995
2026-09-13 06:59:02,,23,0.87,0.339,23.068
2026-09-13 06:59:24,,23,0.867,0.339,23.118
2026-09-13 06:59:45,,23,0.876,0.339,23.173
2026-09-13 07:00:07,,23,0.878,0.339,23.223
2026-09-13 07:00:28,,23,0.877,0.339,23.259
2026-09-13 07:00:49,,23,0.871,0.34,23.311
2026-09-13 07:01:11,,23,0.864,0.34,22.77
2026-09-13 07:01:32,,23,0.864,0.34,22.855
2026-09-13 07:01:54,,23,0.864,0.34,22.88
2026-09-13 07:02:15,,23,0.864,0.34,22.934
2026-09-13 07:02:37,,23,0.864,0.34,23.054
2026-09-13 07:02:58,,23,0.865,0.34,23.115
2026-09-13 07:03:20,,23,0.865,0.34,23.112
2026-09-13 07:03:41,,23,0.867,0.34,23.177
2026-09-13 07:04:02,,23,0.865,0.34,23.209
2026-09-13 07:04:24,,23,0.865,0.34,23.216
2026-09-13 07:04:45,,23,0.865,0.34,23.276
2026-09-13 07:05:06,,23,0.868,0.34,23.281
2026-09-13 07:05:28,,23,0.877,0.34,23.356
2026-09-13 07:05:49,,23,0.883,0.34,23.392
2026-09-13 07:06:11,,23,0.883,0.341,22.849
2026-09-13 07:06:32,,23,0.869,0.341,22.891
2026-09-13 07:06:54,,23,0.866,0.341,22.943
2026-09-13 07:07:15,,23,0.868,0.341,23.041
2026-09-13 07:07:36,,23,0.866,0.341,23.069
2026-09-13 07:07:58,,23,0.863,0.341,23.111
2026-09-13 07:08:19,,23,0.864,0.343,23.168
2026-09-13 07:08:41,,23,0.866,0.343,23.228
2026-09-13 07:09:02,,23,0.866,0.343,22.869
2026-09-13 07:09:24,,23,0.865,0.341,22.949
2026-09-13 07:09:45,,23,0.862,0.341,22.937
2026-09-13 07:10:07,,23,0.867,0.341,22.993
2026-09-13 07:10:28,,23,0.87,0.341,23.099
2026-09-13 07:10:50,,23,0.873,0.341,23.1
2026-09-13 07:11:11,,23,0.873,0.341,23.148
2026-09-13 07:11:33,,23,0.872,0.341,23.209
2026-09-13 07:11:54,,23,0.866,0.341,23.3
2026-09-13 07:12:16,,23,0.864,0.341,23.313
2026-09-13 07:12:37,,23,0.866,0.341,23.376
2026-09-13 07:12:58,,23,0.867,0.341,23.414
2026-09-13 07:13:20,,23,0.865,0.341,22.905
2026-09-13 07:13:41,,23,0.866,0.341,22.972
2026-09-13 07:14:03,,23,0.866,0.341,22.87
2026-09-13 07:14:24,,23,0.867,0.341,22.684
2026-09-13 07:14:45,,23,0.866,0.341,22.634
2026-09-13 07:15:07,,23,0.866,0.341,22.696
2026-09-13 07:15:28,,23,0.867,0.341,22.735
2026-09-13 07:15:49,,23,0.875,0.341,22.792
2026-09-13 07:16:11,,23,0.882,0.341,22.851
2026-09-13 07:16:32,,23,0.886,0.341,22.893
2026-09-13 07:16:54,,23,0.886,0.341,22.923
2026-09-13 07:17:15,,23,0.876,0.341,23.0
2026-09-13 07:17:37,,23,0.864,0.341,23.063
2026-09-13 07:17:58,,23,0.865,0.341,22.49
2026-09-13 07:18:19,,23,0.866,0.341,22.541
2026-09-13 07:18:41,,23,0.866,0.341,22.61
2026-09-13 07:19:02,,23,0.867,0.341,22.66
2026-09-13 07:19:24,,23,0.867,0.341,22.727
2026-09-13 07:19:45,,23,0.867,0.341,22.778
2026-09-13 07:20:07,,23,0.87,0.341,22.853
2026-09-13 07:20:28,,23,0.866,0.341,22.891
2026-09-13 07:20:50,,23,0.871,0.341,22.945
2026-09-13 07:21:11,,23,0.871,0.341,23.077
2026-09-13 07:21:33,,23,0.876,0.341,23.102
2026-09-13 07:21:54,,23,0.875,0.341,23.165
2026-09-13 07:22:16,,23,0.873,0.342,22.618
2026-09-13 07:22:37,,23,0.867,0.342,22.642
2026-09-13 07:22:58,,23,0.866,0.342,22.689
2026-09-13 07:23:20,,23,0.867,0.343,22.755
2026-09-13 07:23:41,,23,0.868,0.341,22.799
2026-09-13 07:24:03,,23,0.868,0.341,22.88
2026-09-13 07:24:24,,23,0.868,0.341,22.903
2026-09-13 07:24:46,,23,0.868,0.341,22.913
2026-09-13 07:25:07,,23,0.868,0.341,22.99
2026-09-13 07:25:29,,23,0.868,0.341,23.048
2026-09-13 07:25:50,,23,0.877,0.341,23.093
2026-09-13 07:26:11,,23,0.886,0.341,23.165
2026-09-13 07:26:33,,23,0.886,0.341,22.571
2026-09-13 07:26:55,,23,0.885,0.341,22.635
2026-09-13 07:27:16,,23,0.874,0.342,22.745
2026-09-13 07:27:38,,23,0.874,0.341,22.802
2026-09-13 07:27:59,,23,0.869,0.341,22.878
2026-09-13 07:28:20,,23,0.869,0.342,22.944
2026-09-13 07:28:42,,23,0.868,0.341,22.955
2026-09-13 07:29:03,,23,0.869,0.341,23.014
2026-09-13 07:29:25,,23,0.868,0.341,23.072
2026-09-13 07:29:46,,23,0.874,0.341,23.131
2026-09-13 07:30:08,,23,0.869,0.341,23.202
2026-09-13 07:30:29,,23,0.87,0.342,23.251
2026-09-13 07:30:51,,23,0.871,0.342,23.346
2026-09-13 07:31:12,,23,0.874,0.341,22.792
2026-09-13 07:31:33,,23,0.877,0.341,22.826
2026-09-13 07:31:54,,23,0.888,0.341,22.825
2026-09-13 07:32:16,,23,0.884,0.341,22.897
2026-09-13 07:32:37,,23,0.874,0.341,22.93
2026-09-13 07:32:59,,23,0.87,0.341,22.963
2026-09-13 07:33:20,,23,0.869,0.341,23.055
2026-09-13 07:33:41,,23,0.871,0.341,23.1
2026-09-13 07:34:03,,23,0.869,0.341,23.127
2026-09-13 07:34:24,,23,0.869,0.341,23.234
2026-09-13 07:34:46,,23,0.87,0.341,23.277
2026-09-13 07:35:07,,23,0.868,0.341,23.3
2026-09-13 07:35:29,,23,0.871,0.341,22.748
2026-09-13 07:35:50,,23,0.877,0.341,22.852
2026-09-13 07:36:12,,23,0.88,0.342,22.928
2026-09-13 07:36:33,,23,0.879,0.341,22.985
2026-09-13 07:36:54,,23,0.877,0.341,23.043
2026-09-13 07:37:16,,23,0.871,0.342,23.057
2026-09-13 07:37:38,,23,0.87,0.342,23.202
2026-09-13 07:37:59,,23,0.868,0.342,23.238
2026-09-13 07:38:20,,23,0.869,0.342,22.894
2026-09-13 07:38:42,,23,0.87,0.343,22.94
2026-09-13 07:39:03,,23,0.872,0.343,22.982
2026-09-13 07:39:25,,23,0.877,0.343,23.101
2026-09-13 07:39:46,,23,0.87,0.343,23.105
2026-09-13 07:40:08,,23,0.871,0.343,23.151
2026-09-13 07:40:29,,23,0.87,0.343,23.217
2026-09-13 07:40:51,,23,0.87,0.343,23.254
2026-09-13 07:41:12,,23,0.879,0.343,23.318
2026-09-13 07:41:34,,23,0.886,0.343,23.381
2026-09-13 07:41:56,,23,0.891,0.343,23.553
2026-09-13 07:42:17,,23,0.887,0.343,23.191
2026-09-13 07:42:39,,23,0.873,0.343,23.306
2026-09-13 07:43:01,,23,0.869,0.343,23.484
2026-09-13 07:43:23,,23,0.869,0.343,23.581
2026-09-13 07:43:44,,23,0.872,0.343,23.691
2026-09-13 07:44:06,,23,0.871,0.343,23.776
2026-09-13 07:44:28,,23,0.868,0.343,23.903
2026-09-13 07:44:49,,23,0.869,0.343,23.109
2026-09-13 07:45:11,,23,0.869,0.343,23.163
2026-09-13 07:45:32,,23,0.869,0.343,23.824
2026-09-13 07:45:54,,23,0.869,0.343,24.235
2026-09-13 07:46:15,,23,0.877,0.343,23.972
2026-09-13 07:46:37,,23,0.893,0.343,23.79
2026-09-13 07:46:58,,23,0.897,0.343,23.823
2026-09-13 07:47:20,,23,0.892,0.343,23.848
2026-09-13 07:47:41,,23,0.888,0.343,23.908
2026-09-13 07:48:03,,23,0.88,0.343,23.928
2026-09-13 07:48:24,,23,0.877,0.343,24.013
2026-09-13 07:48:46,,23,0.876,0.343,23.933
2026-09-13 07:49:07,,23,0.877,0.343,23.38
2026-09-13 07:49:29,,23,0.876,0.343,23.423
2026-09-13 07:49:50,,23,0.874,0.343,23.488
2026-09-13 07:50:11,,23,0.877,0.343,23.577
2026-09-13 07:50:33,,23,0.879,0.343,23.606
2026-09-13 07:50:54,,23,0.884,0.343,23.679
2026-09-13 07:51:16,,23,0.882,0.343,23.753
2026-09-13 07:51:38,,23,0.886,0.343,23.815
2026-09-13 07:51:59,,23,0.881,0.343,23.817
2026-09-13 07:52:20,,23,0.864,0.333,23.868
2026-09-13 07:52:42,,23,0.865,0.333,23.937
2026-09-13 07:53:03,,23,0.865,0.333,23.957
2026-09-13 07:53:25,,23,0.869,0.337,24.065
2026-09-13 07:53:46,,23,0.872,0.337,23.479
2026-09-13 07:54:08,,23,0.88,0.337,23.512
2026-09-13 07:54:29,,23,0.881,0.338,23.566
2026-09-13 07:54:50,,23,0.884,0.338,23.657
2026-09-13 07:55:12,,23,0.884,0.338,23.67
2026-09-13 07:55:33,,23,0.889,0.338,23.745
2026-09-13 07:55:55,,23,0.897,0.338,23.794
2026-09-13 07:56:16,,23,0.893,0.34,23.864
2026-09-13 07:56:37,,23,0.896,0.34,23.886
2026-09-13 07:56:59,,23,0.896,0.34,23.93
2026-09-13 07:57:20,,23,0.891,0.34,24.0
2026-09-13 07:57:42,,23,0.883,0.34,24.075
2026-09-13 07:58:03,,23,0.874,0.34,24.128
2026-09-13 07:58:25,,23,0.875,0.341,23.598
2026-09-13 07:58:46,,23,0.879,0.341,23.594
2026-09-13 07:59:07,,23,0.883,0.341,23.673
2026-09-13 07:59:29,,23,0.893,0.341,23.734
2026-09-13 07:59:50,,23,0.895,0.341,23.755
2026-09-13 08:00:12,,23,0.895,0.341,23.77
2026-09-13 08:00:33,,23,0.898,0.341,23.656
2026-09-13 08:00:55,,23,0.895,0.341,23.485
2026-09-13 08:01:16,,23,0.904,0.342,23.459
2026-09-13 08:01:37,,23,0.903,0.342,23.545
2026-09-13 08:01:59,,23,0.904,0.342,23.553
2026-09-13 08:02:20,,23,0.897,0.342,23.614
2026-09-13 08:02:42,,23,0.88,0.342,23.69
2026-09-13 08:03:03,,23,0.883,0.342,23.062
2026-09-13 08:03:24,,23,0.879,0.342,23.153
2026-09-13 08:03:46,,23,0.88,0.342,23.17
2026-09-13 08:04:07,,23,0.882,0.342,23.226
2026-09-13 08:04:29,,23,0.886,0.342,23.272
2026-09-13 08:04:50,,23,0.896,0.342,23.32
2026-09-13 08:05:11,,23,0.893,0.342,23.403
2026-09-13 08:05:33,,23,0.88,0.342,23.455
2026-09-13 08:05:54,,23,0.878,0.342,23.488
2026-09-13 08:06:16,,23,0.883,0.342,23.562
2026-09-13 08:06:37,,23,0.888,0.342,23.619
2026-09-13 08:06:58,,23,0.896,0.342,23.664
2026-09-13 08:07:20,,23,0.888,0.342,23.73
2026-09-13 08:07:41,,23,0.878,0.342,23.175
2026-09-13 08:08:03,,23,0.879,0.342,23.198
2026-09-13 08:08:24,,23,0.884,0.342,23.346
2026-09-13 08:08:46,,23,0.891,0.342,23.335
2026-09-13 08:09:07,,23,0.893,0.342,23.373
2026-09-13 08:09:29,,23,0.894,0.342,23.435
2026-09-13 08:09:50,,23,0.896,0.342,23.534
2026-09-13 08:10:12,,23,0.893,0.342,23.578
2026-09-13 08:10:33,,23,0.893,0.342,23.646
2026-09-13 08:10:55,,23,0.889,0.342,23.664
2026-09-13 08:11:16,,23,0.895,0.342,23.208
2026-09-13 08:11:37,,23,0.897,0.342,23.269
2026-09-13 08:11:59,,23,0.898,0.342,23.331
2026-09-13 08:12:20,,23,0.903,0.342,23.408
2026-09-13 08:12:42,,23,0.907,0.342,23.452
2026-09-13 08:13:03,,23,0.908,0.342,23.51
2026-09-13 08:13:24,,23,0.913,0.342,23.595
2026-09-13 08:13:46,,23,0.917,0.342,23.621
2026-09-13 08:14:07,,23,0.92,0.342,23.703
2026-09-13 08:14:28,,23,0.907,0.342,23.769
2026-09-13 08:14:50,,23,0.888,0.342,23.786
2026-09-13 08:15:12,,23,0.883,0.342,23.84
2026-09-13 08:15:33,,23,0.888,0.342,23.271
2026-09-13 08:15:54,,23,0.895,0.342,23.305
2026-09-13 08:16:16,,23,0.898,0.342,23.344
2026-09-13 08:16:37,,23,0.901,0.342,23.403
2026-09-13 08:16:59,,23,0.895,0.342,23.486
2026-09-13 08:17:20,,23,0.896,0.342,23.503
2026-09-13 08:17:42,,23,0.905,0.342,23.596
2026-09-13 08:18:03,,23,0.906,0.342,23.655
2026-09-13 08:18:25,,23,0.902,0.342,23.666
2026-09-13 08:18:46,,23,0.898,0.342,23.732
2026-09-13 08:19:08,,23,0.892,0.342,23.782
2026-09-13 08:19:29,,23,0.888,0.342,23.828
2026-09-13 08:19:50,,23,0.887,0.342,23.249
2026-09-13 08:20:12,,23,0.888,0.342,23.335
2026-09-13 08:20:33,,23,0.89,0.342,23.369
2026-09-13 08:20:55,,23,0.896,0.342,23.423
2026-09-13 08:21:16,,23,0.897,0.342,23.491
2026-09-13 08:21:38,,23,0.898,0.342,23.555
2026-09-13 08:21:59,,23,0.902,0.342,23.635
2026-09-13 08:22:21,,23,0.901,0.342,23.692
2026-09-13 08:22:42,,23,0.906,0.342,23.74
2026-09-13 08:23:04,,23,0.905,0.342,23.783
2026-09-13 08:23:25,,23,0.896,0.342,23.85
2026-09-13 08:23:47,,23,0.893,0.342,23.899
2026-09-13 08:24:08,,23,0.896,0.342,23.943
2026-09-13 08:24:29,,23,0.902,0.342,23.382
2026-09-13 08:24:51,,23,0.903,0.342,23.411
2026-09-13 08:25:12,,23,0.9,0.342,23.471
2026-09-13 08:25:33,,23,0.902,0.342,23.298
2026-09-13 08:25:55,,23,0.905,0.342,23.256
2026-09-13 08:26:17,,23,0.914,0.342,23.318
2026-09-13 08:26:38,,23,0.912,0.342,23.358
2026-09-13 08:26:59,,23,0.913,0.342,23.411
2026-09-13 08:27:21,,23,0.902,0.342,23.496
2026-09-13 08:27:42,,23,0.895,0.342,23.518
2026-09-13 08:28:04,,23,0.899,0.342,23.594
2026-09-13 08:28:26,,23,0.903,0.342,23.652
2026-09-13 08:28:47,,23,0.895,0.342,23.699
2026-09-13 08:29:08,,23,0.889,0.342,23.138
2026-09-13 08:29:30,,23,0.891,0.342,23.203
2026-09-13 08:29:51,,23,0.901,0.342,23.262
2026-09-13 08:30:13,,23,0.904,0.342,23.36
2026-09-13 08:30:34,,23,0.907,0.342,23.389
2026-09-13 08:30:55,,23,0.908,0.342,23.427
2026-09-13 08:31:17,,23,0.899,0.342,23.512
2026-09-13 08:31:38,,23,0.898,0.342,23.557
2026-09-13 08:32:00,,23,0.888,0.342,23.604
2026-09-13 08:32:21,,23,0.883,0.342,23.667
2026-09-13 08:32:43,,23,0.887,0.342,23.727
2026-09-13 08:33:04,,23,0.896,0.342,23.754
2026-09-13 08:33:26,,23,0.895,0.342,23.195
2026-09-13 08:33:47,,23,0.878,0.342,23.263
2026-09-13 08:34:09,,23,0.882,0.342,23.313
2026-09-13 08:34:30,,23,0.885,0.342,23.353
2026-09-13 08:34:52,,23,0.89,0.342,23.404
2026-09-13 08:35:13,,23,0.897,0.342,23.525
2026-09-13 08:35:35,,23,0.898,0.342,23.564
2026-09-13 08:35:56,,23,0.899,0.342,23.613
2026-09-13 08:36:18,,23,0.905,0.342,23.727
2026-09-13 08:36:39,,23,0.906,0.342,23.752
2026-09-13 08:37:01,,23,0.894,0.342,23.793
2026-09-13 08:37:22,,23,0.888,0.342,23.858
2026-09-13 08:37:44,,23,0.892,0.342,23.335
2026-09-13 08:38:05,,23,0.895,0.342,23.365
2026-09-13 08:38:26,,23,0.906,0.342,23.438
2026-09-13 08:38:48,,23,0.901,0.342,23.484
2026-09-13 08:39:09,,23,0.898,0.342,23.534
2026-09-13 08:39:30,,23,0.904,0.342,23.587
2026-09-13 08:39:52,,23,0.914,0.342,23.67
2026-09-13 08:40:13,,23,0.91,0.342,23.73
2026-09-13 08:40:35,,23,0.908,0.342,23.775
2026-09-13 08:40:56,,23,0.891,0.342,23.794
2026-09-13 08:41:18,,23,0.887,0.342,23.905
2026-09-13 08:41:39,,23,0.893,0.342,23.939
2026-09-13 08:42:00,,23,0.893,0.342,23.988
2026-09-13 08:42:22,,23,0.89,0.342,23.406
2026-09-13 08:42:43,,23,0.897,0.342,23.451
2026-09-13 08:43:05,,23,0.902,0.342,23.512
2026-09-13 08:43:26,,23,0.897,0.342,23.585
2026-09-13 08:43:48,,23,0.901,0.342,23.628
2026-09-13 08:44:09,,23,0.901,0.342,23.692
2026-09-13 08:44:31,,23,0.901,0.342,23.747
2026-09-13 08:44:52,,23,0.905,0.342,23.779
2026-09-13 08:45:13,,23,0.893,0.342,23.828
2026-09-13 08:45:35,,23,0.882,0.342,23.93
2026-09-13 08:45:56,,23,0.886,0.342,23.964
2026-09-13 08:46:18,,23,0.889,0.342,24.017
2026-09-13 08:46:39,,23,0.899,0.342,23.46
2026-09-13 08:47:01,,23,0.882,0.342,23.545
2026-09-13 08:47:22,,23,0.885,0.342,23.563
2026-09-13 08:47:44,,23,0.887,0.342,23.328
2026-09-13 08:48:05,,23,0.893,0.341,23.258
2026-09-13 08:48:26,,23,0.901,0.341,23.285
2026-09-13 08:48:48,,23,0.898,0.341,23.348
2026-09-13 08:49:09,,23,0.899,0.341,23.37
2026-09-13 08:49:31,,23,0.885,0.341,23.419
2026-09-13 08:49:53,,23,0.882,0.341,23.511
2026-09-13 08:50:14,,23,0.876,0.341,23.052
2026-09-13 08:50:35,,23,0.878,0.341,23.061
2026-09-13 08:50:57,,23,0.876,0.341,23.127
2026-09-13 08:51:18,,23,0.887,0.341,23.175
2026-09-13 08:51:40,,23,0.892,0.341,23.264
2026-09-13 08:52:01,,23,0.893,0.341,23.277
2026-09-13 08:52:23,,23,0.893,0.341,23.352
2026-09-13 08:52:44,,23,0.9,0.341,23.414
2026-09-13 08:53:06,,23,0.898,0.341,23.472
2026-09-13 08:53:27,,23,0.884,0.341,23.539
2026-09-13 08:53:49,,23,0.877,0.341,23.595
2026-09-13 08:54:10,,23,0.88,0.341,23.635
2026-09-13 08:54:31,,23,0.895,0.341,23.697
2026-09-13 08:54:53,,23,0.893,0.341,23.197
2026-09-13 08:55:14,,23,0.894,0.341,23.218
2026-09-13 08:55:36,,23,0.893,0.341,23.275
2026-09-13 08:55:57,,23,0.905,0.341,23.338
2026-09-13 08:56:19,,23,0.903,0.341,23.397
2026-09-13 08:56:40,,23,0.902,0.341,23.46
2026-09-13 08:57:02,,23,0.905,0.341,23.537
2026-09-13 08:57:23,,23,0.91,0.341,23.576
2026-09-13 08:57:44,,23,0.909,0.341,23.206
2026-09-13 08:58:06,,23,0.901,0.341,23.259
2026-09-13 08:58:27,,23,0.899,0.341,23.341
2026-09-13 08:58:49,,23,0.907,0.341,23.362
2026-09-13 08:59:10,,23,0.917,0.341,23.464
2026-09-13 08:59:32,,23,0.916,0.341,23.491
2026-09-13 08:59:53,,23,0.917,0.341,23.602
2026-09-13 09:00:15,,23,0.904,0.341,23.647
2026-09-13 09:00:36,,23,0.898,0.341,23.679
2026-09-13 09:00:58,,23,0.891,0.341,23.755
2026-09-13 09:01:19,,23,0.895,0.342,23.779
2026-09-13 09:01:40,,23,0.899,0.342,23.856
2026-09-13 09:02:02,,23,0.906,0.342,23.317
2026-09-13 09:02:23,,23,0.908,0.342,23.376
2026-09-13 09:02:45,,23,0.911,0.342,23.412
2026-09-13 09:03:06,,23,0.909,0.332,23.445
2026-09-13 09:03:27,,23,0.921,0.336,23.461
2026-09-13 09:03:49,,23,0.923,0.336,23.539
2026-09-13 09:04:10,,23,0.916,0.336,23.602
2026-09-13 09:04:32,,23,0.905,0.336,23.645
2026-09-13 09:04:53,,23,0.906,0.337,23.704
2026-09-13 09:05:15,,23,0.911,0.338,23.8
2026-09-13 09:05:36,,23,0.913,0.338,23.857
2026-09-13 09:05:57,,23,0.919,0.338,23.947
2026-09-13 09:06:19,,23,0.91,0.338,24.037
2026-09-13 09:06:40,,23,0.892,0.338,23.457
2026-09-13 09:07:02,,23,0.892,0.338,23.478
2026-09-13 09:07:24,,23,0.898,0.34,23.503
2026-09-13 09:07:45,,23,0.91,0.34,23.59
2026-09-13 09:08:06,,23,0.914,0.34,23.622
2026-09-13 09:08:28,,23,0.914,0.34,23.744
2026-09-13 09:08:50,,23,0.915,0.34,23.765
2026-09-13 09:09:11,,23,0.914,0.34,23.859
2026-09-13 09:09:32,,23,0.905,0.34,23.901
2026-09-13 09:09:54,,23,0.907,0.34,23.916
2026-09-13 09:10:15,,23,0.913,0.341,23.475
2026-09-13 09:10:37,,23,0.918,0.341,23.542
2026-09-13 09:10:58,,23,0.919,0.341,23.564
2026-09-13 09:11:20,,23,0.923,0.341,23.653
2026-09-13 09:11:41,,23,0.922,0.341,23.713
2026-09-13 09:12:03,,23,0.929,0.341,23.702
2026-09-13 09:12:24,,23,0.93,0.341,23.58
2026-09-13 09:12:45,,23,0.937,0.341,23.542
2026-09-13 09:13:07,,23,0.943,0.341,23.44
2026-09-13 09:13:28,,23,0.938,0.341,23.496
2026-09-13 09:13:50,,23,0.92,0.341,23.551
2026-09-13 09:14:11,,23,0.921,0.341,23.588
2026-09-13 09:14:33,,23,0.928,0.342,23.15
2026-09-13 09:14:54,,23,0.928,0.342,23.069
2026-09-13 09:15:15,,23,0.938,0.342,23.129
2026-09-13 09:15:37,,23,0.939,0.342,23.199
2026-09-13 09:15:58,,23,0.936,0.342,23.253
2026-09-13 09:16:20,,23,0.937,0.342,23.333
2026-09-13 09:16:41,,23,0.948,0.342,23.405
2026-09-13 09:17:03,,23,0.927,0.331,23.474
2026-09-13 09:17:24,,23,0.925,0.335,23.528
2026-09-13 09:17:45,,23,0.908,0.335,23.585
2026-09-13 09:18:07,,23,0.908,0.335,23.642
2026-09-13 09:18:28,,23,0.921,0.337,23.695
2026-09-13 09:18:50,,23,0.931,0.337,23.747
2026-09-13 09:19:11,,23,0.943,0.337,23.238
2026-09-13 09:19:33,,23,0.951,0.338,23.321
2026-09-13 09:19:54,,23,0.955,0.338,23.331
2026-09-13 09:20:16,,23,0.962,0.338,23.424
2026-09-13 09:20:37,,23,0.965,0.339,23.481
2026-09-13 09:20:59,,23,0.974,0.338,23.559
2026-09-13 09:21:20,,23,0.982,0.339,23.596
2026-09-13 09:21:42,,23,0.974,0.338,23.687
2026-09-13 09:22:03,,23,0.961,0.338,23.773
2026-09-13 09:22:25,,23,0.94,0.339,23.815
2026-09-13 09:22:46,,23,0.93,0.339,23.878
2026-09-13 09:23:07,,23,0.937,0.339,23.921
2026-09-13 09:23:29,,23,0.948,0.339,23.336
2026-09-13 09:23:51,,23,0.955,0.339,23.399
2026-09-13 09:24:12,,23,0.967,0.339,23.458
2026-09-13 09:24:34,,23,0.974,0.339,23.585
2026-09-13 09:24:55,,23,0.971,0.339,23.613
2026-09-13 09:25:16,,23,0.973,0.34,23.677
2026-09-13 09:25:38,,23,0.985,0.34,23.721
2026-09-13 09:25:59,,23,0.987,0.34,23.798
2026-09-13 09:26:21,,23,0.994,0.34,23.875
2026-09-13 09:26:42,,23,0.989,0.34,23.901
2026-09-13 09:27:04,,23,0.978,0.34,23.986
2026-09-13 09:27:25,,23,0.955,0.34,24.043
2026-09-13 09:27:47,,23,0.963,0.34,23.542
2026-09-13 09:28:08,,23,0.977,0.34,23.604
2026-09-13 09:28:30,,23,0.977,0.341,23.691
2026-09-13 09:28:51,,23,0.978,0.341,23.773
2026-09-13 09:29:13,,23,0.987,0.341,23.888
2026-09-13 09:29:34,,23,0.986,0.341,23.973
2026-09-13 09:29:55,,23,0.982,0.341,24.006
2026-09-13 09:30:17,,23,0.995,0.341,24.024
2026-09-13 09:30:38,,23,0.999,0.341,24.085
2026-09-13 09:30:59,,23,0.994,0.341,24.125
2026-09-13 09:31:21,,23,0.974,0.34,24.167
2026-09-13 09:31:43,,23,0.949,0.34,24.225
2026-09-13 09:32:04,,23,0.947,0.34,23.769
2026-09-13 09:32:25,,23,0.955,0.341,23.839
2026-09-13 09:32:47,,23,0.967,0.341,23.891
2026-09-13 09:33:08,,23,0.976,0.341,23.882
2026-09-13 09:33:30,,23,0.981,0.341,23.755
2026-09-13 09:33:51,,23,0.991,0.341,23.7
2026-09-13 09:34:13,,23,0.989,0.341,23.606
2026-09-13 09:34:34,,23,0.97,0.341,23.678
2026-09-13 09:34:56,,23,0.961,0.341,23.69
2026-09-13 09:35:17,,23,0.965,0.341,23.775
2026-09-13 09:35:39,,23,0.978,0.341,23.855
2026-09-13 09:36:00,,23,0.984,0.341,23.898
2026-09-13 09:36:21,,23,0.981,0.341,23.315
2026-09-13 09:36:43,,23,0.984,0.341,23.363
2026-09-13 09:37:04,,23,0.983,0.341,23.417
2026-09-13 09:37:26,,23,0.98,0.341,23.489
2026-09-13 09:37:47,,23,0.993,0.341,23.556
2026-09-13 09:38:09,,23,1.001,0.341,23.635
2026-09-13 09:38:30,,23,1.001,0.341,23.715
2026-09-13 09:38:52,,23,0.991,0.341,23.763
2026-09-13 09:39:13,,23,0.977,0.341,23.871
2026-09-13 09:39:35,,23,0.959,0.341,23.897
2026-09-13 09:39:56,,23,0.946,0.341,23.963
2026-09-13 09:40:17,,23,0.961,0.341,24.031
2026-09-13 09:40:39,,23,0.976,0.341,23.436
2026-09-13 09:41:00,,23,0.978,0.341,23.515
2026-09-13 09:41:22,,23,0.989,0.341,23.595
2026-09-13 09:41:43,,23,0.992,0.341,23.633
2026-09-13 09:42:05,,23,0.992,0.341,23.715
2026-09-13 09:42:26,,23,0.996,0.341,23.827
2026-09-13 09:42:47,,23,1.009,0.341,23.876
2026-09-13 09:43:09,,23,1.011,0.341,23.919
2026-09-13 09:43:31,,23,1.021,0.341,24.003
2026-09-13 09:43:52,,23,1.02,0.341,24.076
2026-09-13 09:44:13,,23,1.003,0.341,24.122
2026-09-13 09:44:35,,23,0.976,0.342,24.201
2026-09-13 09:44:56,,23,0.973,0.342,23.678
2026-09-13 09:45:18,,23,0.974,0.342,23.729
2026-09-13 09:45:39,,23,0.985,0.342,23.788
2026-09-13 09:46:01,,23,1.001,0.342,23.872
2026-09-13 09:46:22,,23,1.013,0.342,23.937
2026-09-13 09:46:44,,23,1.015,0.342,24.002
2026-09-13 09:47:05,,23,1.017,0.342,24.081
2026-09-13 09:47:27,,23,1.0,0.342,24.149
2026-09-13 09:47:48,,23,0.993,0.342,24.197
2026-09-13 09:48:09,,23,1.001,0.342,24.272
2026-09-13 09:48:31,,23,1.007,0.341,24.352
2026-09-13 09:48:52,,23,0.982,0.341,24.424
2026-09-13 09:49:14,,23,0.993,0.341,23.863
2026-09-13 09:49:35,,23,1.003,0.341,23.94
2026-09-13 09:49:57,,23,1.01,0.341,24.007
2026-09-13 09:50:18,,23,1.02,0.341,23.675
2026-09-13 09:50:40,,23,1.035,0.341,23.574
2026-09-13 09:51:01,,23,1.043,0.341,23.657
2026-09-13 09:51:23,,23,1.047,0.341,23.711
2026-09-13 09:51:44,,23,1.035,0.341,23.809
2026-09-13 09:52:06,,23,1.009,0.341,23.835
2026-09-13 09:52:27,,23,0.983,0.341,23.895
2026-09-13 09:52:49,,23,0.98,0.341,23.973
2026-09-13 09:53:10,,23,0.996,0.341,24.047
2026-09-13 09:53:32,,23,1.012,0.341,23.464
2026-09-13 09:53:53,,23,1.019,0.341,23.542
2026-09-13 09:54:15,,23,1.024,0.341,23.643
2026-09-13 09:54:36,,23,1.029,0.341,23.688
2026-09-13 09:54:58,,23,1.016,0.341,23.739
2026-09-13 09:55:19,,23,1.02,0.341,23.838
2026-09-13 09:55:41,,23,1.04,0.341,23.872
2026-09-13 09:56:02,,23,1.057,0.341,23.945
2026-09-13 09:56:24,,23,1.06,0.341,24.052
2026-09-13 09:56:45,,23,1.071,0.341,24.076
2026-09-13 09:57:07,,23,1.068,0.341,24.191
2026-09-13 09:57:28,,23,1.084,0.341,23.673
2026-09-13 09:57:49,,23,1.097,0.341,23.728
2026-09-13 09:58:11,,23,1.118,0.341,23.809
2026-09-13 09:58:32,,23,1.114,0.341,23.866
2026-09-13 09:58:54,,23,1.135,0.341,23.943
2026-09-13 09:59:15,,23,1.131,0.343,24.013
2026-09-13 09:59:37,,23,1.11,0.343,24.086
2026-09-13 09:59:58,,23,1.113,0.343,24.155
2026-09-13 10:00:20,,23,1.137,0.343,24.267
2026-09-13 10:00:41,,23,1.136,0.333,24.32
2026-09-13 10:01:03,,23,1.117,0.333,24.377
2026-09-13 10:01:24,,23,1.095,0.336,24.454
2026-09-13 10:01:46,,23,1.066,0.336,24.53
2026-09-13 10:02:07,,23,1.035,0.336,23.962
2026-09-13 10:02:28,,23,1.041,0.337,24.04
2026-09-13 10:02:50,,23,1.068,0.337,24.095
2026-09-13 10:03:11,,23,1.098,0.337,24.181
2026-09-13 10:03:33,,23,1.125,0.338,24.263
2026-09-13 10:03:54,,23,1.15,0.339,24.343
2026-09-13 10:04:16,,23,1.154,0.343,24.467
2026-09-13 10:04:37,,23,1.128,0.338,24.547
2026-09-13 10:04:59,,23,1.123,0.339,24.507
2026-09-13 10:05:20,,23,1.15,0.34,24.319
2026-09-13 10:05:41,,23,1.185,0.373,24.219
2026-09-13 10:06:03,,23,1.22,0.408,24.214
2026-09-13 10:06:24,,23,1.226,0.413,24.284
2026-09-13 10:06:46,,23,1.219,0.406,23.692
2026-09-13 10:07:07,,23,1.241,0.428,23.772
2026-09-13 10:07:29,,23,1.248,0.435,23.875
2026-09-13 10:07:50,,23,1.259,0.445,23.958
2026-09-13 10:08:12,,23,1.314,0.501,24.085
2026-09-13 10:08:33,,23,1.373,0.559,24.206
2026-09-13 10:08:55,,23,1.397,0.583,24.312
2026-09-13 10:09:16,,23,1.404,0.59,24.445
2026-09-13 10:09:38,,23,1.378,0.564,24.511
2026-09-13 10:09:59,,23,1.326,0.512,24.618
2026-09-13 10:10:20,,23,1.274,0.459,24.2
2026-09-13 10:10:42,,23,1.328,0.513,24.332
2026-09-13 10:11:03,,23,1.405,0.59,24.444
2026-09-13 10:11:25,,23,1.479,0.664,24.592
2026-09-13 10:11:46,,23,1.545,0.73,24.73
2026-09-13 10:12:08,,23,1.558,0.743,24.81
2026-09-13 10:12:29,,23,1.575,0.76,24.933
2026-09-13 10:12:51,,23,1.485,0.67,25.052
2026-09-13 10:13:12,,23,1.414,0.598,25.158
2026-09-13 10:13:34,,23,1.367,0.551,25.037
2026-09-13 10:13:55,,23,1.418,0.603,24.857
2026-09-13 10:14:16,,23,1.485,0.669,25.03
2026-09-13 10:14:38,,23,1.537,0.722,25.125
2026-09-13 10:14:59,,23,1.544,0.728,24.606
2026-09-13 10:15:21,,23,1.536,0.729,24.672
2026-09-13 10:15:42,,23,1.519,0.712,24.812
2026-09-13 10:16:04,,23,1.432,0.625,24.902
2026-09-13 10:16:25,,23,1.422,0.611,25.007
2026-09-13 10:16:46,,23,1.422,0.611,25.036
2026-09-13 10:17:07,,11,1.301,0.713,25.143
2026-09-13 10:17:28,,11,6.844,6.255,30.056
2026-09-13 10:17:50,,11,8.836,8.248,31.567
2026-09-13 10:18:11,,11,8.153,7.564,30.805
2026-09-13 10:18:32,,11,8.158,7.568,30.946
2026-09-13 10:18:53,,11,8.154,7.564,31.004
2026-09-13 10:19:14,,11,8.109,7.519,30.463
2026-09-13 10:19:36,,11,7.95,7.36,30.532
2026-09-13 10:19:57,,11,7.671,7.08,30.582
2026-09-13 10:20:18,mars_surface__benef__search-on,11,4.983,4.392,27.054
2026-09-13 10:20:39,mars_surface__benef__search-on,10,0.615,0.34,22.694
2026-09-13 10:21:00,mars_surface__benef__search-on,10,0.612,0.34,22.741
2026-09-13 10:21:21,mars_surface__benef__search-on,10,0.616,0.341,22.919
2026-09-13 10:21:42,mars_surface__benef__search-on,10,4.591,4.003,26.817
2026-09-13 10:22:04,earth_surface__raw__search-off,10,0.606,0.341,22.91
2026-09-13 10:22:25,earth_surface__raw__search-off,11,3.44,2.833,25.214
2026-09-13 10:22:46,earth_surface__raw__search-off,22,3.571,1.762,25.227
2026-09-13 10:23:08,earth_surface__raw__search-off,23,3.735,1.789,25.372
2026-09-13 10:23:29,earth_surface__raw__search-off,23,3.772,1.824,25.472
2026-09-13 10:23:51,earth_surface__raw__search-off,23,3.873,1.928,25.587
2026-09-13 10:24:12,earth_surface__raw__search-off,23,4.057,2.113,25.818
2026-09-13 10:24:34,earth_surface__raw__search-off,23,3.982,2.047,25.946
2026-09-13 10:24:55,earth_surface__raw__search-off,23,3.474,1.727,26.003
2026-09-13 10:25:17,,23,3.046,1.503,25.66
2026-09-13 10:25:38,,23,2.913,1.487,25.294
2026-09-13 10:26:00,,23,2.961,1.539,25.408
2026-09-13 10:26:21,,23,2.747,1.323,25.511
2026-09-13 10:26:43,,23,2.559,1.136,25.622
2026-09-13 10:27:04,,23,2.421,0.995,25.262
2026-09-13 10:27:26,,23,2.32,0.899,25.363
2026-09-13 10:27:47,,23,2.22,0.792,25.462
2026-09-13 10:28:09,,23,2.146,0.723,25.597
2026-09-13 10:28:30,,23,2.08,0.655,25.257
2026-09-13 10:28:51,,23,2.062,0.637,25.428
2026-09-13 10:29:13,,23,2.141,0.715,25.56
2026-09-13 10:29:34,,23,2.225,0.803,25.189
2026-09-13 10:29:56,,23,2.328,0.907,25.336
2026-09-13 10:30:18,,23,2.399,0.971,25.209
2026-09-13 10:30:40,,23,2.475,1.052,25.325
2026-09-13 10:31:02,,23,2.553,1.132,25.469
2026-09-13 10:31:23,,23,2.634,1.208,25.742
2026-09-13 10:31:45,,23,2.508,1.084,25.92
2026-09-13 10:32:07,,23,2.506,1.107,26.049
2026-09-13 10:32:28,,23,2.49,1.122,25.881
2026-09-13 10:32:50,,23,2.463,1.134,25.789
2026-09-13 10:33:12,,23,2.432,1.145,25.215
2026-09-13 10:33:34,,23,2.389,1.146,25.334
2026-09-13 10:33:56,,23,2.391,1.187,25.453
2026-09-13 10:34:18,,23,2.374,1.204,25.615
2026-09-13 10:34:39,,23,2.367,1.214,25.719
2026-09-13 10:35:01,,23,2.346,1.227,25.609
2026-09-13 10:35:23,,23,2.331,1.239,25.516
2026-09-13 10:35:45,,23,2.313,1.247,25.61
2026-09-13 10:36:06,,23,2.303,1.259,25.958
2026-09-13 10:36:28,,23,2.312,1.289,26.119
2026-09-13 10:36:50,,23,2.378,1.377,25.707
2026-09-13 10:37:12,,23,2.457,1.477,25.97
2026-09-13 10:37:34,,23,2.532,1.575,26.131
2026-09-13 10:37:56,,23,2.611,1.676,26.287
2026-09-13 10:38:17,,23,2.702,1.787,25.958
2026-09-13 10:38:39,,23,2.806,1.909,26.135
2026-09-13 10:39:01,,23,2.925,2.041,26.33
2026-09-13 10:39:23,,23,3.037,2.17,26.08
2026-09-13 10:39:44,,23,3.16,2.305,26.239
2026-09-13 10:40:06,,23,3.289,2.449,26.452
2026-09-13 10:40:28,,23,3.414,2.589,26.665
2026-09-13 10:40:50,,23,3.545,2.73,26.893
2026-09-13 10:41:11,,23,3.672,2.865,26.477
2026-09-13 10:41:33,,23,3.81,3.009,26.69
2026-09-13 10:41:55,,23,3.953,3.153,26.891
2026-09-13 10:42:17,,23,4.112,3.31,27.104
2026-09-13 10:42:38,,23,4.263,3.461,27.326
2026-09-13 10:43:00,,21,4.264,3.49,27.558
2026-09-13 10:43:22,,23,3.93,3.129,26.84
2026-09-13 10:43:44,,23,3.679,2.878,27.095
2026-09-13 10:44:05,,23,3.49,2.69,26.755
2026-09-13 10:44:27,,23,3.129,2.328,26.504
2026-09-13 10:44:49,,23,2.768,1.967,26.499
2026-09-13 10:45:10,,23,2.601,1.799,26.521
2026-09-13 10:45:32,,23,2.387,1.586,26.366
2026-09-13 10:45:54,,23,2.446,1.645,26.469
2026-09-13 10:46:15,,23,2.511,1.709,26.592
2026-09-13 10:46:37,,23,2.428,1.626,26.262
2026-09-13 10:46:59,,23,2.325,1.523,25.742
2026-09-13 10:47:20,,23,2.164,1.362,25.869
2026-09-13 10:47:42,,23,2.007,1.204,25.906
2026-09-13 10:48:04,,23,1.872,1.069,25.409
2026-09-13 10:48:25,,11,2.311,1.714,26.307
2026-09-13 10:48:47,,11,8.049,7.452,30.49
2026-09-13 10:49:08,,11,7.493,6.896,30.178
2026-09-13 10:49:29,,11,7.411,6.813,29.662
2026-09-13 10:49:50,,11,7.296,6.698,29.824
2026-09-13 10:50:12,,11,7.294,6.696,29.978
2026-09-13 10:50:33,,11,7.291,6.694,30.019
2026-09-13 10:50:55,,11,7.281,6.684,30.133
2026-09-13 10:51:16,earth_surface__raw__search-off,10,0.617,0.343,22.879
2026-09-13 10:51:37,earth_surface__raw__search-off,10,0.621,0.343,22.896
2026-09-13 10:51:58,earth_surface__raw__search-off,10,0.616,0.343,22.98
2026-09-13 10:52:20,earth_surface__raw__search-off,10,4.173,3.583,26.5
2026-09-13 10:52:41,earth_surface__raw__search-on,11,1.394,0.787,23.705
2026-09-13 10:53:03,earth_surface__raw__search-on,11,1.637,1.03,23.347
2026-09-13 10:53:25,earth_surface__raw__search-on,23,3.691,1.762,25.071
2026-09-13 10:53:46,earth_surface__raw__search-on,23,3.721,1.776,25.151
2026-09-13 10:54:08,earth_surface__raw__search-on,23,3.722,1.776,25.209
2026-09-13 10:54:30,earth_surface__raw__search-on,23,3.734,1.787,25.341
2026-09-13 10:54:51,earth_surface__raw__search-on,23,3.748,1.799,25.592
2026-09-13 10:55:13,earth_surface__raw__search-on,23,3.606,1.69,25.636
2026-09-13 10:55:35,earth_surface__raw__search-on,23,3.06,1.375,25.693
2026-09-13 10:55:56,,23,2.673,1.171,25.285
2026-09-13 10:56:18,,23,2.418,0.997,25.229
2026-09-13 10:56:40,,23,2.352,0.929,24.972
2026-09-13 10:57:01,,23,2.383,0.964,25.096
2026-09-13 10:57:23,,23,2.447,1.028,25.182
2026-09-13 10:57:45,,23,2.301,0.878,25.258
2026-09-13 10:58:06,,23,2.148,0.726,25.331
2026-09-13 10:58:28,,23,2.026,0.6,25.141
2026-09-13 10:58:50,,23,1.956,0.531,25.006
2026-09-13 10:59:11,,23,1.875,0.452,25.047
2026-09-13 10:59:33,,23,1.807,0.386,25.105
2026-09-13 10:59:55,,23,1.752,0.343,25.164
2026-09-13 11:00:17,,23,1.707,0.343,24.818
2026-09-13 11:00:38,,23,1.675,0.343,24.314
2026-09-13 11:01:00,,23,1.685,0.343,24.359
2026-09-13 11:01:22,,23,1.709,0.343,24.432
2026-09-13 11:01:43,,23,1.728,0.343,24.502
2026-09-13 11:02:05,,23,1.756,0.343,24.58
2026-09-13 11:02:27,,23,1.748,0.343,24.654
2026-09-13 11:02:48,,23,1.712,0.343,24.733
2026-09-13 11:03:10,,23,1.679,0.343,24.969
2026-09-13 11:03:32,,23,1.653,0.343,25.061
2026-09-13 11:03:54,,23,1.624,0.343,24.525
2026-09-13 11:04:15,,23,1.624,0.343,24.235
2026-09-13 11:04:37,,23,1.607,0.343,24.304
2026-09-13 11:04:59,,23,1.622,0.343,24.358
2026-09-13 11:05:21,,23,1.645,0.343,24.441
2026-09-13 11:05:42,,23,1.668,0.343,24.488
2026-09-13 11:06:04,,23,1.688,0.343,24.565
2026-09-13 11:06:26,,23,1.703,0.343,24.627
2026-09-13 11:06:48,,23,1.698,0.343,24.698
2026-09-13 11:07:10,,23,1.67,0.343,24.766
2026-09-13 11:07:32,,23,1.647,0.343,24.779
2026-09-13 11:07:54,,23,1.603,0.343,24.882
2026-09-13 11:08:15,,23,1.568,0.343,24.842
2026-09-13 11:08:37,,23,1.526,0.343,24.286
2026-09-13 11:08:59,,23,1.499,0.343,24.39
2026-09-13 11:09:21,,23,1.467,0.343,24.189
2026-09-13 11:09:42,,23,1.454,0.343,24.14
2026-09-13 11:10:04,,23,1.435,0.343,24.214
2026-09-13 11:10:26,,23,1.417,0.343,24.273
2026-09-13 11:10:48,,23,1.397,0.343,24.293
2026-09-13 11:11:09,,23,1.401,0.355,24.039
2026-09-13 11:11:31,,23,1.403,0.379,24.076
2026-09-13 11:11:53,,23,1.407,0.404,24.117
2026-09-13 11:12:14,,23,1.442,0.441,24.211
2026-09-13 11:12:36,,23,1.468,0.469,24.286
2026-09-13 11:12:58,,23,1.499,0.496,24.375
2026-09-13 11:13:19,,23,1.524,0.521,24.526
2026-09-13 11:13:41,,23,1.551,0.551,24.597
2026-09-13 11:14:03,,23,1.514,0.511,24.679
2026-09-13 11:14:25,,23,1.487,0.482,24.764
2026-09-13 11:14:46,,23,1.471,0.468,24.368
2026-09-13 11:15:08,,23,1.456,0.455,24.475
2026-09-13 11:15:30,,23,1.423,0.422,24.587
2026-09-13 11:15:51,,23,1.472,0.47,24.587
2026-09-13 11:16:13,,23,1.521,0.519,24.674
2026-09-13 11:16:34,,23,1.567,0.562,24.739
2026-09-13 11:16:56,,23,1.527,0.526,24.833
2026-09-13 11:17:18,,23,1.477,0.473,24.484
2026-09-13 11:17:39,,23,1.426,0.426,23.868
2026-09-13 11:18:01,,23,1.39,0.387,23.808
2026-09-13 11:18:23,,23,1.365,0.361,23.435
2026-09-13 11:18:44,,23,1.345,0.344,23.51
2026-09-13 11:19:06,,23,1.378,0.376,23.599
2026-09-13 11:19:28,,23,1.427,0.423,23.695
2026-09-13 11:19:50,,23,1.462,0.458,23.928
2026-09-13 11:20:11,,23,1.511,0.505,23.955
2026-09-13 11:20:33,,23,1.559,0.553,24.045
2026-09-13 11:20:55,,23,1.564,0.557,24.225
2026-09-13 11:21:17,,23,1.519,0.512,24.399
2026-09-13 11:21:39,,23,1.47,0.464,23.896
2026-09-13 11:22:01,,23,1.442,0.433,24.195
2026-09-13 11:22:22,,23,1.393,0.391,24.28
2026-09-13 11:22:44,,23,1.362,0.355,24.418
2026-09-13 11:23:06,,23,1.36,0.355,24.511
2026-09-13 11:23:28,,23,1.404,0.403,24.579
2026-09-13 11:23:49,,23,1.454,0.448,24.592
2026-09-13 11:24:11,,23,1.497,0.492,24.631
2026-09-13 11:24:33,,23,1.539,0.533,24.24
2026-09-13 11:24:54,,23,1.546,0.541,24.346
2026-09-13 11:25:16,,23,1.496,0.489,24.452
2026-09-13 11:25:38,,23,1.437,0.432,24.556
2026-09-13 11:26:00,,23,1.392,0.384,24.643
2026-09-13 11:26:21,,23,1.355,0.348,24.614
2026-09-13 11:26:43,,23,1.331,0.344,24.249
2026-09-13 11:27:05,,23,1.361,0.355,24.583
2026-09-13 11:27:26,,23,1.403,0.396,24.035
2026-09-13 11:27:48,,23,1.448,0.441,24.157
2026-09-13 11:28:10,,23,1.497,0.489,24.48
2026-09-13 11:28:32,,23,1.538,0.53,24.587
2026-09-13 11:28:54,,23,1.573,0.568,24.782
2026-09-13 11:29:15,,23,1.58,0.573,24.867
2026-09-13 11:29:37,,23,1.555,0.549,24.918
2026-09-13 11:29:58,,23,1.541,0.533,25.006
2026-09-13 11:30:20,,23,1.502,0.497,24.585
2026-09-13 11:30:42,,23,1.487,0.479,24.691
2026-09-13 11:31:04,,23,1.532,0.528,24.78
2026-09-13 11:31:25,,23,1.596,0.591,24.812
2026-09-13 11:31:47,,23,1.656,0.652,24.966
2026-09-13 11:32:09,,23,1.718,0.711,25.179
2026-09-13 11:32:31,,23,1.749,0.742,25.334
2026-09-13 11:32:52,,23,1.679,0.672,24.953
2026-09-13 11:33:14,,23,1.667,0.661,25.064
2026-09-13 11:33:36,,23,1.671,0.665,25.201
2026-09-13 11:33:58,,23,1.681,0.673,24.854
2026-09-13 11:34:20,,23,1.735,0.728,25.027
2026-09-13 11:34:42,,23,1.814,0.807,25.349
2026-09-13 11:35:04,,23,1.894,0.886,25.031
2026-09-13 11:35:26,,23,1.968,0.96,25.221
2026-09-13 11:35:47,,23,2.039,1.031,25.543
2026-09-13 11:36:09,,23,2.082,1.073,25.708
2026-09-13 11:36:31,,23,2.048,1.038,25.274
2026-09-13 11:36:53,,23,2.082,1.071,24.814
2026-09-13 11:37:15,,23,2.124,1.113,24.947
2026-09-13 11:37:36,,23,2.076,1.066,25.191
2026-09-13 11:37:58,,23,2.047,1.037,25.502
2026-09-13 11:38:20,,23,2.02,1.009,25.204
2026-09-13 11:38:42,,23,1.993,0.981,25.243
2026-09-13 11:39:03,,23,1.973,0.961,24.85
2026-09-13 11:39:25,,23,1.958,0.946,25.031
2026-09-13 11:39:47,,23,2.051,1.039,25.181
2026-09-13 11:40:09,,23,2.152,1.14,25.42
2026-09-13 11:40:30,,23,2.26,1.251,25.554
2026-09-13 11:40:52,,23,2.354,1.343,25.468
2026-09-13 11:41:14,,23,2.399,1.387,25.663
2026-09-13 11:41:36,,24,2.383,1.355,25.856
2026-09-13 11:41:58,,23,2.349,1.335,25.46
2026-09-13 11:42:20,,23,2.25,1.236,25.576
2026-09-13 11:42:41,,23,2.204,1.19,25.18
2026-09-13 11:43:03,,23,2.135,1.12,25.523
2026-09-13 11:43:25,,23,2.024,1.007,25.618
2026-09-13 11:43:47,,23,2.029,1.012,25.76
2026-09-13 11:44:08,,23,2.074,1.057,25.96
2026-09-13 11:44:30,,23,2.12,1.102,25.428
2026-09-13 11:44:52,,23,2.063,1.044,25.041
2026-09-13 11:45:14,,23,2.031,1.018,25.141
2026-09-13 11:45:35,,23,1.984,0.97,25.305
2026-09-13 11:45:57,,23,1.933,0.917,25.546
2026-09-13 11:46:19,,12,1.779,1.134,25.793
2026-09-13 11:46:40,,11,7.878,7.265,30.679
2026-09-13 11:47:02,,11,7.489,6.876,29.791
2026-09-13 11:47:23,,11,7.408,6.794,29.972
2026-09-13 11:47:45,,11,7.276,6.661,30.221
2026-09-13 11:48:06,,11,7.247,6.633,30.276
2026-09-13 11:48:27,,11,7.247,6.632,30.366
2026-09-13 11:48:49,,11,7.256,6.642,30.627
2026-09-13 11:49:10,earth_surface__raw__search-on,10,0.632,0.351,23.544
2026-09-13 11:49:32,earth_surface__raw__search-on,10,0.637,0.352,22.984
2026-09-13 11:49:53,earth_surface__raw__search-on,10,0.634,0.353,23.267
2026-09-13 11:50:15,earth_surface__raw__search-on,10,4.157,3.556,26.833
2026-09-13 11:50:36,earth_surface__benef__search-off,11,1.047,0.434,23.089
2026-09-13 11:50:58,earth_surface__benef__search-off,11,3.574,2.961,25.856
2026-09-13 11:51:20,earth_surface__benef__search-off,23,3.695,1.762,25.645
2026-09-13 11:51:41,earth_surface__benef__search-off,23,3.692,1.755,25.703
2026-09-13 11:52:03,earth_surface__benef__search-off,23,3.693,1.751,25.757
2026-09-13 11:52:25,earth_surface__benef__search-off,23,3.699,1.752,25.469
2026-09-13 11:52:47,earth_surface__benef__search-off,23,3.709,1.759,25.5
2026-09-13 11:53:09,earth_surface__benef__search-off,23,3.713,1.763,26.077
2026-09-13 11:53:31,earth_surface__benef__search-off,23,3.714,1.763,26.216
2026-09-13 11:53:53,,23,3.715,1.765,26.228
2026-09-13 11:54:15,,23,3.718,1.767,25.65
2026-09-13 11:54:37,,23,3.723,1.774,25.589
2026-09-13 11:54:58,,23,3.711,1.761,25.609
2026-09-13 11:55:20,,23,3.6,1.658,25.727
2026-09-13 11:55:42,,23,3.46,1.566,25.882
2026-09-13 11:56:04,,23,3.342,1.518,25.918
2026-09-13 11:56:26,,23,3.181,1.426,25.959
2026-09-13 11:56:48,,23,3.029,1.341,26.015
2026-09-13 11:57:09,,23,2.896,1.27,26.056
2026-09-13 11:57:31,,23,2.781,1.213,26.113
2026-09-13 11:57:53,,23,2.65,1.136,25.456
2026-09-13 11:58:15,,23,2.532,1.072,25.523
2026-09-13 11:58:36,,23,2.435,1.019,25.546
2026-09-13 11:58:58,,23,2.341,0.958,25.163
2026-09-13 11:59:20,,23,2.249,0.899,25.2
2026-09-13 11:59:41,,23,2.169,0.861,25.331
2026-09-13 12:00:03,,23,2.076,0.812,25.368
2026-09-13 12:00:25,,23,1.985,0.763,25.441
2026-09-13 12:00:46,,23,1.92,0.733,25.519
2026-09-13 12:01:08,,23,1.852,0.692,25.547
2026-09-13 12:01:29,,23,1.792,0.654,25.567
2026-09-13 12:01:51,,23,1.736,0.632,25.263
2026-09-13 12:02:13,,23,1.639,0.541,25.224
2026-09-13 12:02:35,,23,1.547,0.451,24.712
2026-09-13 12:02:56,,23,1.482,0.385,24.755
2026-09-13 12:03:18,,23,1.423,0.351,24.84
2026-09-13 12:03:40,,23,1.406,0.351,24.843
2026-09-13 12:04:01,,23,1.41,0.351,24.912
2026-09-13 12:04:23,,23,1.41,0.351,24.455
2026-09-13 12:04:45,,23,1.432,0.351,24.528
2026-09-13 12:05:07,,23,1.454,0.355,24.622
2026-09-13 12:05:29,,23,1.478,0.378,24.676
2026-09-13 12:05:50,,23,1.482,0.38,24.751
2026-09-13 12:06:12,,23,1.427,0.351,24.758
2026-09-13 12:06:34,,23,1.384,0.351,24.835
2026-09-13 12:06:56,,23,1.35,0.351,24.871
2026-09-13 12:07:18,,23,1.326,0.351,24.368
2026-09-13 12:07:39,,23,1.3,0.351,24.386
2026-09-13 12:08:01,,23,1.272,0.351,24.52
2026-09-13 12:08:23,,23,1.244,0.351,24.627
2026-09-13 12:08:45,,23,1.207,0.351,24.236
2026-09-13 12:09:07,,23,1.178,0.352,24.258
2026-09-13 12:09:28,,23,1.148,0.352,24.259
2026-09-13 12:09:50,,23,1.125,0.352,24.245
2026-09-13 12:10:12,,23,1.099,0.352,24.233
2026-09-13 12:10:33,,23,1.095,0.352,24.292
2026-09-13 12:10:55,,23,1.083,0.351,23.885
2026-09-13 12:11:17,,23,1.082,0.351,23.972
2026-09-13 12:11:39,,23,1.071,0.351,23.994
2026-09-13 12:12:01,,23,1.059,0.351,24.123
2026-09-13 12:12:23,,23,1.053,0.351,24.174
2026-09-13 12:12:45,,23,1.051,0.351,24.204
2026-09-13 12:13:06,,23,1.048,0.351,24.263
2026-09-13 12:13:28,,23,1.046,0.351,24.272
2026-09-13 12:13:50,,23,1.047,0.351,24.323
2026-09-13 12:14:12,,23,1.055,0.351,24.334
2026-09-13 12:14:33,,23,1.068,0.351,24.416
2026-09-13 12:14:55,,23,1.066,0.351,24.438
2026-09-13 12:15:17,,23,1.062,0.351,24.546
2026-09-13 12:15:39,,23,1.056,0.351,24.024
2026-09-13 12:16:00,,23,1.057,0.351,24.073
2026-09-13 12:16:22,,23,1.049,0.351,24.135
2026-09-13 12:16:44,,23,1.036,0.351,24.135
2026-09-13 12:17:06,,23,1.025,0.351,24.206
2026-09-13 12:17:27,,23,1.023,0.352,24.25
2026-09-13 12:17:49,,23,1.015,0.352,23.952
2026-09-13 12:18:11,,23,1.003,0.352,23.874
2026-09-13 12:18:33,,23,0.984,0.352,23.87
2026-09-13 12:18:54,,23,0.977,0.351,23.845
2026-09-13 12:19:16,,23,0.964,0.351,23.842
2026-09-13 12:19:38,,23,0.952,0.351,23.728
2026-09-13 12:20:00,,23,0.941,0.351,23.692
2026-09-13 12:20:22,,23,0.94,0.351,23.237
2026-09-13 12:20:44,,23,0.937,0.352,23.474
2026-09-13 12:21:05,,23,0.93,0.352,23.519
2026-09-13 12:21:27,,23,0.934,0.353,23.176
2026-09-13 12:21:49,,23,0.93,0.353,23.322
2026-09-13 12:22:11,,23,0.932,0.354,23.573
2026-09-13 12:22:33,,23,0.932,0.354,23.614
2026-09-13 12:22:54,,23,0.933,0.354,23.66
2026-09-13 12:23:16,,23,0.943,0.354,23.743
2026-09-13 12:23:38,,23,0.948,0.354,23.76
2026-09-13 12:24:00,,23,0.929,0.354,23.743
2026-09-13 12:24:21,,23,0.904,0.354,23.19
2026-09-13 12:24:43,,23,0.881,0.351,23.203
2026-09-13 12:25:05,,23,0.867,0.351,23.265
2026-09-13 12:25:27,,23,0.853,0.351,23.364
2026-09-13 12:25:48,,23,0.841,0.351,23.356
2026-09-13 12:26:10,,23,0.856,0.351,23.406
2026-09-13 12:26:32,,23,0.855,0.351,23.478
2026-09-13 12:26:53,,23,0.862,0.351,23.502
2026-09-13 12:27:15,,23,0.864,0.351,23.603
2026-09-13 12:27:37,,23,0.871,0.351,23.651
2026-09-13 12:27:58,,23,0.873,0.351,23.656
2026-09-13 12:28:20,,23,0.878,0.351,23.734
2026-09-13 12:28:42,,23,0.886,0.351,23.874
2026-09-13 12:29:03,,23,0.902,0.351,23.929
2026-09-13 12:29:25,,23,0.909,0.352,23.422
2026-09-13 12:29:47,,23,0.911,0.352,23.419
2026-09-13 12:30:08,,23,0.922,0.352,23.481
2026-09-13 12:30:30,,23,0.929,0.352,23.543
2026-09-13 12:30:52,,23,0.927,0.352,23.48
2026-09-13 12:31:13,,23,0.931,0.352,23.565
2026-09-13 12:31:35,,23,0.94,0.353,23.627
2026-09-13 12:31:57,,23,0.941,0.353,23.699
2026-09-13 12:32:19,,23,0.915,0.354,23.722
2026-09-13 12:32:40,,23,0.9,0.354,23.773
2026-09-13 12:33:02,,23,0.881,0.353,23.807
2026-09-13 12:33:24,,23,0.871,0.353,23.877
2026-09-13 12:33:46,,23,0.862,0.353,23.923
2026-09-13 12:34:07,,23,0.879,0.353,23.99
2026-09-13 12:34:29,,23,0.883,0.353,23.438
2026-09-13 12:34:51,,23,0.884,0.353,23.521
2026-09-13 12:35:13,,23,0.881,0.353,23.572
2026-09-13 12:35:35,,23,0.874,0.353,23.637
2026-09-13 12:35:57,,23,0.855,0.353,23.691
2026-09-13 12:36:18,,23,0.846,0.353,23.733
2026-09-13 12:36:40,,23,0.847,0.353,23.812
2026-09-13 12:37:02,,23,0.844,0.353,23.848
2026-09-13 12:37:23,,23,0.844,0.353,24.139
2026-09-13 12:37:45,,23,0.85,0.353,24.113
2026-09-13 12:38:07,,23,0.865,0.353,24.137
2026-09-13 12:38:28,,23,0.867,0.353,24.179
2026-09-13 12:38:50,,23,0.871,0.353,24.281
2026-09-13 12:39:12,,23,0.882,0.353,24.306
2026-09-13 12:39:33,,23,0.886,0.353,24.386
2026-09-13 12:39:55,,23,0.89,0.353,23.536
2026-09-13 12:40:17,,23,0.902,0.354,23.585
2026-09-13 12:40:38,,23,0.908,0.354,23.697
2026-09-13 12:41:00,,23,0.905,0.355,23.939
2026-09-13 12:41:22,,23,0.91,0.355,24.0
2026-09-13 12:41:43,,23,0.924,0.355,24.086
2026-09-13 12:42:05,,23,0.927,0.356,24.217
2026-09-13 12:42:27,,23,0.931,0.356,24.377
2026-09-13 12:42:48,,23,0.946,0.356,24.485
2026-09-13 12:43:10,,23,0.952,0.356,24.601
2026-09-13 12:43:32,,23,0.957,0.356,23.688
2026-09-13 12:43:54,,23,0.965,0.357,23.887
2026-09-13 12:44:15,,23,0.974,0.358,23.93
2026-09-13 12:44:37,,23,0.976,0.358,23.629
2026-09-13 12:44:58,,23,0.984,0.358,23.643
2026-09-13 12:45:20,,23,0.986,0.358,23.711
2026-09-13 12:45:42,,23,0.975,0.358,23.766
2026-09-13 12:46:03,,23,0.967,0.354,23.834
2026-09-13 12:46:25,,23,0.966,0.354,23.891
2026-09-13 12:46:47,,23,0.967,0.354,23.965
2026-09-13 12:47:08,,23,0.957,0.354,24.063
2026-09-13 12:47:30,,23,0.935,0.354,24.048
2026-09-13 12:47:52,,23,0.923,0.354,24.163
2026-09-13 12:48:13,,23,0.914,0.354,24.177
2026-09-13 12:48:35,,23,0.923,0.354,24.269
2026-09-13 12:48:57,,23,0.935,0.354,24.273
2026-09-13 12:49:19,,23,0.931,0.355,23.404
2026-09-13 12:49:40,,23,0.914,0.354,23.486
2026-09-13 12:50:02,,23,0.889,0.354,23.533
2026-09-13 12:50:24,,23,0.878,0.355,23.809
2026-09-13 12:50:46,,23,0.857,0.355,24.012
2026-09-13 12:51:08,,23,0.846,0.356,23.369
2026-09-13 12:51:30,,23,0.847,0.357,23.65
2026-09-13 12:51:52,,23,0.843,0.358,24.026
2026-09-13 12:52:14,,24,0.859,0.355,24.089
2026-09-13 12:52:36,,23,0.856,0.355,23.431
2026-09-13 12:52:58,,23,0.866,0.356,23.559
2026-09-13 12:53:19,,23,0.869,0.357,23.696
2026-09-13 12:53:41,,23,0.871,0.357,24.014
2026-09-13 12:54:03,,23,0.874,0.359,24.118
2026-09-13 12:54:25,,23,0.862,0.359,24.27
2026-09-13 12:54:47,,23,0.846,0.36,23.639
2026-09-13 12:55:08,,23,0.84,0.36,23.667
2026-09-13 12:55:30,,23,0.838,0.36,23.889
2026-09-13 12:55:52,,23,0.839,0.36,23.911
2026-09-13 12:56:14,,23,0.844,0.361,24.083
2026-09-13 12:56:36,,23,0.856,0.361,24.148
2026-09-13 12:56:57,,23,0.862,0.361,24.19
2026-09-13 12:57:19,,23,0.86,0.361,24.21
2026-09-13 12:57:41,,23,0.855,0.356,24.246
2026-09-13 12:58:03,,23,0.848,0.356,24.347
2026-09-13 12:58:25,,23,0.836,0.357,24.464
2026-09-13 12:58:46,,23,0.836,0.357,24.555
2026-09-13 12:59:08,,23,0.835,0.357,24.672
2026-09-13 12:59:30,,23,0.834,0.357,23.629
2026-09-13 12:59:51,,23,0.84,0.357,23.71
2026-09-13 13:00:13,,23,0.854,0.357,23.733
2026-09-13 13:00:35,,23,0.857,0.357,23.827
2026-09-13 13:00:56,,23,0.868,0.357,23.912
2026-09-13 13:01:18,,23,0.87,0.357,24.012
2026-09-13 13:01:40,,23,0.852,0.357,24.065
2026-09-13 13:02:02,,23,0.844,0.357,24.129
2026-09-13 13:02:23,,23,0.839,0.357,24.18
2026-09-13 13:02:45,,23,0.839,0.357,24.231
2026-09-13 13:03:06,,23,0.846,0.357,24.277
2026-09-13 13:03:28,,23,0.859,0.357,24.348
2026-09-13 13:03:50,,23,0.864,0.357,24.393
2026-09-13 13:04:12,,23,0.871,0.357,24.304
2026-09-13 13:04:33,,23,0.872,0.357,24.021
2026-09-13 13:04:55,,23,0.858,0.357,24.054
2026-09-13 13:05:16,,23,0.848,0.358,24.108
2026-09-13 13:05:38,,23,0.841,0.357,24.214
2026-09-13 13:06:00,,23,0.839,0.357,24.282
2026-09-13 13:06:21,,23,0.85,0.357,24.306
2026-09-13 13:06:43,,23,0.854,0.357,24.426
2026-09-13 13:07:05,,23,0.861,0.357,24.469
2026-09-13 13:07:27,,23,0.878,0.357,24.574
2026-09-13 13:07:48,,23,0.878,0.357,24.58
2026-09-13 13:08:10,,23,0.872,0.357,24.593
2026-09-13 13:08:32,,23,0.859,0.357,24.609
2026-09-13 13:08:53,,23,0.85,0.357,24.603
2026-09-13 13:09:15,,23,0.858,0.357,24.62
2026-09-13 13:09:37,,23,0.86,0.357,24.561
2026-09-13 13:09:58,,23,0.874,0.357,24.615
2026-09-13 13:10:20,,23,0.884,0.357,24.592
2026-09-13 13:10:42,,23,0.886,0.357,24.64
2026-09-13 13:11:03,,23,0.875,0.357,24.627
2026-09-13 13:11:25,,23,0.861,0.357,24.658
2026-09-13 13:11:47,,23,0.85,0.357,24.689
2026-09-13 13:12:08,,23,0.844,0.357,24.724
2026-09-13 13:12:30,,23,0.846,0.359,24.756
2026-09-13 13:12:52,,23,0.855,0.359,24.788
2026-09-13 13:13:13,,23,0.863,0.359,24.775
2026-09-13 13:13:35,,23,0.871,0.36,24.695
2026-09-13 13:13:57,,23,0.873,0.359,24.699
2026-09-13 13:14:18,,23,0.877,0.359,24.704
2026-09-13 13:14:40,,23,0.86,0.36,24.723
2026-09-13 13:15:02,,23,0.852,0.358,24.76
2026-09-13 13:15:23,,23,0.848,0.358,24.788
2026-09-13 13:15:45,,23,0.839,0.358,24.708
2026-09-13 13:16:07,,23,0.855,0.358,24.746
2026-09-13 13:16:28,,23,0.862,0.358,24.73
2026-09-13 13:16:50,,23,0.878,0.358,24.752
2026-09-13 13:17:12,,23,0.884,0.358,24.802
2026-09-13 13:17:33,,23,0.871,0.358,24.739
2026-09-13 13:17:55,,23,0.858,0.358,24.779
2026-09-13 13:18:17,,23,0.852,0.358,24.781
2026-09-13 13:18:38,,23,0.845,0.358,24.787
2026-09-13 13:19:00,,23,0.847,0.358,24.808
2026-09-13 13:19:22,,23,0.856,0.358,24.82
2026-09-13 13:19:43,,23,0.867,0.358,24.823
2026-09-13 13:20:05,,23,0.878,0.358,23.545
2026-09-13 13:20:27,,23,0.878,0.358,23.568
2026-09-13 13:20:48,,23,0.868,0.358,23.632
2026-09-13 13:21:10,,23,0.858,0.358,23.539
2026-09-13 13:21:32,,23,0.848,0.358,23.543
2026-09-13 13:21:53,,23,0.846,0.358,23.564
2026-09-13 13:22:15,,23,0.846,0.358,23.589
2026-09-13 13:22:37,,23,0.855,0.358,23.207
2026-09-13 13:22:58,,23,0.866,0.358,23.002
2026-09-13 13:23:20,,23,0.88,0.358,23.014
2026-09-13 13:23:41,,23,0.883,0.358,23.068
2026-09-13 13:24:03,,23,0.875,0.358,23.037
2026-09-13 13:24:25,,23,0.859,0.358,23.064
2026-09-13 13:24:46,,23,0.855,0.358,23.06
2026-09-13 13:25:08,,23,0.85,0.358,23.061
2026-09-13 13:25:29,,23,0.85,0.358,23.083
2026-09-13 13:25:51,,23,0.861,0.358,23.106
2026-09-13 13:26:13,,23,0.87,0.358,23.127
2026-09-13 13:26:34,,23,0.884,0.358,23.214
2026-09-13 13:26:56,,23,0.888,0.358,23.21
2026-09-13 13:27:18,,23,0.879,0.358,23.207
2026-09-13 13:27:39,,23,0.868,0.358,23.262
2026-09-13 13:28:01,,23,0.855,0.358,23.282
2026-09-13 13:28:23,,23,0.853,0.358,23.285
2026-09-13 13:28:44,,23,0.854,0.358,23.26
2026-09-13 13:29:06,,23,0.863,0.358,23.355
2026-09-13 13:29:28,,23,0.87,0.358,23.427
2026-09-13 13:29:49,,23,0.876,0.358,23.819
2026-09-13 13:30:11,,23,0.88,0.359,23.312
2026-09-13 13:30:33,,23,0.875,0.359,23.32
2026-09-13 13:30:55,,23,0.863,0.358,23.333
2026-09-13 13:31:16,,23,0.853,0.358,23.294
2026-09-13 13:31:38,,23,0.844,0.358,23.346
2026-09-13 13:32:00,,23,0.854,0.358,23.336
2026-09-13 13:32:21,,23,0.865,0.358,23.332
2026-09-13 13:32:43,,23,0.882,0.358,23.308
2026-09-13 13:33:04,,23,0.887,0.358,23.342
2026-09-13 13:33:26,,23,0.89,0.358,23.324
2026-09-13 13:33:48,,23,0.876,0.358,23.351
2026-09-13 13:34:09,,23,0.868,0.358,23.399
2026-09-13 13:34:31,,23,0.858,0.358,23.403
2026-09-13 13:34:53,,23,0.855,0.358,23.369
2026-09-13 13:35:14,,23,0.86,0.358,23.397
2026-09-13 13:35:36,,23,0.874,0.358,23.447
2026-09-13 13:35:57,,23,0.882,0.358,23.455
2026-09-13 13:36:19,,23,0.889,0.358,23.471
2026-09-13 13:36:41,,23,0.889,0.358,23.435
2026-09-13 13:37:02,,23,0.882,0.358,23.484
2026-09-13 13:37:24,,23,0.869,0.358,23.493
2026-09-13 13:37:45,,23,0.863,0.358,23.516
2026-09-13 13:38:07,,23,0.857,0.358,23.525
2026-09-13 13:38:29,,23,0.862,0.358,23.505
2026-09-13 13:38:50,,23,0.875,0.358,23.513
2026-09-13 13:39:12,,23,0.883,0.358,23.562
2026-09-13 13:39:34,,23,0.891,0.358,23.577
2026-09-13 13:39:55,,23,0.89,0.358,23.538
2026-09-13 13:40:17,,23,0.874,0.358,22.993
2026-09-13 13:40:38,,23,0.864,0.358,22.973
2026-09-13 13:41:00,,23,0.853,0.358,22.968
2026-09-13 13:41:22,,23,0.859,0.358,23.014
2026-09-13 13:41:43,,23,0.866,0.358,23.051
2026-09-13 13:42:05,,23,0.88,0.358,23.029
2026-09-13 13:42:27,,23,0.887,0.358,23.019
2026-09-13 13:42:48,,23,0.893,0.358,23.023
2026-09-13 13:43:10,,23,0.893,0.358,23.066
2026-09-13 13:43:31,,23,0.877,0.358,23.094
2026-09-13 13:43:53,,23,0.879,0.358,23.106
2026-09-13 13:44:15,,23,0.871,0.359,23.219
2026-09-13 13:44:37,,23,0.879,0.359,23.212
2026-09-13 13:44:59,,23,0.891,0.359,23.202
2026-09-13 13:45:20,,23,0.903,0.359,23.237
2026-09-13 13:45:42,,23,0.907,0.359,23.271
2026-09-13 13:46:03,,23,0.899,0.36,23.236
2026-09-13 13:46:25,,23,0.885,0.359,23.243
2026-09-13 13:46:47,,23,0.871,0.36,23.257
2026-09-13 13:47:08,,23,0.867,0.36,23.281
2026-09-13 13:47:30,,23,0.863,0.357,23.314
2026-09-13 13:47:52,,23,0.874,0.357,23.325
2026-09-13 13:48:13,,23,0.886,0.357,23.283
2026-09-13 13:48:35,,23,0.893,0.357,23.284
2026-09-13 13:48:57,,23,0.901,0.357,23.261
2026-09-13 13:49:18,,23,0.889,0.357,23.319
2026-09-13 13:49:40,,23,0.881,0.357,23.342
2026-09-13 13:50:02,,23,0.866,0.357,23.337
2026-09-13 13:50:23,,23,0.866,0.357,23.397
2026-09-13 13:50:45,,23,0.869,0.357,23.36
2026-09-13 13:51:07,,23,0.879,0.357,23.371
2026-09-13 13:51:28,,23,0.891,0.357,23.401
2026-09-13 13:51:50,,23,0.902,0.357,23.408
2026-09-13 13:52:12,,23,0.909,0.357,23.383
2026-09-13 13:52:33,,23,0.892,0.357,23.45
2026-09-13 13:52:55,,23,0.882,0.357,23.418
2026-09-13 13:53:17,,23,0.866,0.357,23.436
2026-09-13 13:53:38,,23,0.869,0.357,23.458
2026-09-13 13:54:00,,23,0.872,0.357,23.455
2026-09-13 13:54:22,,23,0.893,0.357,23.481
2026-09-13 13:54:43,,23,0.895,0.357,23.505
2026-09-13 13:55:05,,23,0.909,0.357,23.499
2026-09-13 13:55:26,,23,0.909,0.358,23.486
2026-09-13 13:55:48,,23,0.896,0.358,23.587
2026-09-13 13:56:10,,23,0.881,0.358,23.551
2026-09-13 13:56:31,,23,0.875,0.358,23.417
2026-09-13 13:56:53,,23,0.873,0.358,22.945
2026-09-13 13:57:15,,23,0.886,0.359,22.987
2026-09-13 13:57:36,,23,0.897,0.359,22.975
2026-09-13 13:57:58,,23,0.914,0.359,23.039
2026-09-13 13:58:20,,23,0.914,0.359,23.045
2026-09-13 13:58:41,,23,0.924,0.359,23.059
2026-09-13 13:59:03,,23,0.9,0.359,23.05
2026-09-13 13:59:24,,23,0.895,0.359,23.108
2026-09-13 13:59:46,,23,0.874,0.359,23.095
2026-09-13 14:00:08,,23,0.872,0.359,23.1
2026-09-13 14:00:29,,23,0.88,0.359,23.118
2026-09-13 14:00:51,,23,0.9,0.359,23.08
2026-09-13 14:01:12,,23,0.905,0.359,23.11
2026-09-13 14:01:34,,23,0.923,0.359,23.143
2026-09-13 14:01:55,,23,0.913,0.359,23.097
2026-09-13 14:02:17,,23,0.907,0.359,23.17
2026-09-13 14:02:39,,23,0.882,0.359,23.139
2026-09-13 14:03:00,,23,0.879,0.359,23.173
2026-09-13 14:03:22,,23,0.873,0.359,23.143
2026-09-13 14:03:44,,23,0.899,0.359,23.228
2026-09-13 14:04:05,,23,0.899,0.359,23.224
2026-09-13 14:04:27,,23,0.92,0.359,23.245
2026-09-13 14:04:49,,23,0.917,0.359,23.221
2026-09-13 14:05:10,,23,0.926,0.359,23.23
2026-09-13 14:05:32,,23,0.909,0.359,23.263
2026-09-13 14:05:53,,23,0.923,0.359,23.285
2026-09-13 14:06:15,,23,0.918,0.359,23.262
2026-09-13 14:06:37,,23,0.936,0.359,23.283
2026-09-13 14:06:58,,23,0.954,0.359,23.376
2026-09-13 14:07:20,,23,0.959,0.359,23.376
2026-09-13 14:07:41,,23,0.959,0.359,23.389
2026-09-13 14:08:03,,23,0.939,0.359,23.393
2026-09-13 14:08:25,,23,0.948,0.359,23.438
2026-09-13 14:08:46,,23,0.937,0.359,23.427
2026-09-13 14:09:08,,23,0.951,0.359,23.477
2026-09-13 14:09:29,,23,0.961,0.359,23.458
2026-09-13 14:09:51,,23,0.974,0.359,23.509
2026-09-13 14:10:13,,23,0.986,0.359,23.543
2026-09-13 14:10:34,,23,0.963,0.359,23.537
2026-09-13 14:10:56,,23,0.955,0.359,23.525
2026-09-13 14:11:17,,23,0.952,0.359,23.554
2026-09-13 14:11:39,,23,0.957,0.359,23.517
2026-09-13 14:12:01,,23,0.979,0.359,23.552
2026-09-13 14:12:22,,23,0.988,0.36,23.618
2026-09-13 14:12:44,,23,0.996,0.36,23.623
2026-09-13 14:13:05,,23,0.985,0.36,23.647
2026-09-13 14:13:27,,23,0.975,0.36,23.667
2026-09-13 14:13:49,,23,0.979,0.36,23.781
2026-09-13 14:14:10,,23,0.977,0.36,23.247
2026-09-13 14:14:32,,23,0.991,0.36,23.177
2026-09-13 14:14:54,,23,1.011,0.359,23.233
2026-09-13 14:15:15,,23,1.006,0.359,23.127
2026-09-13 14:15:37,,23,0.988,0.359,23.118
2026-09-13 14:15:58,,23,0.992,0.359,23.134
2026-09-13 14:16:20,,23,0.992,0.359,23.175
2026-09-13 14:16:41,,23,0.996,0.359,23.135
2026-09-13 14:17:03,,23,1.018,0.359,23.168
2026-09-13 14:17:25,,23,1.043,0.359,23.202
2026-09-13 14:17:46,,23,1.06,0.359,23.242
2026-09-13 14:18:08,,23,1.031,0.359,23.247
2026-09-13 14:18:29,,23,1.006,0.359,23.285
2026-09-13 14:18:51,,23,0.983,0.359,23.296
2026-09-13 14:19:13,,23,0.977,0.359,23.307
2026-09-13 14:19:34,,23,0.993,0.359,23.353
2026-09-13 14:19:56,,23,1.02,0.359,23.383
2026-09-13 14:20:17,,23,1.046,0.359,23.402
2026-09-13 14:20:39,,23,1.076,0.359,23.47
2026-09-13 14:21:01,,23,1.089,0.359,23.509
2026-09-13 14:21:22,,23,1.058,0.359,23.543
2026-09-13 14:21:44,,23,1.026,0.359,23.564
2026-09-13 14:22:05,,23,1.007,0.359,23.581
2026-09-13 14:22:27,,23,0.985,0.359,23.61
2026-09-13 14:22:49,,23,0.987,0.36,23.704
2026-09-13 14:23:10,,23,1.019,0.36,23.736
2026-09-13 14:23:32,,23,1.044,0.36,23.708
2026-09-13 14:23:53,,23,1.08,0.359,23.75
2026-09-13 14:24:15,,23,1.11,0.359,23.773
2026-09-13 14:24:37,,23,1.115,0.359,23.878
2026-09-13 14:24:58,,23,1.089,0.359,23.896
2026-09-13 14:25:20,,23,1.055,0.359,23.988
2026-09-13 14:25:42,,23,1.022,0.359,24.051
2026-09-13 14:26:03,,23,1.002,0.359,24.037
2026-09-13 14:26:25,,23,1.014,0.359,24.082
2026-09-13 14:26:47,,23,1.046,0.359,24.094
2026-09-13 14:27:08,,23,1.072,0.359,24.172
2026-09-13 14:27:30,,23,1.101,0.359,23.934
2026-09-13 14:27:52,,23,1.118,0.359,23.471
2026-09-13 14:28:13,,23,1.106,0.359,23.492
2026-09-13 14:28:35,,23,1.067,0.359,23.539
2026-09-13 14:28:57,,23,1.033,0.359,23.584
2026-09-13 14:29:18,,23,1.014,0.359,23.606
2026-09-13 14:29:40,,23,1.003,0.359,23.644
2026-09-13 14:30:02,,23,1.025,0.359,23.724
2026-09-13 14:30:23,,23,1.059,0.359,23.716
2026-09-13 14:30:45,,23,1.095,0.359,23.768
2026-09-13 14:31:06,,23,1.124,0.359,23.783
2026-09-13 14:31:28,,23,1.129,0.359,23.765
2026-09-13 14:31:50,,23,1.11,0.359,23.855
2026-09-13 14:32:12,,23,1.068,0.359,23.877
2026-09-13 14:32:33,,23,1.043,0.359,23.929
2026-09-13 14:32:55,,23,1.022,0.359,23.954
2026-09-13 14:33:17,,23,1.041,0.359,23.952
2026-09-13 14:33:38,,23,1.076,0.36,23.994
2026-09-13 14:34:00,,23,1.115,0.36,24.079
2026-09-13 14:34:22,,23,1.151,0.368,24.061
2026-09-13 14:34:43,,23,1.176,0.393,24.091
2026-09-13 14:35:05,,23,1.178,0.395,24.149
2026-09-13 14:35:27,,23,1.132,0.36,24.24
2026-09-13 14:35:49,,23,1.092,0.36,24.21
2026-09-13 14:36:10,,23,1.069,0.361,24.286
2026-09-13 14:36:32,,23,1.067,0.361,24.399
2026-09-13 14:36:54,,23,1.097,0.359,24.393
2026-09-13 14:37:15,,23,1.139,0.359,24.438
2026-09-13 14:37:37,,23,1.186,0.404,24.042
2026-09-13 14:37:59,,23,1.226,0.443,23.698
2026-09-13 14:38:21,,23,1.243,0.461,23.787
2026-09-13 14:38:43,,23,1.237,0.454,23.836
2026-09-13 14:39:04,,23,1.19,0.407,23.807
2026-09-13 14:39:26,,23,1.15,0.367,23.855
2026-09-13 14:39:47,,23,1.133,0.359,23.973
2026-09-13 14:40:09,,23,1.132,0.359,24.013
2026-09-13 14:40:31,,23,1.179,0.396,24.047
2026-09-13 14:40:52,,23,1.232,0.448,23.933
2026-09-13 14:41:14,,23,1.282,0.498,24.003
2026-09-13 14:41:35,,23,1.333,0.549,24.052
2026-09-13 14:41:57,,23,1.358,0.574,24.079
2026-09-13 14:42:19,,23,1.31,0.527,24.195
2026-09-13 14:42:40,,23,1.264,0.48,24.26
2026-09-13 14:43:02,,23,1.218,0.434,24.374
2026-09-13 14:43:24,,23,1.204,0.42,24.43
2026-09-13 14:43:45,,23,1.27,0.487,24.523
2026-09-13 14:44:07,,23,1.347,0.564,24.566
2026-09-13 14:44:29,,23,1.425,0.641,24.649
2026-09-13 14:44:50,,23,1.511,0.727,24.768
2026-09-13 14:45:12,,23,1.55,0.765,24.863
2026-09-13 14:45:33,,23,1.515,0.729,24.891
2026-09-13 14:45:55,,23,1.441,0.656,24.451
2026-09-13 14:46:17,,23,1.38,0.594,24.516
2026-09-13 14:46:38,,23,1.334,0.548,24.582
2026-09-13 14:47:00,,23,1.341,0.555,24.643
2026-09-13 14:47:22,,23,1.408,0.622,24.743
2026-09-13 14:47:43,,23,1.476,0.69,24.829
2026-09-13 14:48:05,,23,1.521,0.736,24.911
2026-09-13 14:48:27,,23,1.539,0.753,24.89
2026-09-13 14:48:48,,23,1.532,0.746,24.379
2026-09-13 14:49:10,,23,1.436,0.65,24.445
2026-09-13 14:49:31,,23,1.371,0.584,24.583
2026-09-13 14:49:53,,23,1.315,0.528,24.648
2026-09-13 14:50:15,,23,1.359,0.573,24.711
2026-09-13 14:50:36,,23,1.363,0.576,24.691
2026-09-13 14:50:57,,11,8.519,7.914,30.927
2026-09-13 14:51:19,,11,11.49,10.885,33.871
2026-09-13 14:51:40,,11,8.402,7.797,30.644
2026-09-13 14:52:01,,11,8.402,7.796,30.635
2026-09-13 14:52:23,,11,8.402,7.796,30.743
2026-09-13 14:52:44,,11,8.33,7.725,30.814
2026-09-13 14:53:05,,11,7.867,7.261,30.868
2026-09-13 14:53:27,,11,7.232,6.626,30.533
2026-09-13 14:53:48,,11,5.953,5.348,28.975
2026-09-13 14:54:09,earth_surface__benef__search-off,10,0.631,0.36,22.631
2026-09-13 14:54:31,earth_surface__benef__search-off,10,0.631,0.36,22.609
2026-09-13 14:54:52,earth_surface__benef__search-off,10,0.627,0.36,22.611
2026-09-13 14:55:13,earth_surface__benef__search-off,10,4.693,4.088,26.557
2026-09-13 14:55:35,earth_surface__benef__search-off,9,0.607,0.36,22.454
2026-09-13 14:55:57,earth_surface__benef__search-on,11,3.353,2.73,25.134
2026-09-13 14:56:18,earth_surface__benef__search-on,20,3.369,1.761,24.995
2026-09-13 14:56:40,earth_surface__benef__search-on,23,3.708,1.761,25.157
2026-09-13 14:57:01,earth_surface__benef__search-on,23,3.71,1.76,25.166
2026-09-13 14:57:23,earth_surface__benef__search-on,23,3.701,1.749,25.17
2026-09-13 14:57:45,earth_surface__benef__search-on,23,3.703,1.749,25.146
2026-09-13 14:58:06,earth_surface__benef__search-on,23,3.443,1.544,25.208
2026-09-13 14:58:28,earth_surface__benef__search-on,23,2.9,1.243,25.192
2026-09-13 14:58:49,,23,2.474,1.006,25.176
2026-09-13 14:59:11,,23,2.271,0.828,25.023
2026-09-13 14:59:33,,23,2.118,0.677,24.698
2026-09-13 14:59:54,,23,1.999,0.556,24.699
2026-09-13 15:00:16,,23,1.89,0.447,24.688
2026-09-13 15:00:37,,23,1.806,0.364,24.694
2026-09-13 15:00:59,,23,1.741,0.36,24.693
2026-09-13 15:01:21,,23,1.686,0.36,24.697
2026-09-13 15:01:42,,23,1.644,0.36,24.71
2026-09-13 15:02:04,,23,1.608,0.36,24.721
2026-09-13 15:02:26,,23,1.575,0.36,24.16
2026-09-13 15:02:47,,23,1.549,0.36,24.202
2026-09-13 15:03:09,,23,1.531,0.36,24.173
2026-09-13 15:03:30,,23,1.519,0.36,24.175
2026-09-13 15:03:52,,23,1.515,0.36,24.185
2026-09-13 15:04:14,,23,1.518,0.36,24.204
2026-09-13 15:04:35,,23,1.52,0.36,24.232
2026-09-13 15:04:57,,23,1.521,0.36,24.237
2026-09-13 15:05:19,,23,1.514,0.36,24.237
2026-09-13 15:05:40,,23,1.508,0.36,24.241
2026-09-13 15:06:02,,23,1.509,0.36,24.241
2026-09-13 15:06:24,,23,1.506,0.36,24.211
2026-09-13 15:06:45,,23,1.506,0.36,24.269
2026-09-13 15:07:07,,23,1.506,0.36,24.28
2026-09-13 15:07:29,,23,1.507,0.36,24.287
2026-09-13 15:07:50,,23,1.506,0.36,24.296
2026-09-13 15:08:12,,23,1.507,0.36,24.305
2026-09-13 15:08:34,,23,1.508,0.36,24.346
2026-09-13 15:08:55,,23,1.507,0.36,23.707
2026-09-13 15:09:17,,23,1.508,0.361,23.715
2026-09-13 15:09:39,,23,1.508,0.361,23.697
2026-09-13 15:10:00,,23,1.509,0.361,23.658
2026-09-13 15:10:22,,23,1.508,0.361,23.593
2026-09-13 15:10:44,,23,1.51,0.361,23.558
2026-09-13 15:11:06,,23,1.511,0.361,23.51
2026-09-13 15:11:27,,23,1.507,0.361,23.467
2026-09-13 15:11:49,,23,1.506,0.361,23.442
2026-09-13 15:12:10,,23,1.511,0.361,23.401
2026-09-13 15:12:32,,23,1.507,0.361,23.401
2026-09-13 15:12:54,,23,1.507,0.361,23.332
2026-09-13 15:13:15,,23,1.505,0.361,23.267
2026-09-13 15:13:37,,23,1.504,0.361,23.244
2026-09-13 15:13:59,,23,1.504,0.36,23.126
2026-09-13 15:14:20,,23,1.505,0.36,23.146
2026-09-13 15:14:42,,23,1.506,0.36,23.157
2026-09-13 15:15:04,,23,1.506,0.36,23.167
2026-09-13 15:15:25,,23,1.508,0.36,23.169
2026-09-13 15:15:47,,23,1.515,0.36,23.233
2026-09-13 15:16:09,,23,1.515,0.36,23.264
2026-09-13 15:16:30,,23,1.509,0.36,23.276
2026-09-13 15:16:52,,23,1.507,0.36,23.307
2026-09-13 15:17:14,,23,1.507,0.36,23.335
2026-09-13 15:17:35,,23,1.507,0.36,23.273
2026-09-13 15:17:57,,23,1.504,0.361,23.228
2026-09-13 15:18:19,,23,1.502,0.361,23.254
2026-09-13 15:18:41,,23,1.504,0.361,23.276
2026-09-13 15:19:02,,23,1.504,0.361,23.285
2026-09-13 15:19:24,,23,1.509,0.361,23.305
2026-09-13 15:19:46,,23,1.517,0.361,23.317
2026-09-13 15:20:07,,23,1.522,0.361,23.332
2026-09-13 15:20:29,,23,1.53,0.361,23.361
2026-09-13 15:20:51,,23,1.527,0.361,23.376
2026-09-13 15:21:13,,23,1.523,0.361,23.39
2026-09-13 15:21:34,,23,1.523,0.361,23.371
2026-09-13 15:21:56,,23,1.53,0.361,23.389
2026-09-13 15:22:18,,23,1.54,0.361,23.409
2026-09-13 15:22:39,,23,1.553,0.361,23.424
2026-09-13 15:23:01,,23,1.553,0.361,23.468
2026-09-13 15:23:23,,23,1.548,0.361,23.472
2026-09-13 15:23:45,,23,1.538,0.361,23.486
2026-09-13 15:24:07,,23,1.524,0.362,23.505
2026-09-13 15:24:28,,23,1.528,0.362,23.563
2026-09-13 15:24:50,,23,1.531,0.362,23.579
2026-09-13 15:25:12,,23,1.547,0.362,23.533
2026-09-13 15:25:33,,23,1.561,0.362,23.548
2026-09-13 15:25:55,,23,1.576,0.362,23.571
2026-09-13 15:26:17,,23,1.589,0.362,23.615
2026-09-13 15:26:39,,23,1.579,0.362,23.642
2026-09-13 15:27:00,,23,1.569,0.362,23.714
2026-09-13 15:27:22,,23,1.551,0.361,23.707
2026-09-13 15:27:44,,23,1.542,0.361,23.742
2026-09-13 15:28:05,,23,1.534,0.361,23.749
2026-09-13 15:28:27,,23,1.539,0.361,23.774
2026-09-13 15:28:49,,23,1.556,0.361,23.742
2026-09-13 15:29:11,,23,1.562,0.361,23.72
2026-09-13 15:29:32,,23,1.571,0.361,23.749
2026-09-13 15:29:54,,23,1.566,0.361,23.725
2026-09-13 15:30:16,,23,1.551,0.362,23.757
2026-09-13 15:30:37,,23,1.53,0.362,23.768
2026-09-13 15:30:59,,23,1.517,0.362,23.793
2026-09-13 15:31:20,,23,1.503,0.362,23.734
2026-09-13 15:31:42,,23,1.505,0.362,23.714
2026-09-13 15:32:03,,23,1.506,0.362,23.643
2026-09-13 15:32:25,,23,1.507,0.362,23.653
2026-09-13 15:32:47,,23,1.511,0.362,23.665
2026-09-13 15:33:08,,23,1.508,0.362,23.67
2026-09-13 15:33:30,,23,1.508,0.362,23.689
2026-09-13 15:33:51,,23,1.508,0.362,23.695
2026-09-13 15:34:13,,23,1.505,0.362,23.651
2026-09-13 15:34:35,,23,1.506,0.363,23.747
2026-09-13 15:34:57,,23,1.506,0.362,23.744
2026-09-13 15:35:18,,23,1.506,0.362,23.776
2026-09-13 15:35:40,,23,1.512,0.362,23.784
2026-09-13 15:36:02,,23,1.507,0.362,23.798
2026-09-13 15:36:23,,23,1.507,0.362,23.822
2026-09-13 15:36:45,,23,1.509,0.362,23.873
2026-09-13 15:37:07,,23,1.505,0.362,23.877
2026-09-13 15:37:28,,23,1.505,0.362,23.85
2026-09-13 15:37:50,,23,1.506,0.362,23.941
2026-09-13 15:38:12,,23,1.505,0.362,23.911
2026-09-13 15:38:34,,23,1.506,0.362,23.933
2026-09-13 15:38:55,,23,1.506,0.362,23.96
2026-09-13 15:39:17,,23,1.505,0.362,23.967
2026-09-13 15:39:39,,23,1.505,0.363,23.974
2026-09-13 15:40:00,,23,1.505,0.363,23.923
2026-09-13 15:40:22,,23,1.506,0.363,23.941
2026-09-13 15:40:44,,23,1.506,0.362,23.993
2026-09-13 15:41:05,,23,1.506,0.362,23.955
2026-09-13 15:41:27,,23,1.508,0.362,23.953
2026-09-13 15:41:49,,23,1.506,0.362,23.953
2026-09-13 15:42:10,,23,1.506,0.362,23.962
2026-09-13 15:42:32,,23,1.507,0.362,23.965
2026-09-13 15:42:54,,23,1.513,0.362,23.979
2026-09-13 15:43:15,,23,1.517,0.362,24.053
2026-09-13 15:43:37,,23,1.525,0.362,24.006
2026-09-13 15:43:59,,23,1.527,0.362,24.039
2026-09-13 15:44:21,,23,1.527,0.363,23.995
2026-09-13 15:44:42,,23,1.523,0.363,23.965
2026-09-13 15:45:04,,23,1.514,0.363,23.944
2026-09-13 15:45:26,,23,1.506,0.363,23.915
2026-09-13 15:45:47,,23,1.506,0.363,23.977
2026-09-13 15:46:09,,23,1.505,0.363,23.984
2026-09-13 15:46:31,,23,1.506,0.363,23.969
2026-09-13 15:46:52,,23,1.508,0.362,23.936
2026-09-13 15:47:14,,23,1.507,0.362,23.916
2026-09-13 15:47:36,,23,1.507,0.362,23.898
2026-09-13 15:47:57,,23,1.507,0.362,23.903
2026-09-13 15:48:19,,23,1.507,0.362,23.919
2026-09-13 15:48:41,,23,1.508,0.362,23.901
2026-09-13 15:49:02,,23,1.508,0.362,23.927
2026-09-13 15:49:24,,23,1.509,0.362,23.918
2026-09-13 15:49:46,,23,1.508,0.362,23.942
2026-09-13 15:50:07,,23,1.508,0.362,23.512
2026-09-13 15:50:29,,23,1.506,0.362,23.533
2026-09-13 15:50:51,,23,1.506,0.362,23.553
2026-09-13 15:51:13,,23,1.507,0.362,23.562
2026-09-13 15:51:34,,23,1.507,0.362,23.58
2026-09-13 15:51:56,,23,1.507,0.362,23.579
2026-09-13 15:52:17,,23,1.506,0.362,23.514
2026-09-13 15:52:39,,23,1.51,0.362,23.493
2026-09-13 15:53:01,,23,1.512,0.362,23.475
2026-09-13 15:53:22,,23,1.506,0.362,23.497
2026-09-13 15:53:44,,23,1.507,0.363,23.578
2026-09-13 15:54:05,,23,1.507,0.363,23.565
2026-09-13 15:54:27,,23,1.507,0.363,23.567
2026-09-13 15:54:49,,23,1.507,0.363,23.574
2026-09-13 15:55:10,,23,1.508,0.363,23.578
2026-09-13 15:55:32,,23,1.511,0.363,23.59
2026-09-13 15:55:53,,23,1.506,0.363,23.533
2026-09-13 15:56:15,,23,1.506,0.363,23.499
2026-09-13 15:56:37,,23,1.506,0.363,23.471
2026-09-13 15:56:58,,23,1.505,0.363,23.561
2026-09-13 15:57:20,,23,1.506,0.363,23.561
2026-09-13 15:57:41,,23,1.507,0.363,23.55
2026-09-13 15:58:03,,23,1.51,0.363,23.598
2026-09-13 15:58:25,,23,1.527,0.363,23.706
2026-09-13 15:58:46,,23,1.531,0.364,23.74
2026-09-13 15:59:08,,23,1.53,0.364,23.756
2026-09-13 15:59:30,,23,1.528,0.364,23.632
2026-09-13 15:59:51,,23,1.523,0.364,23.681
2026-09-13 16:00:13,,23,1.509,0.364,23.7
2026-09-13 16:00:35,,23,1.51,0.364,23.659
2026-09-13 16:00:56,,23,1.511,0.364,23.651
2026-09-13 16:01:18,,23,1.507,0.364,23.667
2026-09-13 16:01:39,,23,1.508,0.364,23.621
2026-09-13 16:02:01,,23,1.508,0.364,23.63
2026-09-13 16:02:23,,23,1.507,0.364,23.63
2026-09-13 16:02:44,,23,1.508,0.364,23.665
2026-09-13 16:03:06,,23,1.508,0.364,23.729
2026-09-13 16:03:27,,23,1.509,0.364,23.746
2026-09-13 16:03:49,,23,1.513,0.364,23.758
2026-09-13 16:04:11,,23,1.509,0.364,23.728
2026-09-13 16:04:32,,23,1.51,0.365,23.705
2026-09-13 16:04:54,,23,1.51,0.365,23.727
2026-09-13 16:05:16,,23,1.511,0.365,23.756
2026-09-13 16:05:37,,23,1.511,0.365,23.756
2026-09-13 16:05:59,,23,1.511,0.365,23.63
2026-09-13 16:06:21,,23,1.519,0.365,23.645
2026-09-13 16:06:42,,23,1.532,0.365,23.664
2026-09-13 16:07:04,,23,1.534,0.365,23.673
2026-09-13 16:07:25,,23,1.532,0.365,23.678
2026-09-13 16:07:47,,23,1.531,0.365,23.69
2026-09-13 16:08:09,,23,1.513,0.365,23.648
2026-09-13 16:08:30,,23,1.512,0.366,23.723
2026-09-13 16:08:52,,23,1.512,0.365,23.785
2026-09-13 16:09:14,,23,1.51,0.365,23.842
2026-09-13 16:09:35,,23,1.509,0.365,23.853
2026-09-13 16:09:57,,23,1.51,0.365,23.854
2026-09-13 16:10:19,,23,1.51,0.365,23.856
2026-09-13 16:10:40,,23,1.512,0.366,23.839
2026-09-13 16:11:02,,23,1.512,0.366,23.854
2026-09-13 16:11:24,,23,1.512,0.366,23.847
2026-09-13 16:11:45,,23,1.513,0.366,23.838
2026-09-13 16:12:07,,23,1.514,0.366,23.825
2026-09-13 16:12:29,,23,1.514,0.366,23.83
2026-09-13 16:12:50,,23,1.514,0.367,23.884
2026-09-13 16:13:12,,23,1.515,0.367,23.797
2026-09-13 16:13:34,,23,1.516,0.367,23.782
2026-09-13 16:13:55,,23,1.516,0.367,23.784
2026-09-13 16:14:17,,23,1.515,0.365,23.799
2026-09-13 16:14:39,,23,1.523,0.366,23.818
2026-09-13 16:15:01,,23,1.516,0.366,23.843
2026-09-13 16:15:22,,23,1.512,0.366,23.832
2026-09-13 16:15:44,,23,1.512,0.366,23.824
2026-09-13 16:16:06,,23,1.513,0.367,23.805
2026-09-13 16:16:27,,23,1.514,0.367,23.796
2026-09-13 16:16:49,,23,1.515,0.368,23.846
2026-09-13 16:17:11,,23,1.513,0.367,23.866
2026-09-13 16:17:32,,23,1.514,0.367,23.791
2026-09-13 16:17:54,,23,1.511,0.368,23.868
2026-09-13 16:18:16,,23,1.511,0.368,23.87
2026-09-13 16:18:37,,23,1.511,0.368,23.873
2026-09-13 16:18:59,,23,1.511,0.368,23.871
2026-09-13 16:19:20,,23,1.512,0.368,23.852
2026-09-13 16:19:42,,23,1.516,0.369,23.858
2026-09-13 16:20:04,,23,1.525,0.366,23.87
2026-09-13 16:20:25,,23,1.531,0.366,23.878
2026-09-13 16:20:47,,23,1.529,0.366,23.889
2026-09-13 16:21:09,,23,1.526,0.366,23.951
2026-09-13 16:21:30,,23,1.511,0.366,23.925
2026-09-13 16:21:52,,23,1.511,0.366,23.933
2026-09-13 16:22:14,,23,1.513,0.367,23.898
2026-09-13 16:22:35,,23,1.516,0.367,23.955
2026-09-13 16:22:57,,23,1.514,0.367,23.979
2026-09-13 16:23:19,,23,1.515,0.367,23.995
2026-09-13 16:23:40,,23,1.516,0.367,24.01
2026-09-13 16:24:02,,23,1.516,0.367,23.483
2026-09-13 16:24:24,,23,1.515,0.367,23.455
2026-09-13 16:24:45,,23,1.513,0.367,23.463
2026-09-13 16:25:07,,23,1.51,0.367,23.477
2026-09-13 16:25:29,,23,1.509,0.367,23.491
2026-09-13 16:25:50,,23,1.509,0.367,23.55
2026-09-13 16:26:12,,23,1.51,0.367,23.537
2026-09-13 16:26:34,,23,1.51,0.366,23.547
2026-09-13 16:26:56,,23,1.513,0.367,23.592
2026-09-13 16:27:17,,23,1.516,0.367,23.587
2026-09-13 16:27:39,,23,1.526,0.367,23.608
2026-09-13 16:28:01,,23,1.521,0.367,23.633
2026-09-13 16:28:22,,23,1.514,0.367,23.6
2026-09-13 16:28:44,,23,1.515,0.367,23.657
2026-09-13 16:29:06,,23,1.514,0.367,23.656
2026-09-13 16:29:28,,23,1.514,0.367,23.742
2026-09-13 16:29:49,,23,1.515,0.367,23.772
2026-09-13 16:30:11,,23,1.519,0.367,23.729
2026-09-13 16:30:33,,23,1.515,0.367,23.743
2026-09-13 16:30:55,,23,1.516,0.367,23.685
2026-09-13 16:31:16,,23,1.517,0.368,23.697
2026-09-13 16:31:38,,23,1.517,0.368,23.685
2026-09-13 16:32:00,,23,1.516,0.369,23.747
2026-09-13 16:32:22,,23,1.516,0.368,23.745
2026-09-13 16:32:43,,23,1.517,0.368,23.749
2026-09-13 16:33:05,,23,1.527,0.367,23.768
2026-09-13 16:33:27,,23,1.53,0.367,23.74
2026-09-13 16:33:49,,23,1.53,0.367,23.742
2026-09-13 16:34:10,,23,1.527,0.367,23.7
2026-09-13 16:34:32,,23,1.518,0.367,23.633
2026-09-13 16:34:54,,23,1.516,0.367,23.686
2026-09-13 16:35:15,,23,1.518,0.368,23.717
2026-09-13 16:35:37,,23,1.514,0.368,23.733
2026-09-13 16:35:59,,23,1.515,0.369,23.725
2026-09-13 16:36:20,,23,1.515,0.369,23.789
2026-09-13 16:36:42,,23,1.515,0.369,23.721
2026-09-13 16:37:04,,23,1.515,0.369,23.721
2026-09-13 16:37:25,,23,1.515,0.369,23.684
2026-09-13 16:37:47,,23,1.518,0.369,23.745
2026-09-13 16:38:09,,23,1.515,0.369,23.767
2026-09-13 16:38:31,,23,1.517,0.369,23.775
2026-09-13 16:38:52,,23,1.517,0.369,23.784
2026-09-13 16:39:14,,23,1.516,0.368,23.778
2026-09-13 16:39:35,,23,1.521,0.368,23.728
2026-09-13 16:39:57,,23,1.522,0.369,23.781
2026-09-13 16:40:19,,23,1.528,0.369,23.751
2026-09-13 16:40:40,,23,1.537,0.37,23.753
2026-09-13 16:41:02,,23,1.536,0.37,23.714
2026-09-13 16:41:24,,23,1.527,0.369,23.738
2026-09-13 16:41:45,,23,1.516,0.37,23.741
2026-09-13 16:42:07,,23,1.517,0.371,23.78
2026-09-13 16:42:29,,23,1.515,0.372,23.699
2026-09-13 16:42:51,,23,1.518,0.372,23.748
2026-09-13 16:43:12,,23,1.516,0.372,23.745
2026-09-13 16:43:34,,23,1.517,0.372,23.734
2026-09-13 16:43:56,,23,1.519,0.373,23.768
2026-09-13 16:44:17,,23,1.519,0.373,23.759
2026-09-13 16:44:39,,23,1.52,0.373,23.78
2026-09-13 16:45:01,,23,1.52,0.37,23.813
2026-09-13 16:45:22,,23,1.524,0.37,23.815
2026-09-13 16:45:44,,23,1.523,0.371,23.809
2026-09-13 16:46:06,,23,1.524,0.371,23.807
2026-09-13 16:46:27,,23,1.525,0.372,23.84
2026-09-13 16:46:49,,23,1.523,0.372,23.835
2026-09-13 16:47:11,,23,1.527,0.372,23.862
2026-09-13 16:47:32,,23,1.521,0.372,23.865
2026-09-13 16:47:54,,23,1.519,0.372,23.878
2026-09-13 16:48:15,,23,1.517,0.373,23.891
2026-09-13 16:48:37,,23,1.518,0.373,23.894
2026-09-13 16:48:59,,23,1.519,0.373,23.849
2026-09-13 16:49:21,,23,1.52,0.374,23.874
2026-09-13 16:49:42,,23,1.518,0.371,23.894
2026-09-13 16:50:04,,23,1.52,0.371,23.905
2026-09-13 16:50:26,,23,1.519,0.371,23.916
2026-09-13 16:50:48,,23,1.52,0.372,23.982
2026-09-13 16:51:10,,23,1.519,0.372,24.049
2026-09-13 16:51:32,,23,1.519,0.372,24.069
2026-09-13 16:51:53,,23,1.524,0.374,24.119
2026-09-13 16:52:15,,23,1.527,0.373,24.062
2026-09-13 16:52:37,,23,1.534,0.374,23.958
2026-09-13 16:52:59,,23,1.542,0.374,23.952
2026-09-13 16:53:20,,23,1.54,0.375,23.92
2026-09-13 16:53:42,,23,1.523,0.375,23.919
2026-09-13 16:54:04,,23,1.524,0.376,23.935
2026-09-13 16:54:26,,23,1.521,0.372,23.978
2026-09-13 16:54:47,,23,1.521,0.372,23.868
2026-09-13 16:55:09,,23,1.521,0.372,23.904
2026-09-13 16:55:31,,23,1.519,0.372,23.937
2026-09-13 16:55:52,,23,1.517,0.372,23.994
2026-09-13 16:56:14,,23,1.518,0.373,23.999
2026-09-13 16:56:36,,23,1.518,0.374,23.96
2026-09-13 16:56:58,,23,1.519,0.374,23.976
2026-09-13 16:57:19,,23,1.523,0.374,23.978
2026-09-13 16:57:41,,23,1.523,0.375,24.038
2026-09-13 16:58:03,,23,1.53,0.374,24.094
2026-09-13 16:58:24,,23,1.53,0.374,24.071
2026-09-13 16:58:46,,23,1.534,0.375,24.071
2026-09-13 16:59:08,,23,1.531,0.376,24.102
2026-09-13 16:59:29,,23,1.528,0.376,24.01
2026-09-13 16:59:51,,23,1.52,0.372,24.013
2026-09-13 17:00:13,,23,1.523,0.374,24.095
2026-09-13 17:00:35,,23,1.519,0.374,24.077
2026-09-13 17:00:57,,23,1.521,0.375,24.077
2026-09-13 17:01:18,,23,1.521,0.375,24.057
2026-09-13 17:01:40,,23,1.522,0.375,24.039
2026-09-13 17:02:02,,23,1.524,0.376,24.034
2026-09-13 17:02:23,,23,1.526,0.376,24.052
2026-09-13 17:02:45,,23,1.522,0.377,24.069
2026-09-13 17:03:06,,23,1.523,0.377,24.071
2026-09-13 17:03:28,,23,1.523,0.378,23.671
2026-09-13 17:03:50,,23,1.53,0.379,23.658
2026-09-13 17:04:11,,23,1.536,0.379,23.648
2026-09-13 17:04:33,,23,1.543,0.379,23.704
2026-09-13 17:04:55,,23,1.543,0.374,23.627
2026-09-13 17:05:16,,23,1.539,0.375,23.598
2026-09-13 17:05:38,,23,1.522,0.375,23.61
2026-09-13 17:06:00,,23,1.524,0.375,23.639
2026-09-13 17:06:21,,23,1.523,0.377,23.661
2026-09-13 17:06:43,,23,1.526,0.377,23.662
2026-09-13 17:07:04,,23,1.525,0.376,23.734
2026-09-13 17:07:26,,23,1.525,0.377,23.807
2026-09-13 17:07:48,,23,1.526,0.378,23.782
2026-09-13 17:08:10,,23,1.526,0.378,23.72
2026-09-13 17:08:32,,23,1.529,0.38,23.795
2026-09-13 17:08:53,,23,1.533,0.38,23.721
2026-09-13 17:09:15,,23,1.529,0.38,23.713
2026-09-13 17:09:37,,23,1.531,0.381,23.747
2026-09-13 17:09:59,,23,1.527,0.376,23.798
2026-09-13 17:10:20,,23,1.527,0.376,23.803
2026-09-13 17:10:42,,23,1.524,0.376,23.803
2026-09-13 17:11:04,,23,1.526,0.378,23.839
2026-09-13 17:11:26,,23,1.524,0.379,23.788
2026-09-13 17:11:48,,24,1.541,0.38,23.843
2026-09-13 17:12:09,,23,1.527,0.38,23.76
2026-09-13 17:12:31,,23,1.527,0.38,23.758
2026-09-13 17:12:53,,23,1.529,0.381,23.749
2026-09-13 17:13:15,,23,1.528,0.382,23.792
2026-09-13 17:13:36,,23,1.53,0.382,23.818
2026-09-13 17:13:58,,23,1.532,0.382,23.847
2026-09-13 17:14:20,,23,1.525,0.377,23.847
2026-09-13 17:14:41,,23,1.527,0.377,23.845
2026-09-13 17:15:03,,23,1.528,0.377,23.769
2026-09-13 17:15:25,,23,1.533,0.377,23.793
2026-09-13 17:15:47,,23,1.542,0.377,23.794
2026-09-13 17:16:08,,23,1.544,0.377,23.784
2026-09-13 17:16:30,,23,1.542,0.377,23.795
2026-09-13 17:16:52,,23,1.525,0.377,23.805
2026-09-13 17:17:13,,23,1.524,0.377,23.83
2026-09-13 17:17:35,,23,1.523,0.377,23.838
2026-09-13 17:17:57,,23,1.523,0.377,23.864
2026-09-13 17:18:18,,23,1.522,0.377,23.87
2026-09-13 17:18:40,,23,1.523,0.377,23.855
2026-09-13 17:19:02,,23,1.523,0.377,23.842
2026-09-13 17:19:24,,23,1.526,0.377,23.867
2026-09-13 17:19:45,,23,1.524,0.377,23.922
2026-09-13 17:20:07,,23,1.528,0.377,23.935
2026-09-13 17:20:29,,23,1.528,0.377,23.886
2026-09-13 17:20:50,,23,1.53,0.378,23.904
2026-09-13 17:21:12,,23,1.533,0.378,23.905
2026-09-13 17:21:34,,23,1.53,0.378,23.908
2026-09-13 17:21:56,,23,1.527,0.378,23.921
2026-09-13 17:22:17,,23,1.524,0.378,23.935
2026-09-13 17:22:39,,23,1.523,0.378,23.938
2026-09-13 17:23:01,,23,1.524,0.378,23.937
2026-09-13 17:23:22,,23,1.523,0.378,23.97
2026-09-13 17:23:44,,23,1.524,0.378,23.938
2026-09-13 17:24:06,,23,1.527,0.378,23.951
2026-09-13 17:24:27,,23,1.529,0.378,23.957
2026-09-13 17:24:49,,23,1.528,0.378,23.967
2026-09-13 17:25:11,,23,1.526,0.378,23.977
2026-09-13 17:25:33,,23,1.526,0.378,23.996
2026-09-13 17:25:54,,23,1.533,0.378,24.056
2026-09-13 17:26:16,,23,1.54,0.378,24.029
2026-09-13 17:26:38,,23,1.548,0.378,24.035
2026-09-13 17:26:59,,23,1.547,0.378,24.045
2026-09-13 17:27:21,,23,1.539,0.378,24.059
2026-09-13 17:27:43,,23,1.525,0.378,24.011
2026-09-13 17:28:04,,23,1.526,0.378,24.011
2026-09-13 17:28:26,,23,1.527,0.378,24.046
2026-09-13 17:28:48,,23,1.523,0.378,24.042
2026-09-13 17:29:09,,23,1.523,0.378,24.072
2026-09-13 17:29:31,,23,1.524,0.379,24.067
2026-09-13 17:29:53,,23,1.525,0.38,24.107
2026-09-13 17:30:14,,23,1.529,0.38,24.091
2026-09-13 17:30:36,,23,1.533,0.38,24.106
2026-09-13 17:30:58,,23,1.529,0.38,24.164
2026-09-13 17:31:20,,23,1.531,0.38,24.227
2026-09-13 17:31:41,,23,1.532,0.38,24.158
2026-09-13 17:32:03,,23,1.531,0.38,24.185
2026-09-13 17:32:25,,23,1.526,0.38,24.193
2026-09-13 17:32:47,,23,1.53,0.382,23.842
2026-09-13 17:33:08,,23,1.528,0.382,23.823
2026-09-13 17:33:30,,23,1.529,0.382,23.799
2026-09-13 17:33:52,,23,1.529,0.382,23.812
2026-09-13 17:34:13,,23,1.529,0.382,23.728
2026-09-13 17:34:35,,23,1.53,0.382,23.737
2026-09-13 17:34:56,,23,1.531,0.382,23.807
2026-09-13 17:35:18,,23,1.528,0.382,23.829
2026-09-13 17:35:40,,23,1.528,0.382,23.845
2026-09-13 17:36:01,,23,1.531,0.382,23.854
2026-09-13 17:36:23,,23,1.532,0.382,23.763
2026-09-13 17:36:45,,23,1.548,0.382,23.774
2026-09-13 17:37:06,,23,1.552,0.382,23.781
2026-09-13 17:37:28,,23,1.549,0.38,23.779
2026-09-13 17:37:49,,23,1.54,0.38,23.792
2026-09-13 17:38:11,,23,1.527,0.379,23.793
2026-09-13 17:38:33,,23,1.53,0.38,23.803
2026-09-13 17:38:54,,23,1.527,0.38,23.781
2026-09-13 17:39:16,,23,1.527,0.379,23.776
2026-09-13 17:39:37,,23,1.527,0.38,23.755
2026-09-13 17:39:59,,23,1.528,0.38,23.766
2026-09-13 17:40:21,,23,1.53,0.38,23.777
2026-09-13 17:40:42,,23,1.528,0.38,23.791
2026-09-13 17:41:04,,23,1.53,0.38,23.797
2026-09-13 17:41:26,,23,1.527,0.38,23.813
2026-09-13 17:41:47,,23,1.531,0.38,23.858
2026-09-13 17:42:09,,23,1.534,0.379,23.837
2026-09-13 17:42:30,,23,1.538,0.38,23.855
2026-09-13 17:42:52,,23,1.526,0.38,23.861
2026-09-13 17:43:14,,23,1.525,0.379,23.861
2026-09-13 17:43:35,,23,1.525,0.38,23.881
2026-09-13 17:43:57,,23,1.526,0.38,23.902
2026-09-13 17:44:18,,23,1.528,0.379,23.915
2026-09-13 17:44:40,,23,1.533,0.38,23.892
2026-09-13 17:45:02,,23,1.533,0.38,23.803
2026-09-13 17:45:23,,23,1.534,0.38,23.814
2026-09-13 17:45:45,,23,1.539,0.38,23.831
2026-09-13 17:46:06,,23,1.534,0.379,23.844
2026-09-13 17:46:28,,23,1.53,0.38,23.859
2026-09-13 17:46:50,,23,1.527,0.38,23.864
2026-09-13 17:47:11,,23,1.527,0.379,23.865
2026-09-13 17:47:33,,23,1.528,0.38,23.907
2026-09-13 17:47:55,,23,1.528,0.38,23.924
2026-09-13 17:48:16,,23,1.529,0.38,23.874
2026-09-13 17:48:38,,23,1.53,0.38,23.83
2026-09-13 17:49:00,,23,1.53,0.38,23.89
2026-09-13 17:49:21,,23,1.536,0.38,23.848
2026-09-13 17:49:43,,23,1.54,0.38,23.982
2026-09-13 17:50:04,,23,1.541,0.38,23.991
2026-09-13 17:50:26,,23,1.533,0.38,24.01
2026-09-13 17:50:47,,23,1.526,0.38,24.021
2026-09-13 17:51:09,,23,1.526,0.38,24.035
2026-09-13 17:51:30,,23,1.525,0.38,24.068
2026-09-13 17:51:52,,23,1.526,0.38,24.091
2026-09-13 17:52:14,,23,1.531,0.38,24.1
2026-09-13 17:52:35,,23,1.528,0.38,24.061
2026-09-13 17:52:57,,23,1.529,0.38,23.951
2026-09-13 17:53:18,,23,1.53,0.38,24.026
2026-09-13 17:53:40,,23,1.54,0.38,24.007
2026-09-13 17:54:01,,23,1.546,0.38,24.012
2026-09-13 17:54:23,,23,1.545,0.38,24.016
2026-09-13 17:54:44,,23,1.543,0.38,24.056
2026-09-13 17:55:06,,23,1.531,0.38,24.036
2026-09-13 17:55:28,,23,1.527,0.38,24.06
2026-09-13 17:55:49,,23,1.529,0.38,24.13
2026-09-13 17:56:11,,23,1.529,0.38,24.123
2026-09-13 17:56:32,,23,1.529,0.38,24.133
2026-09-13 17:56:54,,23,1.527,0.38,24.145
2026-09-13 17:57:15,,23,1.528,0.38,24.274
2026-09-13 17:57:37,,23,1.525,0.379,24.181
2026-09-13 17:57:58,,23,1.525,0.379,24.18
2026-09-13 17:58:20,,23,1.527,0.379,24.189
2026-09-13 17:58:42,,23,1.532,0.379,24.147
2026-09-13 17:59:03,,23,1.541,0.379,24.173
2026-09-13 17:59:25,,23,1.553,0.379,24.2
2026-09-13 17:59:46,,23,1.551,0.379,24.219
2026-09-13 18:00:08,,23,1.54,0.379,24.207
2026-09-13 18:00:29,,23,1.529,0.379,24.243
2026-09-13 18:00:51,,23,1.53,0.379,24.234
2026-09-13 18:01:12,,23,1.528,0.379,23.824
2026-09-13 18:01:34,,23,1.528,0.379,23.84
2026-09-13 18:01:55,,23,1.528,0.379,23.844
2026-09-13 18:02:17,,23,1.528,0.379,23.805
2026-09-13 18:02:38,,23,1.536,0.379,23.83
2026-09-13 18:03:00,,23,1.531,0.379,23.883
2026-09-13 18:03:22,,23,1.531,0.379,23.893
2026-09-13 18:03:43,,23,1.531,0.379,23.951
2026-09-13 18:04:05,,23,1.537,0.379,23.956
2026-09-13 18:04:26,,23,1.544,0.379,23.933
2026-09-13 18:04:48,,23,1.539,0.379,23.992
2026-09-13 18:05:09,,23,1.526,0.379,24.009
2026-09-13 18:05:31,,23,1.527,0.379,24.025
2026-09-13 18:05:52,,23,1.526,0.379,24.045
2026-09-13 18:06:14,,23,1.526,0.379,24.06
2026-09-13 18:06:36,,23,1.528,0.379,24.03
2026-09-13 18:06:57,,23,1.526,0.379,23.94
2026-09-13 18:07:19,,23,1.528,0.379,23.893
2026-09-13 18:07:40,,23,1.53,0.379,23.914
2026-09-13 18:08:02,,23,1.54,0.379,23.99
2026-09-13 18:08:23,,23,1.548,0.379,24.047
2026-09-13 18:08:45,,23,1.545,0.379,23.982
2026-09-13 18:09:07,,23,1.536,0.379,24.025
2026-09-13 18:09:28,,23,1.527,0.379,23.964
2026-09-13 18:09:50,,23,1.53,0.379,23.989
2026-09-13 18:10:11,,23,1.53,0.379,23.999
2026-09-13 18:10:33,,23,1.527,0.379,24.009
2026-09-13 18:10:55,,23,1.527,0.379,24.008
2026-09-13 18:11:16,,23,1.528,0.379,23.981
2026-09-13 18:11:38,,23,1.529,0.38,23.99
2026-09-13 18:11:59,,23,1.531,0.38,24.003
2026-09-13 18:12:21,,23,1.527,0.38,23.962
2026-09-13 18:12:42,,23,1.527,0.38,24.021
2026-09-13 18:13:04,,23,1.534,0.38,24.025
2026-09-13 18:13:25,,23,1.542,0.38,24.031
2026-09-13 18:13:47,,23,1.538,0.38,24.003
2026-09-13 18:14:08,,23,1.529,0.38,24.007
2026-09-13 18:14:30,,23,1.53,0.38,24.016
2026-09-13 18:14:51,,23,1.528,0.38,23.952
2026-09-13 18:15:13,,23,1.53,0.38,23.904
2026-09-13 18:15:35,,23,1.527,0.38,23.926
2026-09-13 18:15:56,,23,1.527,0.38,23.963
2026-09-13 18:16:18,,23,1.53,0.38,23.921
2026-09-13 18:16:39,,23,1.533,0.38,23.928
2026-09-13 18:17:01,,23,1.548,0.38,23.953
2026-09-13 18:17:22,,23,1.553,0.38,23.971
2026-09-13 18:17:44,,23,1.55,0.38,24.003
2026-09-13 18:18:05,,23,1.542,0.38,24.008
2026-09-13 18:18:27,,23,1.528,0.38,24.017
2026-09-13 18:18:49,,23,1.528,0.38,23.946
2026-09-13 18:19:10,,23,1.526,0.38,23.921
2026-09-13 18:19:32,,23,1.527,0.38,23.922
2026-09-13 18:19:53,,23,1.529,0.38,23.931
2026-09-13 18:20:15,,23,1.529,0.38,23.936
2026-09-13 18:20:36,,23,1.532,0.38,23.981
2026-09-13 18:20:58,,23,1.531,0.38,23.976
2026-09-13 18:21:20,,23,1.532,0.38,23.938
2026-09-13 18:21:41,,23,1.533,0.38,23.947
2026-09-13 18:22:03,,23,1.538,0.38,23.956
2026-09-13 18:22:24,,23,1.541,0.38,23.967
2026-09-13 18:22:46,,23,1.532,0.38,23.977
2026-09-13 18:23:07,,23,1.525,0.38,23.964
2026-09-13 18:23:29,,23,1.526,0.38,23.979
2026-09-13 18:23:50,,23,1.529,0.38,23.985
2026-09-13 18:24:12,,23,1.529,0.38,23.992
2026-09-13 18:24:34,,23,1.534,0.38,24.033
2026-09-13 18:24:55,,23,1.531,0.38,24.017
2026-09-13 18:25:17,,23,1.533,0.38,24.022
2026-09-13 18:25:38,,23,1.539,0.38,24.042
2026-09-13 18:26:00,,23,1.543,0.379,24.055
2026-09-13 18:26:21,,23,1.541,0.379,24.004
2026-09-13 18:26:43,,23,1.525,0.379,24.014
2026-09-13 18:27:04,,23,1.526,0.379,24.017
2026-09-13 18:27:26,,23,1.525,0.379,24.026
2026-09-13 18:27:47,,23,1.526,0.379,23.844
2026-09-13 18:28:09,,23,1.526,0.379,23.657
2026-09-13 18:28:31,,23,1.525,0.379,23.641
2026-09-13 18:28:52,,23,1.526,0.379,23.713
2026-09-13 18:29:14,,23,1.53,0.379,23.706
2026-09-13 18:29:36,,23,1.538,0.379,23.782
2026-09-13 18:29:57,,23,1.544,0.379,23.797
2026-09-13 18:30:19,,23,1.547,0.379,23.737
2026-09-13 18:30:40,,23,1.545,0.379,23.741
2026-09-13 18:31:02,,23,1.533,0.379,23.743
2026-09-13 18:31:23,,23,1.528,0.379,23.748
2026-09-13 18:31:45,,23,1.527,0.379,23.766
2026-09-13 18:32:07,,23,1.527,0.379,23.75
2026-09-13 18:32:28,,23,1.529,0.379,23.755
2026-09-13 18:32:50,,23,1.527,0.379,23.75
2026-09-13 18:33:11,,23,1.525,0.379,23.711
2026-09-13 18:33:33,,23,1.527,0.379,23.706
2026-09-13 18:33:54,,23,1.531,0.379,23.721
2026-09-13 18:34:16,,23,1.533,0.379,23.718
2026-09-13 18:34:37,,23,1.54,0.379,23.743
2026-09-13 18:34:59,,23,1.545,0.379,23.767
2026-09-13 18:35:21,,23,1.534,0.379,23.739
2026-09-13 18:35:42,,23,1.527,0.379,23.756
2026-09-13 18:36:04,,23,1.528,0.379,23.778
2026-09-13 18:36:25,,23,1.526,0.379,23.788
2026-09-13 18:36:47,,23,1.526,0.379,23.84
2026-09-13 18:37:08,,23,1.527,0.379,23.823
2026-09-13 18:37:30,,23,1.527,0.379,23.836
2026-09-13 18:37:51,,23,1.528,0.379,23.85
2026-09-13 18:38:13,,23,1.539,0.379,23.865
2026-09-13 18:38:34,,23,1.544,0.379,23.827
2026-09-13 18:38:56,,23,1.546,0.379,23.815
2026-09-13 18:39:18,,23,1.544,0.379,23.855
2026-09-13 18:39:39,,23,1.533,0.379,23.86
2026-09-13 18:40:01,,23,1.527,0.379,23.837
2026-09-13 18:40:22,,23,1.528,0.379,23.837
2026-09-13 18:40:44,,23,1.527,0.379,23.844
2026-09-13 18:41:06,,23,1.527,0.379,23.846
2026-09-13 18:41:27,,23,1.53,0.379,23.847
2026-09-13 18:41:49,,23,1.534,0.379,23.863
2026-09-13 18:42:10,,23,1.537,0.379,23.871
2026-09-13 18:42:32,,23,1.539,0.379,23.859
2026-09-13 18:42:53,,23,1.542,0.379,23.877
2026-09-13 18:43:15,,23,1.543,0.379,23.92
2026-09-13 18:43:37,,23,1.535,0.379,23.889
2026-09-13 18:43:58,,23,1.528,0.379,23.896
2026-09-13 18:44:20,,23,1.528,0.379,23.902
2026-09-13 18:44:41,,23,1.528,0.379,23.946
2026-09-13 18:45:03,,23,1.53,0.379,23.905
2026-09-13 18:45:24,,23,1.529,0.379,23.919
2026-09-13 18:45:46,,23,1.533,0.379,23.929
2026-09-13 18:46:07,,23,1.538,0.379,23.935
2026-09-13 18:46:29,,23,1.544,0.379,23.952
2026-09-13 18:46:50,,23,1.547,0.379,23.962
2026-09-13 18:47:12,,23,1.549,0.379,23.982
2026-09-13 18:47:34,,23,1.534,0.379,23.989
2026-09-13 18:47:55,,23,1.529,0.379,23.983
2026-09-13 18:48:17,,23,1.528,0.379,23.99
2026-09-13 18:48:38,,23,1.528,0.379,24.01
2026-09-13 18:49:00,,23,1.53,0.379,24.021
2026-09-13 18:49:21,,23,1.528,0.379,24.026
2026-09-13 18:49:43,,23,1.528,0.379,24.067
2026-09-13 18:50:05,,23,1.542,0.379,24.066
2026-09-13 18:50:26,,23,1.543,0.379,24.065
2026-09-13 18:50:48,,23,1.549,0.379,24.083
2026-09-13 18:51:10,,23,1.549,0.379,24.133
2026-09-13 18:51:31,,23,1.537,0.379,24.063
2026-09-13 18:51:53,,23,1.53,0.379,24.135
2026-09-13 18:52:14,,23,1.529,0.379,24.088
2026-09-13 18:52:36,,23,1.528,0.379,24.098
2026-09-13 18:52:57,,23,1.528,0.379,24.089
2026-09-13 18:53:19,,23,1.528,0.379,23.724
2026-09-13 18:53:41,,23,1.531,0.379,23.688
2026-09-13 18:54:02,,23,1.528,0.379,23.718
2026-09-13 18:54:24,,23,1.532,0.379,23.727
2026-09-13 18:54:45,,23,1.537,0.379,23.73
2026-09-13 18:55:07,,23,1.541,0.379,23.734
2026-09-13 18:55:29,,23,1.536,0.379,23.742
2026-09-13 18:55:50,,23,1.528,0.379,23.744
2026-09-13 18:56:12,,23,1.528,0.379,23.749
2026-09-13 18:56:33,,23,1.528,0.379,23.757
2026-09-13 18:56:55,,23,1.53,0.379,23.794
2026-09-13 18:57:17,,23,1.528,0.379,23.765
2026-09-13 18:57:38,,23,1.528,0.379,23.762
2026-09-13 18:58:00,,23,1.536,0.379,23.784
2026-09-13 18:58:21,,23,1.545,0.379,23.797
2026-09-13 18:58:43,,23,1.552,0.379,23.804
2026-09-13 18:59:04,,23,1.551,0.379,23.816
2026-09-13 18:59:26,,23,1.55,0.379,23.81
2026-09-13 18:59:47,,23,1.543,0.379,23.889
2026-09-13 19:00:09,,23,1.531,0.379,23.862
2026-09-13 19:00:31,,23,1.527,0.379,23.861
2026-09-13 19:00:52,,23,1.527,0.379,23.872
2026-09-13 19:01:14,,23,1.529,0.379,23.829
2026-09-13 19:01:35,,23,1.526,0.379,23.851
2026-09-13 19:01:57,,23,1.53,0.379,23.858
2026-09-13 19:02:18,,23,1.532,0.379,23.868
2026-09-13 19:02:40,,23,1.537,0.379,23.884
2026-09-13 19:03:02,,23,1.55,0.379,23.893
2026-09-13 19:03:23,,23,1.55,0.379,23.898
2026-09-13 19:03:45,,23,1.54,0.379,23.909
2026-09-13 19:04:06,,23,1.528,0.379,23.93
2026-09-13 19:04:28,,23,1.53,0.379,23.899
2026-09-13 19:04:49,,23,1.528,0.379,23.906
2026-09-13 19:05:11,,23,1.53,0.379,23.927
2026-09-13 19:05:32,,23,1.529,0.379,23.932
2026-09-13 19:05:54,,23,1.529,0.379,23.953
2026-09-13 19:06:16,,23,1.539,0.379,23.946
2026-09-13 19:06:37,,23,1.545,0.38,23.978
2026-09-13 19:06:59,,23,1.547,0.379,23.953
2026-09-13 19:07:20,,23,1.552,0.379,23.962
2026-09-13 19:07:42,,23,1.553,0.38,23.925
2026-09-13 19:08:03,,23,1.535,0.38,23.939
2026-09-13 19:08:25,,23,1.53,0.38,23.971
2026-09-13 19:08:47,,23,1.529,0.38,23.955
2026-09-13 19:09:08,,23,1.533,0.38,23.977
2026-09-13 19:09:30,,23,1.528,0.38,23.958
2026-09-13 19:09:52,,23,1.531,0.38,24.046
2026-09-13 19:10:13,,23,1.531,0.38,24.036
2026-09-13 19:10:35,,23,1.54,0.38,24.068
2026-09-13 19:10:57,,23,1.546,0.38,24.05
2026-09-13 19:11:18,,23,1.539,0.38,24.061
2026-09-13 19:11:40,,23,1.526,0.38,23.97
2026-09-13 19:12:01,,23,1.529,0.38,23.989
2026-09-13 19:12:23,,23,1.532,0.38,23.984
2026-09-13 19:12:44,,23,1.532,0.38,23.999
2026-09-13 19:13:06,,23,1.53,0.38,24.005
2026-09-13 19:13:27,,23,1.531,0.38,24.02
2026-09-13 19:13:49,,23,1.545,0.38,24.041
2026-09-13 19:14:10,,23,1.548,0.38,24.044
2026-09-13 19:14:32,,23,1.548,0.38,24.054
2026-09-13 19:14:53,,23,1.548,0.38,24.065
2026-09-13 19:15:15,,23,1.556,0.38,24.025
2026-09-13 19:15:37,,23,1.548,0.38,24.033
2026-09-13 19:15:58,,23,1.542,0.38,24.057
2026-09-13 19:16:20,,23,1.538,0.38,24.098
2026-09-13 19:16:41,,23,1.547,0.38,24.073
2026-09-13 19:17:03,,23,1.558,0.38,24.065
2026-09-13 19:17:24,,23,1.556,0.38,23.67
2026-09-13 19:17:46,,23,1.537,0.38,23.658
2026-09-13 19:18:07,,23,1.528,0.38,23.673
2026-09-13 19:18:29,,23,1.526,0.38,23.686
2026-09-13 19:18:51,,23,1.526,0.38,23.698
2026-09-13 19:19:12,,23,1.525,0.38,23.705
2026-09-13 19:19:34,,23,1.532,0.38,23.718
2026-09-13 19:19:55,,23,1.535,0.38,23.763
2026-09-13 19:20:17,,23,1.534,0.38,23.751
2026-09-13 19:20:38,,23,1.537,0.38,23.77
2026-09-13 19:21:00,,23,1.545,0.38,23.761
2026-09-13 19:21:21,,23,1.553,0.38,23.759
2026-09-13 19:21:43,,23,1.535,0.38,23.773
2026-09-13 19:22:04,,23,1.527,0.38,23.787
2026-09-13 19:22:26,,23,1.53,0.38,23.802
2026-09-13 19:22:48,,23,1.526,0.38,23.815
2026-09-13 19:23:09,,23,1.527,0.38,23.782
2026-09-13 19:23:31,,23,1.53,0.38,23.781
2026-09-13 19:23:52,,23,1.539,0.38,23.808
2026-09-13 19:24:14,,23,1.551,0.38,23.825
2026-09-13 19:24:35,,23,1.552,0.38,23.831
2026-09-13 19:24:57,,23,1.549,0.38,23.823
2026-09-13 19:25:18,,23,1.55,0.38,23.822
2026-09-13 19:25:40,,23,1.548,0.38,23.831
2026-09-13 19:26:02,,23,1.54,0.38,23.848
2026-09-13 19:26:23,,23,1.534,0.38,23.863
2026-09-13 19:26:45,,23,1.54,0.38,23.85
2026-09-13 19:27:06,,23,1.555,0.38,23.926
2026-09-13 19:27:28,,23,1.553,0.38,23.939
2026-09-13 19:27:50,,23,1.539,0.38,23.932
2026-09-13 19:28:11,,23,1.529,0.38,23.953
2026-09-13 19:28:33,,23,1.528,0.38,24.032
2026-09-13 19:28:54,,23,1.526,0.38,23.983
2026-09-13 19:29:16,,23,1.525,0.38,23.955
2026-09-13 19:29:37,,23,1.532,0.38,23.988
2026-09-13 19:29:59,,23,1.543,0.38,24.019
2026-09-13 19:30:21,,23,1.544,0.38,24.025
2026-09-13 19:30:42,,23,1.548,0.38,24.028
2026-09-13 19:31:04,,23,1.554,0.38,24.046
2026-09-13 19:31:25,,23,1.556,0.38,24.03
2026-09-13 19:31:47,,23,1.541,0.38,24.081
2026-09-13 19:32:09,,23,1.535,0.38,24.106
2026-09-13 19:32:30,,23,1.531,0.38,24.121
2026-09-13 19:32:52,,23,1.545,0.38,24.142
2026-09-13 19:33:13,,23,1.551,0.38,24.161
2026-09-13 19:33:35,,23,1.547,0.38,24.049
2026-09-13 19:33:57,,23,1.546,0.38,24.048
2026-09-13 19:34:18,,23,1.549,0.38,24.083
2026-09-13 19:34:40,,23,1.546,0.38,24.085
2026-09-13 19:35:02,,23,1.544,0.38,24.137
2026-09-13 19:35:23,,23,1.551,0.38,24.155
2026-09-13 19:35:45,,23,1.559,0.38,24.178
2026-09-13 19:36:06,,23,1.563,0.38,24.177
2026-09-13 19:36:28,,23,1.555,0.38,24.16
2026-09-13 19:36:50,,23,1.546,0.379,24.191
2026-09-13 19:37:11,,23,1.541,0.379,24.183
2026-09-13 19:37:33,,23,1.544,0.379,24.205
2026-09-13 19:37:54,,23,1.547,0.379,24.305
2026-09-13 19:38:16,,23,1.557,0.379,24.225
2026-09-13 19:38:38,,23,1.546,0.379,24.249
2026-09-13 19:38:59,,23,1.532,0.379,24.221
2026-09-13 19:39:21,,23,1.533,0.379,24.24
2026-09-13 19:39:43,,23,1.536,0.379,23.812
2026-09-13 19:40:04,,23,1.534,0.379,23.82
2026-09-13 19:40:26,,23,1.544,0.379,23.862
2026-09-13 19:40:48,,23,1.55,0.379,23.946
2026-09-13 19:41:09,,23,1.554,0.379,23.89
2026-09-13 19:41:31,,23,1.546,0.379,23.887
2026-09-13 19:41:53,,23,1.537,0.379,23.903
2026-09-13 19:42:14,,23,1.528,0.379,23.913
2026-09-13 19:42:36,,23,1.528,0.379,23.938
2026-09-13 19:42:58,,23,1.528,0.379,23.892
2026-09-13 19:43:19,,23,1.53,0.379,23.939
2026-09-13 19:43:41,,23,1.539,0.379,23.955
2026-09-13 19:44:03,,23,1.541,0.379,23.988
2026-09-13 19:44:24,,23,1.543,0.379,23.955
2026-09-13 19:44:46,,23,1.548,0.379,23.99
2026-09-13 19:45:07,,23,1.553,0.379,23.946
2026-09-13 19:45:29,,23,1.557,0.379,23.956
2026-09-13 19:45:51,,23,1.54,0.379,23.88
2026-09-13 19:46:12,,23,1.54,0.379,23.879
2026-09-13 19:46:34,,23,1.538,0.379,23.916
2026-09-13 19:46:55,,23,1.544,0.379,23.935
2026-09-13 19:47:17,,23,1.558,0.379,23.949
2026-09-13 19:47:39,,23,1.558,0.379,23.962
2026-09-13 19:48:00,,23,1.555,0.379,23.995
2026-09-13 19:48:22,,23,1.546,0.379,23.977
2026-09-13 19:48:43,,23,1.533,0.379,23.987
2026-09-13 19:49:05,,23,1.529,0.379,23.99
2026-09-13 19:49:27,,23,1.533,0.379,23.997
2026-09-13 19:49:48,,23,1.541,0.379,24.059
2026-09-13 19:50:10,,23,1.546,0.379,24.051
2026-09-13 19:50:32,,23,1.554,0.379,24.105
2026-09-13 19:50:53,,23,1.557,0.379,24.084
2026-09-13 19:51:15,,23,1.55,0.379,24.101
2026-09-13 19:51:37,,23,1.532,0.379,24.094
2026-09-13 19:51:58,,23,1.525,0.379,24.108
2026-09-13 19:52:20,,23,1.532,0.379,24.13
2026-09-13 19:52:42,,23,1.534,0.379,24.093
2026-09-13 19:53:03,,23,1.556,0.379,24.091
2026-09-13 19:53:25,,23,1.569,0.379,24.098
2026-09-13 19:53:46,,23,1.581,0.379,24.118
2026-09-13 19:54:08,,23,1.588,0.379,24.13
2026-09-13 19:54:30,,23,1.583,0.379,24.15
2026-09-13 19:54:51,,23,1.573,0.379,24.168
2026-09-13 19:55:13,,23,1.56,0.379,24.188
2026-09-13 19:55:34,,23,1.566,0.379,24.208
2026-09-13 19:55:56,,23,1.578,0.379,24.22
2026-09-13 19:56:18,,23,1.59,0.379,24.216
2026-09-13 19:56:39,,23,1.609,0.379,24.267
2026-09-13 19:57:01,,23,1.613,0.379,24.294
2026-09-13 19:57:22,,23,1.617,0.379,24.315
2026-09-13 19:57:44,,23,1.596,0.379,24.347
2026-09-13 19:58:05,,23,1.579,0.379,24.35
2026-09-13 19:58:27,,23,1.568,0.379,24.334
2026-09-13 19:58:48,,23,1.568,0.379,24.399
2026-09-13 19:59:10,,23,1.582,0.379,24.402
2026-09-13 19:59:32,,23,1.598,0.379,24.424
2026-09-13 19:59:53,,23,1.615,0.379,24.399
2026-09-13 20:00:15,,23,1.621,0.379,24.378
2026-09-13 20:00:36,,23,1.623,0.379,23.916
2026-09-13 20:00:58,,23,1.603,0.379,23.937
2026-09-13 20:01:19,,23,1.581,0.379,23.96
2026-09-13 20:01:41,,23,1.575,0.379,23.985
2026-09-13 20:02:02,,23,1.578,0.379,24.067
2026-09-13 20:02:24,,23,1.589,0.379,24.089
2026-09-13 20:02:45,,23,1.603,0.379,24.071
2026-09-13 20:03:07,,23,1.622,0.379,24.098
2026-09-13 20:03:28,,23,1.631,0.379,24.062
2026-09-13 20:03:50,,23,1.625,0.379,24.074
2026-09-13 20:04:12,,23,1.602,0.379,24.074
2026-09-13 20:04:33,,23,1.595,0.379,24.118
2026-09-13 20:04:55,,23,1.581,0.379,24.146
2026-09-13 20:05:16,,23,1.585,0.379,24.162
2026-09-13 20:05:38,,23,1.601,0.379,24.185
2026-09-13 20:05:59,,23,1.62,0.379,24.218
2026-09-13 20:06:21,,23,1.641,0.379,24.247
2026-09-13 20:06:42,,23,1.642,0.379,24.257
2026-09-13 20:07:04,,23,1.631,0.379,24.271
2026-09-13 20:07:25,,23,1.614,0.379,24.292
2026-09-13 20:07:47,,23,1.596,0.379,24.263
2026-09-13 20:08:09,,23,1.588,0.379,24.292
2026-09-13 20:08:30,,23,1.596,0.379,24.335
2026-09-13 20:08:52,,23,1.615,0.38,24.405
2026-09-13 20:09:13,,23,1.632,0.38,24.423
2026-09-13 20:09:35,,23,1.648,0.38,24.419
2026-09-13 20:09:56,,23,1.65,0.38,24.426
2026-09-13 20:10:18,,23,1.632,0.38,24.442
2026-09-13 20:10:39,,23,1.614,0.38,24.413
2026-09-13 20:11:01,,23,1.595,0.38,24.46
2026-09-13 20:11:23,,23,1.587,0.38,24.451
2026-09-13 20:11:44,,23,1.603,0.38,24.458
2026-09-13 20:12:06,,23,1.617,0.38,24.491
2026-09-13 20:12:27,,23,1.631,0.38,24.524
2026-09-13 20:12:49,,23,1.646,0.38,24.493
2026-09-13 20:13:11,,23,1.647,0.38,24.739
2026-09-13 20:13:32,,23,1.635,0.38,24.744
2026-09-13 20:13:54,,23,1.609,0.38,24.753
2026-09-13 20:14:16,,23,1.593,0.38,24.77
2026-09-13 20:14:38,,23,1.582,0.38,24.804
2026-09-13 20:14:59,,23,1.594,0.38,24.343
2026-09-13 20:15:21,,23,1.604,0.38,24.112
2026-09-13 20:15:43,,23,1.624,0.38,24.175
2026-09-13 20:16:05,,23,1.629,0.38,24.179
2026-09-13 20:16:27,,23,1.634,0.38,24.167
2026-09-13 20:16:49,,23,1.621,0.381,24.143
2026-09-13 20:17:10,,23,1.609,0.381,24.183
2026-09-13 20:17:32,,23,1.59,0.381,24.217
2026-09-13 20:17:54,,23,1.587,0.381,24.185
2026-09-13 20:18:15,,23,1.576,0.381,24.241
2026-09-13 20:18:37,,23,1.562,0.381,24.227
2026-09-13 20:18:59,,23,1.557,0.394,24.259
2026-09-13 20:19:21,,23,1.549,0.394,24.306
2026-09-13 20:19:43,,23,1.533,0.394,24.362
2026-09-13 20:20:05,,23,1.534,0.394,24.408
2026-09-13 20:20:27,,23,1.526,0.394,24.459
2026-09-13 20:20:49,,23,1.521,0.394,24.508
2026-09-13 20:21:11,,23,1.508,0.394,24.628
2026-09-13 20:21:33,,23,1.499,0.394,24.703
2026-09-13 20:21:55,,23,1.489,0.394,24.697
2026-09-13 20:22:17,,23,1.486,0.394,24.689
2026-09-13 20:22:39,,23,1.474,0.395,24.682
2026-09-13 20:23:01,,23,1.467,0.394,24.657
2026-09-13 20:23:23,,23,1.472,0.394,24.697
2026-09-13 20:23:45,,23,1.47,0.395,24.686
2026-09-13 20:24:07,,23,1.464,0.395,24.752
2026-09-13 20:24:29,,23,1.461,0.394,24.609
2026-09-13 20:24:51,,23,1.458,0.395,24.666
2026-09-13 20:25:13,,23,1.455,0.394,24.715
2026-09-13 20:25:35,,23,1.435,0.394,24.673
2026-09-13 20:25:58,,23,1.419,0.394,24.718
2026-09-13 20:26:20,,23,1.401,0.393,24.707
2026-09-13 20:26:42,,23,1.383,0.394,24.756
2026-09-13 20:27:04,,23,1.362,0.394,24.74
2026-09-13 20:27:26,,23,1.343,0.393,24.758
2026-09-13 20:27:48,,23,1.319,0.393,24.755
2026-09-13 20:28:10,,23,1.296,0.394,24.813
2026-09-13 20:28:32,,23,1.279,0.394,24.807
2026-09-13 20:28:54,,23,1.258,0.393,24.126
2026-09-13 20:29:16,,23,1.242,0.394,24.141
2026-09-13 20:29:38,,23,1.233,0.394,24.168
2026-09-13 20:30:00,,23,1.237,0.394,24.213
2026-09-13 20:30:22,,23,1.24,0.393,24.226
2026-09-13 20:30:44,,23,1.245,0.394,24.294
2026-09-13 20:31:06,,23,1.248,0.395,24.327
2026-09-13 20:31:28,,23,1.251,0.41,24.293
2026-09-13 20:31:50,,23,1.253,0.422,24.313
2026-09-13 20:32:12,,23,1.263,0.44,24.383
2026-09-13 20:32:34,,23,1.274,0.455,24.369
2026-09-13 20:32:56,,23,1.29,0.471,24.416
2026-09-13 20:33:18,,23,1.263,0.444,24.361
2026-09-13 20:33:40,,23,1.203,0.394,24.408
2026-09-13 20:34:02,,23,1.141,0.394,24.456
2026-09-13 20:34:24,,23,1.089,0.393,24.458
2026-09-13 20:34:46,,23,1.05,0.394,24.443
2026-09-13 20:35:09,,23,1.02,0.394,24.503
2026-09-13 20:35:30,,23,1.02,0.393,24.479
2026-09-13 20:35:52,,23,1.042,0.393,24.512
2026-09-13 20:36:14,,23,1.061,0.394,24.56
2026-09-13 20:36:36,,23,1.068,0.393,24.589
2026-09-13 20:36:58,,23,1.066,0.394,24.631
2026-09-13 20:37:20,,23,1.046,0.393,24.668
2026-09-13 20:37:42,,23,1.017,0.394,24.624
2026-09-13 20:38:04,,23,0.997,0.394,24.661
2026-09-13 20:38:26,,23,0.993,0.393,24.73
2026-09-13 20:38:48,,23,1.011,0.394,24.777
2026-09-13 20:39:10,,23,1.036,0.394,24.741
2026-09-13 20:39:31,,23,1.057,0.394,24.589
2026-09-13 20:39:53,,23,1.065,0.394,24.668
2026-09-13 20:40:15,,23,1.069,0.394,24.738
2026-09-13 20:40:37,,23,1.042,0.393,24.748
2026-09-13 20:40:59,,23,1.018,0.393,24.736
2026-09-13 20:41:21,,23,0.998,0.393,24.78
2026-09-13 20:41:43,,23,1.01,0.393,24.802
2026-09-13 20:42:04,,23,1.038,0.393,23.975
2026-09-13 20:42:26,,23,1.06,0.393,24.051
2026-09-13 20:42:48,,23,1.082,0.393,24.067
2026-09-13 20:43:10,,23,1.09,0.393,24.051
2026-09-13 20:43:32,,23,1.069,0.393,24.089
2026-09-13 20:43:53,,23,1.046,0.393,24.124
2026-09-13 20:44:15,,23,1.029,0.393,24.136
2026-09-13 20:44:37,,23,1.047,0.393,24.13
2026-09-13 20:44:59,,23,1.078,0.393,24.198
2026-09-13 20:45:21,,23,1.109,0.393,24.234
2026-09-13 20:45:42,,23,1.142,0.393,24.211
2026-09-13 20:46:04,,23,1.156,0.393,24.256
2026-09-13 20:46:26,,23,1.155,0.393,24.27
2026-09-13 20:46:48,,23,1.122,0.393,24.359
2026-09-13 20:47:10,,23,1.092,0.393,24.362
2026-09-13 20:47:31,,23,1.083,0.393,24.382
2026-09-13 20:47:53,,23,1.121,0.393,24.434
2026-09-13 20:48:15,,23,1.168,0.393,24.475
2026-09-13 20:48:36,,23,1.218,0.405,24.559
2026-09-13 20:48:58,,23,1.268,0.456,24.612
2026-09-13 20:49:20,,23,1.326,0.515,24.671
2026-09-13 20:49:41,,23,1.379,0.568,24.71
2026-09-13 20:50:03,,23,1.417,0.609,24.782
2026-09-13 20:50:25,,23,1.457,0.648,24.793
2026-09-13 20:50:47,,23,1.515,0.706,24.931
2026-09-13 20:51:08,,23,1.569,0.76,24.99
2026-09-13 20:51:30,,23,1.627,0.818,25.0
2026-09-13 20:51:51,,23,1.689,0.88,25.061
2026-09-13 20:52:13,,23,1.74,0.932,25.12
2026-09-13 20:52:35,,23,1.798,0.989,25.221
2026-09-13 20:52:57,,23,1.856,1.047,25.221
2026-09-13 20:53:18,,23,1.914,1.104,24.839
2026-09-13 20:53:40,,23,1.973,1.164,24.624
2026-09-13 20:54:02,,23,2.03,1.221,24.679
2026-09-13 20:54:23,,23,2.081,1.274,24.759
2026-09-13 20:54:45,,23,2.127,1.318,24.804
2026-09-13 20:55:07,,23,2.17,1.362,24.873
2026-09-13 20:55:28,,23,2.21,1.401,24.924
2026-09-13 20:55:50,,23,2.221,1.414,24.946
2026-09-13 20:56:11,,23,2.164,1.359,25.02
2026-09-13 20:56:33,,23,2.082,1.278,24.991
2026-09-13 20:56:54,,11,8.738,8.098,31.496
2026-09-13 20:57:16,,11,9.503,8.863,32.25
2026-09-13 20:57:37,,11,8.661,8.022,31.47
2026-09-13 20:57:58,,11,8.433,7.793,31.371
2026-09-13 20:58:20,,11,8.432,7.792,31.486
2026-09-13 20:58:41,,11,8.422,7.782,31.639
2026-09-13 20:59:02,,11,8.42,7.781,31.657
2026-09-13 20:59:24,,11,8.257,7.617,31.711
2026-09-13 20:59:45,,11,7.445,6.806,31.253
2026-09-13 21:00:06,earth_surface__benef__search-on,10,0.661,0.393,23.283
2026-09-13 21:00:28,earth_surface__benef__search-on,10,0.664,0.393,23.308
2026-09-13 21:00:49,earth_surface__benef__search-on,10,0.664,0.393,23.266
2026-09-13 21:01:11,earth_surface__benef__search-on,10,4.493,3.855,26.996
2026-09-13 21:01:32,earth_surface__benef__search-on,10,5.419,4.78,27.899
2026-09-13 21:01:53,earth_surface__benef__search-on,8,0.638,0.393,23.03
2026-09-13 21:02:15,earth_surface__benef__search-on,8,0.638,0.393,23.012
2026-09-13 21:02:36,earth_surface__benef__search-on,8,0.638,0.393,23.007
